NationalGridBmUnit,lat,lon,capacity,carrier
IBG-EGEN1,51.46000000000001,0.6530000000000001,0.0,interconnector
IBG-ENGI1,51.46000000000001,0.6530000000000001,0.0,interconnector
IBG-RSQ1,51.46000000000001,0.6530000000000001,0.0,interconnector
IVD-VKL1,52.931,-0.221,0.0,interconnector
IVG-VKL1,52.931,-0.221,0.0,interconnector
BFSE01,52.585,-1.22,50.0,battery
RSCRB-1,distributed,distributed,0.0,demand_flex
AG-HLIM01,51.598,-1.494,60.0,battery
AG-HLIM02,50.852,-1.194,60.0,battery
AG-HLIM03,51.616,-1.99,100.0,battery
AG-HLIM04,51.598,-1.494,100.0,battery
BRGDG-1,53.540993,-0.508006,50.0,fossil
AG-MFLX02,53.398,-1.247,50.0,battery
AG-NHAV02,55.803,-3.781,0.0,fossil
CMSTW-1,58.406935,-3.270129,50.0,onwind
ROTHW-1,57.53,-3.36,0.0,onwind
PAUHW-1,57.451933,-3.458196,65.0,onwind
AG-PFLX01,56.412,-3.423,49.9,battery
NSC-ATL01,57.468,-4.491,0.0,hydro
LCSMH-1,56.829,-5.073,88.0,cascade
KNLCV-1,56.7129,-4.95803,24.0,hydro
CAIRW-2,57.504968,-3.063895,0.0,onwind
MDHLW-1,56.964685,-2.482026,75.9,onwind
TMNCW-1,57.391,-3.9,39.0,onwind
DRAXD-2,53.7358,-0.996389,3960.0,biomass
ABERU-1,53.090486,-1.270137,10.0,fossil
ABRTW-1,58.430482,-4.372559,36.0,onwind
AIRSW-1,55.51487,-3.814161,35.0,onwind
ARNKB-2,51.484,0.344,49.9,battery
ASHWW-1,56.065903,-5.449219,35.0,onwind
ASLVW-1,55.621764,-3.988675,25.0,onwind
BABAW-1,53.983333,-3.283333,52.5,onwind
BARNB-1,53.558,-1.457,40.0,battery
BETHW-1,57.36209,-3.966064,29.0,onwind
BHOLB-1,50.721,-1.998,7.5,battery
BLARW-1,55.564,-5.636,35.0,onwind
BNWKW-1,58.351973,-3.21433,22.5,onwind
BRDUW-1,55.255156,-4.141234,72.0,onwind
BRGG-1,53.442264,-0.32959,0.0,fossil
BRIDU-1,54.086555,-0.203475,0.0,fossil
BRNLW-1,53.487739,-3.19582,7.5,onwind
BROAB-1,51.413,0.33,11.0,battery
BROFB-1,52.074,1.05,50.0,battery
BRYBW-1,57.22303,-4.668919,66.7,onwind
BTUIW-2,57.17555556,-4.789059,118.0,onwind
BTUIW-3,57.17555556,-4.789059,118.0,onwind
BURBW-1,53.484,-3.273,348.0,offwind
BURWB-1,52.279,0.316,50.0,battery
CHAPB-1,51.9266,-0.4963,49.5,battery
CLAC-1,56.277573,-4.918736,40.0,hydro
CLAYB-1,51.552,0.298,99.0,battery
CLAYB-2,51.552,0.298,99.0,battery
CLFLW-1,56.283062,-4.957855,15.0,onwind
CONTB-1,50.95526,-0.162756,34.0,battery
CORB-1,52.247983,-0.86792,350.0,fossil
COWE1,50.373496,-5.064697,140.0,fossil
COWE2,50.373496,-5.064697,140.0,fossil
CROYD-2,51.37644,-0.11637,0.0,fossil
CRSSB-1,53.481,-2.959,20.0,battery
DALSW-1,55.183662,-3.662819,30.0,onwind
DBFRM-1,50.861673,-1.153879,19.5,fossil
DERW-1,52.905812,-1.399444,0.0,fossil
DIDC01G,51.62363,-1.26757,0.0,fossil
DIDC02G,51.62363,-1.26757,0.0,fossil
DIDC03G,51.62363,-1.26757,0.0,fossil
DIDC04G,51.62363,-1.26757,0.0,fossil
FASN3,57.325887,-4.793703,69.0,hydro
FASN-4,57.325887,-4.793703,69.0,hydro
FAWN-1,50.830367,-1.351433,0.0,fossil
FDUNT-1,53.071393,-1.349033,100.0,fossil
FELL-1,50.830367,-1.351433,0.0,fossil
GDSTW-1,57.460944,-2.484139,12.5,onwind
GFLDW-1,53.668356,-0.872421,32.8,onwind
GLCHW-1,54.96342,-4.754334,27.5,onwind
GLOFW-1,57.219608,-2.878418,26.0,onwind
GRGRW-1,55.904,-3.889,36.0,onwind
GYAR-1,52.596375,1.625977,430.0,fossil
HBHDW-1,55.815259,-3.547456,51.7,onwind
HLGLW-1,57.51052,-3.615587,27.6,onwind
HLTWW-1,57.486309,-2.406006,48.0,onwind
HRHLW-1,55.405691,-4.054104,43.0,onwind
HYWDW-1,57.483,-1.35,30.0,offwind
ILMEB-1,51.741,-0.892,49.0,battery
JAMBB-1,56.341,-3.294,49.0,battery
KINCW-1,57.0046,-1.8596,50.0,offwind
KLYN-A-1,52.727256,0.380117,0.0,fossil
LITRB-1,56.104,-3.33,49.5,battery
LNMTH-1,55.20417,-1.52083,420.0,fossil
LNMTH-2,55.20417,-1.52083,420.0,fossil
LNMTH-3,55.20417,-1.52083,420.0,fossil
MANXENR-1,51.74139,0.89694,0.0,load
MARK-1,57.480403,-3.603516,55.0,biomass
MDLWH-1,53.18726,-2.42461,0.0,fossil
MINSW-1,55.040614,-3.47168,36.8,onwind
MOYEW-1,57.390303,-4.064872,66.0,onwind
NEWTB-1,53.138,-1.327,50.0,battery
PETEM1,52.57694,-0.204697,245.0,fossil
PETDG-1,52.575703,-0.2037977,50.0,fossil
PILLB-1,53.796,-0.407,98.0,battery
PILLB-2,53.796,-0.407,98.0,battery
RHEI-4,52.396,-3.9,49.0,hydro
ROOSB-1,54.105,-3.189,49.0,battery
SEVIU-1,51.5877364,-2.9983234,10.0,fossil
SHOS-1,50.882243,-0.252686,0.0,fossil
SKELB-1,53.553,-2.775,50.0,battery
SOLUU-1,50.7459,-1.2664,0.0,fossil
TAYL2G,51.546,-0.2575,140.0,fossil
TAYL3G,51.546,-0.2575,140.0,fossil
TIBG-1,51.459,0.389,0.0,biomass
THMRB-1,51.766,-0.894,49.0,battery
THRNL-1,53.677222222222,-1.6547222222222,40.0,fossil
TOLLB-1,51.735,-0.245,49.5,battery
TULWW-1,56.662265,-2.581787,42.5,onwind
TULWW-2,56.662265,-2.581787,42.5,onwind
VKING-2,54.6067,-1.20268,50.0,fossil
I2D-ALEU1,51.808076923076925,0.8645384615384615,0.0,interconnector
I2D-ALIP1,51.808076923076925,0.8645384615384615,0.0,interconnector
I2D-ARON1,51.808076923076925,0.8645384615384615,0.0,interconnector
I2D-AXPO1,51.808076923076925,0.8645384615384615,0.0,interconnector
I2D-BDEN1,51.808076923076925,0.8645384615384615,0.0,interconnector
I2D-BKWE1,51.808076923076925,0.8645384615384615,0.0,interconnector
I2D-BNPS1,51.808076923076925,0.8645384615384615,0.0,interconnector
I2D-BPGM1,51.808076923076925,0.8645384615384615,0.0,interconnector
I2D-CBST1,51.808076923076925,0.8645384615384615,0.0,interconnector
I2D-CENT1,51.808076923076925,0.8645384615384615,0.0,interconnector
I2D-CETL1,51.808076923076925,0.8645384615384615,0.0,interconnector
I2D-CEZC1,51.808076923076925,0.8645384615384615,0.0,interconnector
I2D-CNGS1,51.808076923076925,0.8645384615384615,0.0,interconnector
I2D-CNRE1,51.808076923076925,0.8645384615384615,0.0,interconnector
I2D-CONS1,51.808076923076925,0.8645384615384615,0.0,interconnector
I2D-CONV1,51.808076923076925,0.8645384615384615,0.0,interconnector
I2D-COPN1,51.808076923076925,0.8645384615384615,0.0,interconnector
I2D-DARE1,51.808076923076925,0.8645384615384615,0.0,interconnector
I2D-DMCC1,51.808076923076925,0.8645384615384615,0.0,interconnector
I2D-DSKC1,51.808076923076925,0.8645384615384615,0.0,interconnector
I2D-DUEN1,51.808076923076925,0.8645384615384615,0.0,interconnector
I2D-DUGE1,51.808076923076925,0.8645384615384615,0.0,interconnector
I2D-DVAL1,51.808076923076925,0.8645384615384615,0.0,interconnector
I2D-EDFT1,51.808076923076925,0.8645384615384615,0.0,interconnector
I2D-EDMK1,51.808076923076925,0.8645384615384615,0.0,interconnector
I2D-ELEE1,51.808076923076925,0.8645384615384615,0.0,interconnector
I2D-ELTR1,51.808076923076925,0.8645384615384615,0.0,interconnector
I2D-ENKI1,51.808076923076925,0.8645384615384615,0.0,interconnector
I2D-ENSC1,51.808076923076925,0.8645384615384615,0.0,interconnector
I2D-ENSP1,51.808076923076925,0.8645384615384615,0.0,interconnector
I2D-ENTC1,51.808076923076925,0.8645384615384615,0.0,interconnector
I2D-EPCO1,51.808076923076925,0.8645384615384615,0.0,interconnector
I2D-EZCO1,51.808076923076925,0.8645384615384615,0.0,interconnector
I2D-GASE1,51.808076923076925,0.8645384615384615,0.0,interconnector
I2D-GAZP1,51.808076923076925,0.8645384615384615,0.0,interconnector
I2D-GLEN1,51.808076923076925,0.8645384615384615,0.0,interconnector
I2D-GRMT1,51.808076923076925,0.8645384615384615,0.0,interconnector
I2D-HART1,51.808076923076925,0.8645384615384615,0.0,interconnector
I2D-HELI1,51.808076923076925,0.8645384615384615,0.0,interconnector
I2D-IBES1,51.808076923076925,0.8645384615384615,0.0,interconnector
I2D-INCM1,51.808076923076925,0.8645384615384615,0.0,interconnector
I2D-MCRA1,51.808076923076925,0.8645384615384615,0.0,interconnector
I2D-MFTE1,51.808076923076925,0.8645384615384615,0.0,interconnector
I2D-MQBN1,51.808076923076925,0.8645384615384615,0.0,interconnector
I2D-NEAS1,51.808076923076925,0.8645384615384615,0.0,interconnector
I2D-NEHO1,51.808076923076925,0.8645384615384615,0.0,interconnector
I2D-NITR1,51.808076923076925,0.8645384615384615,0.0,interconnector
I2D-NORL1,51.808076923076925,0.8645384615384615,0.0,interconnector
I2D-NTPL1,51.808076923076925,0.8645384615384615,0.0,interconnector
I2D-NVAL1,51.808076923076925,0.8645384615384615,0.0,interconnector
I2D-OMPX1,51.808076923076925,0.8645384615384615,0.0,interconnector
I2D-OPMX1,51.808076923076925,0.8645384615384615,0.0,interconnector
I2D-OUTL1,51.808076923076925,0.8645384615384615,0.0,interconnector
I2D-PLAN1,51.808076923076925,0.8645384615384615,0.0,interconnector
I2D-PREP1,51.808076923076925,0.8645384615384615,0.0,interconnector
I2D-PWMR1,51.808076923076925,0.8645384615384615,0.0,interconnector
I2D-QUAR1,51.808076923076925,0.8645384615384615,0.0,interconnector
I2D-QUEN1,51.808076923076925,0.8645384615384615,0.0,interconnector
I2D-RESP1,51.808076923076925,0.8645384615384615,0.0,interconnector
I2D-RISQ1,51.808076923076925,0.8645384615384615,0.0,interconnector
I2D-RWES1,51.808076923076925,0.8645384615384615,0.0,interconnector
I2D-SETL1,51.808076923076925,0.8645384615384615,0.0,interconnector
I2D-SSEG1,51.808076923076925,0.8645384615384615,0.0,interconnector
I2D-STAT1,51.808076923076925,0.8645384615384615,0.0,interconnector
I2D-TGPL1,51.808076923076925,0.8645384615384615,0.0,interconnector
I2D-TRFD1,51.808076923076925,0.8645384615384615,0.0,interconnector
I2D-TRFG1,51.808076923076925,0.8645384615384615,0.0,interconnector
I2D-TRLS1,51.808076923076925,0.8645384615384615,0.0,interconnector
I2D-VOLT1,51.808076923076925,0.8645384615384615,0.0,interconnector
I2D-VSAL1,51.808076923076925,0.8645384615384615,0.0,interconnector
I2D-VTET1,51.808076923076925,0.8645384615384615,0.0,interconnector
I2D-XNON1,51.808076923076925,0.8645384615384615,0.0,interconnector
I2G-ALEU1,51.808076923076925,0.8645384615384615,0.0,interconnector
I2G-ALIP1,51.808076923076925,0.8645384615384615,0.0,interconnector
I2G-ARON1,51.808076923076925,0.8645384615384615,0.0,interconnector
I2G-AXPO1,51.808076923076925,0.8645384615384615,0.0,interconnector
I2G-BDEN1,51.808076923076925,0.8645384615384615,0.0,interconnector
I2G-BKWE1,51.808076923076925,0.8645384615384615,0.0,interconnector
I2G-BNPS1,51.808076923076925,0.8645384615384615,0.0,interconnector
I2G-BPGM1,51.808076923076925,0.8645384615384615,0.0,interconnector
I2G-CBST1,51.808076923076925,0.8645384615384615,0.0,interconnector
I2G-CENT1,51.808076923076925,0.8645384615384615,0.0,interconnector
I2G-CETL1,51.808076923076925,0.8645384615384615,0.0,interconnector
I2G-CEZC1,51.808076923076925,0.8645384615384615,0.0,interconnector
I2G-CNGS1,51.808076923076925,0.8645384615384615,0.0,interconnector
I2G-CNRE1,51.808076923076925,0.8645384615384615,0.0,interconnector
I2G-CONS1,51.808076923076925,0.8645384615384615,0.0,interconnector
I2G-CONV1,51.808076923076925,0.8645384615384615,0.0,interconnector
I2G-COPN1,51.808076923076925,0.8645384615384615,0.0,interconnector
I2G-DARE1,51.808076923076925,0.8645384615384615,0.0,interconnector
I2G-DMCC1,51.808076923076925,0.8645384615384615,0.0,interconnector
I2G-DSKC1,51.808076923076925,0.8645384615384615,0.0,interconnector
I2G-DUEN1,51.808076923076925,0.8645384615384615,0.0,interconnector
I2G-DUGE1,51.808076923076925,0.8645384615384615,0.0,interconnector
I2G-DVAL1,51.808076923076925,0.8645384615384615,0.0,interconnector
I2G-EDFT1,51.808076923076925,0.8645384615384615,0.0,interconnector
I2G-EDMK1,51.808076923076925,0.8645384615384615,0.0,interconnector
I2G-ELEE1,51.808076923076925,0.8645384615384615,0.0,interconnector
I2G-ELTR1,51.808076923076925,0.8645384615384615,0.0,interconnector
I2G-ENKI1,51.808076923076925,0.8645384615384615,0.0,interconnector
I2G-ENSC1,51.808076923076925,0.8645384615384615,0.0,interconnector
I2G-ENSP1,51.808076923076925,0.8645384615384615,0.0,interconnector
I2G-ENTC1,51.808076923076925,0.8645384615384615,0.0,interconnector
I2G-EPCO1,51.808076923076925,0.8645384615384615,0.0,interconnector
I2G-EZCO1,51.808076923076925,0.8645384615384615,0.0,interconnector
I2G-GASE1,51.808076923076925,0.8645384615384615,0.0,interconnector
I2G-GAZP1,51.808076923076925,0.8645384615384615,0.0,interconnector
I2G-GLEN1,51.808076923076925,0.8645384615384615,0.0,interconnector
I2G-GRMT1,51.808076923076925,0.8645384615384615,0.0,interconnector
I2G-HART1,51.808076923076925,0.8645384615384615,0.0,interconnector
I2G-HELI1,51.808076923076925,0.8645384615384615,0.0,interconnector
I2G-IBES1,51.808076923076925,0.8645384615384615,0.0,interconnector
I2G-INCM1,51.808076923076925,0.8645384615384615,0.0,interconnector
I2G-MCRA1,51.808076923076925,0.8645384615384615,0.0,interconnector
I2G-MFTE1,51.808076923076925,0.8645384615384615,0.0,interconnector
I2G-MQBN1,51.808076923076925,0.8645384615384615,0.0,interconnector
I2G-NEAS1,51.808076923076925,0.8645384615384615,0.0,interconnector
I2G-NEHO1,51.808076923076925,0.8645384615384615,0.0,interconnector
I2G-NITR1,51.808076923076925,0.8645384615384615,0.0,interconnector
I2G-NORL1,51.808076923076925,0.8645384615384615,0.0,interconnector
I2G-NTPL1,51.808076923076925,0.8645384615384615,0.0,interconnector
I2G-NVAL1,51.808076923076925,0.8645384615384615,0.0,interconnector
I2G-OMPX1,51.808076923076925,0.8645384615384615,0.0,interconnector
I2G-OPMX1,51.808076923076925,0.8645384615384615,0.0,interconnector
I2G-OUTL1,51.808076923076925,0.8645384615384615,0.0,interconnector
I2G-PLAN1,51.808076923076925,0.8645384615384615,0.0,interconnector
I2G-PREP1,51.808076923076925,0.8645384615384615,0.0,interconnector
I2G-PWMR1,51.808076923076925,0.8645384615384615,0.0,interconnector
I2G-QUAR1,51.808076923076925,0.8645384615384615,0.0,interconnector
I2G-QUEN1,51.808076923076925,0.8645384615384615,0.0,interconnector
I2G-RESP1,51.808076923076925,0.8645384615384615,0.0,interconnector
I2G-RISQ1,51.808076923076925,0.8645384615384615,0.0,interconnector
I2G-RWES1,51.808076923076925,0.8645384615384615,0.0,interconnector
I2G-SETL1,51.808076923076925,0.8645384615384615,0.0,interconnector
I2G-SSEG1,51.808076923076925,0.8645384615384615,0.0,interconnector
I2G-STAT1,51.808076923076925,0.8645384615384615,0.0,interconnector
I2G-TGPL1,51.808076923076925,0.8645384615384615,0.0,interconnector
I2G-TRFD1,51.808076923076925,0.8645384615384615,0.0,interconnector
I2G-TRFG1,51.808076923076925,0.8645384615384615,0.0,interconnector
I2G-TRLS1,51.808076923076925,0.8645384615384615,0.0,interconnector
I2G-VOLT1,51.808076923076925,0.8645384615384615,0.0,interconnector
I2G-VSAL1,51.808076923076925,0.8645384615384615,0.0,interconnector
I2G-VTET1,51.808076923076925,0.8645384615384615,0.0,interconnector
I2G-XNON1,51.808076923076925,0.8645384615384615,0.0,interconnector
IBD-DARE1,51.46,0.653,0.0,interconnector
IBG-ALIP1,51.46000000000001,0.6530000000000001,0.0,interconnector
IBG-ALPE1,51.46000000000001,0.6530000000000001,0.0,interconnector
IBG-BDEN1,51.46000000000001,0.6530000000000001,0.0,interconnector
IBG-BKWE1,51.46000000000001,0.6530000000000001,0.0,interconnector
IBG-BPGE1,51.46000000000001,0.6530000000000001,0.0,interconnector
IBG-BRTN1,51.46000000000001,0.6530000000000001,0.0,interconnector
IBG-CACM1,51.46000000000001,0.6530000000000001,0.0,interconnector
IBG-CBST1,51.46000000000001,0.6530000000000001,0.0,interconnector
IBG-CENT1,51.46000000000001,0.6530000000000001,0.0,interconnector
IBG-CETA1,51.46000000000001,0.6530000000000001,0.0,interconnector
IBG-CEZC1,51.46000000000001,0.6530000000000001,0.0,interconnector
IBG-CGML1,51.46000000000001,0.6530000000000001,0.0,interconnector
IBG-CNGS1,51.46000000000001,0.6530000000000001,0.0,interconnector
IBG-CONS1,51.46000000000001,0.6530000000000001,0.0,interconnector
IBG-CONV1,51.46000000000001,0.6530000000000001,0.0,interconnector
IBG-COPN1,51.46000000000001,0.6530000000000001,0.0,interconnector
IBG-DARE1,51.46000000000001,0.6530000000000001,0.0,interconnector
IBG-DMCC1,51.46000000000001,0.6530000000000001,0.0,interconnector
IBG-DNGN1,51.46000000000001,0.6530000000000001,0.0,interconnector
IBG-DSKC1,51.46000000000001,0.6530000000000001,0.0,interconnector
IBG-DUFE1,51.46000000000001,0.6530000000000001,0.0,interconnector
IBG-DVAL1,51.46000000000001,0.6530000000000001,0.0,interconnector
IBG-EDFT1,51.46000000000001,0.6530000000000001,0.0,interconnector
IBG-EDMK1,51.46000000000001,0.6530000000000001,0.0,interconnector
IBG-EGLE1,51.46000000000001,0.6530000000000001,0.0,interconnector
IBG-ELEE1,51.46000000000001,0.6530000000000001,0.0,interconnector
IBG-ELTR1,51.46000000000001,0.6530000000000001,0.0,interconnector
IBG-ENEL1,51.46000000000001,0.6530000000000001,0.0,interconnector
IBG-ENET1,51.46000000000001,0.6530000000000001,0.0,interconnector
IBG-ENGM1,51.46000000000001,0.6530000000000001,0.0,interconnector
IBG-ENSP1,51.46000000000001,0.6530000000000001,0.0,interconnector
IBG-ENTC1,51.46000000000001,0.6530000000000001,0.0,interconnector
IBG-EOET1,51.46000000000001,0.6530000000000001,0.0,interconnector
IBG-EPCO1,51.46000000000001,0.6530000000000001,0.0,interconnector
IBG-ERVA1,51.46000000000001,0.6530000000000001,0.0,interconnector
IBG-EZCO1,51.46000000000001,0.6530000000000001,0.0,interconnector
IBG-FPCD1,51.46000000000001,0.6530000000000001,0.0,interconnector
IBG-GAZP1,51.46000000000001,0.6530000000000001,0.0,interconnector
IBG-GLEN1,51.46000000000001,0.6530000000000001,0.0,interconnector
IBG-HART1,51.46000000000001,0.6530000000000001,0.0,interconnector
IBG-HELI1,51.46000000000001,0.6530000000000001,0.0,interconnector
IBG-IBES1,51.46000000000001,0.6530000000000001,0.0,interconnector
IBG-IDCE1,51.46000000000001,0.6530000000000001,0.0,interconnector
IBG-INCM1,51.46000000000001,0.6530000000000001,0.0,interconnector
IBG-KCST1,51.46000000000001,0.6530000000000001,0.0,interconnector
IBG-LTFD1,51.46000000000001,0.6530000000000001,0.0,interconnector
IBG-MCRA1,51.46000000000001,0.6530000000000001,0.0,interconnector
IBG-MFTE1,51.46000000000001,0.6530000000000001,0.0,interconnector
IBG-MONL1,51.46000000000001,0.6530000000000001,0.0,interconnector
IBG-NEAS1,51.46000000000001,0.6530000000000001,0.0,interconnector
IBG-NITR1,51.46000000000001,0.6530000000000001,0.0,interconnector
IBG-NORL1,51.46000000000001,0.6530000000000001,0.0,interconnector
IBG-NTPL1,51.46000000000001,0.6530000000000001,0.0,interconnector
IBG-OMPX1,51.46000000000001,0.6530000000000001,0.0,interconnector
IBG-OPMX1,51.46000000000001,0.6530000000000001,0.0,interconnector
IBG-OUTL1,51.46000000000001,0.6530000000000001,0.0,interconnector
IBG-PETC1,51.46000000000001,0.6530000000000001,0.0,interconnector
IBG-PTRS1,51.46000000000001,0.6530000000000001,0.0,interconnector
IBG-PWMR1,51.46000000000001,0.6530000000000001,0.0,interconnector
IBG-PZEM1,51.46000000000001,0.6530000000000001,0.0,interconnector
IBG-QUAR1,51.46000000000001,0.6530000000000001,0.0,interconnector
IBG-QUEN1,51.46000000000001,0.6530000000000001,0.0,interconnector
IBG-RESP1,51.46000000000001,0.6530000000000001,0.0,interconnector
IBG-RWES1,51.46000000000001,0.6530000000000001,0.0,interconnector
IBG-SETL1,51.46000000000001,0.6530000000000001,0.0,interconnector
IBG-SSEG1,51.46000000000001,0.6530000000000001,0.0,interconnector
IBG-STAT1,51.46000000000001,0.6530000000000001,0.0,interconnector
IBG-TGPL1,51.46000000000001,0.6530000000000001,0.0,interconnector
IBG-TRFD1,51.46000000000001,0.6530000000000001,0.0,interconnector
IBG-TRFG1,51.46000000000001,0.6530000000000001,0.0,interconnector
IBG-TRLS1,51.46000000000001,0.6530000000000001,0.0,interconnector
IBG-VETR1,51.46000000000001,0.6530000000000001,0.0,interconnector
IBG-VOLT1,51.46000000000001,0.6530000000000001,0.0,interconnector
IBG-VSAL1,51.46000000000001,0.6530000000000001,0.0,interconnector
IBG-XNON1,51.46000000000001,0.6530000000000001,0.0,interconnector
IED-ELEC1,51.59477777777778,-0.0017444444444444,0.0,interconnector
IED-EWIC1,51.59477777777778,-0.0017444444444444,0.0,interconnector
IED-IFA2,51.59477777777778,-0.0017444444444444,0.0,interconnector
IED-MOYL1,51.59477777777778,-0.0017444444444444,0.0,interconnector
IED-VKL1,51.59477777777778,-0.0017444444444444,0.0,interconnector
IEG-ELEC1,51.59477777777778,-0.0017444444444444,0.0,interconnector
IEG-EWIC1,51.59477777777778,-0.0017444444444444,0.0,interconnector
IEG-IFA2,51.59477777777778,-0.0017444444444444,0.0,interconnector
IEG-MOYL1,51.59477777777778,-0.0017444444444444,0.0,interconnector
IEG-VKL1,51.59477777777778,-0.0017444444444444,0.0,interconnector
IFD-ACCE1,51.105,0.9734000000000004,0.0,interconnector
IFD-ALEU1,51.105,0.9734000000000004,0.0,interconnector
IFD-ALIP1,51.105,0.9734000000000004,0.0,interconnector
IFD-ARON1,51.105,0.9734000000000004,0.0,interconnector
IFD-BDEN1,51.105,0.9734000000000004,0.0,interconnector
IFD-BKWE1,51.105,0.9734000000000004,0.0,interconnector
IFD-BNPS1,51.105,0.9734000000000004,0.0,interconnector
IFD-BPGE1,51.105,0.9734000000000004,0.0,interconnector
IFD-CBST1,51.105,0.9734000000000004,0.0,interconnector
IFD-CETL1,51.105,0.9734000000000004,0.0,interconnector
IFD-CEZC1,51.105,0.9734000000000004,0.0,interconnector
IFD-CGML1,51.105,0.9734000000000004,0.0,interconnector
IFD-CNGS1,51.105,0.9734000000000004,0.0,interconnector
IFD-CNRE1,51.105,0.9734000000000004,0.0,interconnector
IFD-CONS1,51.105,0.9734000000000004,0.0,interconnector
IFD-CONV1,51.105,0.9734000000000004,0.0,interconnector
IFD-COPN1,51.105,0.9734000000000004,0.0,interconnector
IFD-DARE1,51.105,0.9734000000000004,0.0,interconnector
IFD-DMCC1,51.105,0.9734000000000004,0.0,interconnector
IFD-DNGN1,51.105,0.9734000000000004,0.0,interconnector
IFD-DSKC1,51.105,0.9734000000000004,0.0,interconnector
IFD-DUEN1,51.105,0.9734000000000004,0.0,interconnector
IFD-DUFE1,51.105,0.9734000000000004,0.0,interconnector
IFD-DVAL1,51.105,0.9734000000000004,0.0,interconnector
IFD-ECCA1,51.105,0.9734000000000004,0.0,interconnector
IFD-EDFT1,51.105,0.9734000000000004,0.0,interconnector
IFD-EDMK1,51.105,0.9734000000000004,0.0,interconnector
IFD-EGLE1,51.105,0.9734000000000004,0.0,interconnector
IFD-ELEE1,51.105,0.9734000000000004,0.0,interconnector
IFD-ELTR1,51.105,0.9734000000000004,0.0,interconnector
IFD-ENEL1,51.105,0.9734000000000004,0.0,interconnector
IFD-ENET1,51.105,0.9734000000000004,0.0,interconnector
IFD-ENKI1,51.105,0.9734000000000004,0.0,interconnector
IFD-ENSC1,51.105,0.9734000000000004,0.0,interconnector
IFD-ENSP1,51.105,0.9734000000000004,0.0,interconnector
IFD-ENTC1,51.105,0.9734000000000004,0.0,interconnector
IFD-ENVM1,51.105,0.9734000000000004,0.0,interconnector
IFD-EOET1,51.105,0.9734000000000004,0.0,interconnector
IFD-EPCO1,51.105,0.9734000000000004,0.0,interconnector
IFD-ERVA1,51.105,0.9734000000000004,0.0,interconnector
IFD-EZCO1,51.105,0.9734000000000004,0.0,interconnector
IFD-FPCD1,51.105,0.9734000000000004,0.0,interconnector
IFD-GASE1,51.105,0.9734000000000004,0.0,interconnector
IFD-GAZP1,51.105,0.9734000000000004,0.0,interconnector
IFD-GDFE1,51.105,0.9734000000000004,0.0,interconnector
IFD-GLEN1,51.105,0.9734000000000004,0.0,interconnector
IFD-GRMT1,51.105,0.9734000000000004,0.0,interconnector
IFD-HART1,51.105,0.9734000000000004,0.0,interconnector
IFD-HELI1,51.105,0.9734000000000004,0.0,interconnector
IFD-IBES1,51.105,0.9734000000000004,0.0,interconnector
IFD-INCM1,51.105,0.9734000000000004,0.0,interconnector
IFD-KCST1,51.105,0.9734000000000004,0.0,interconnector
IFD-LTFD1,51.105,0.9734000000000004,0.0,interconnector
IFD-MCRA1,51.105,0.9734000000000004,0.0,interconnector
IFD-MFTE1,51.105,0.9734000000000004,0.0,interconnector
IFD-MQBN1,51.105,0.9734000000000004,0.0,interconnector
IFD-NEAS1,51.105,0.9734000000000004,0.0,interconnector
IFD-NEHO1,51.105,0.9734000000000004,0.0,interconnector
IFD-NITR1,51.105,0.9734000000000004,0.0,interconnector
IFD-NORL1,51.105,0.9734000000000004,0.0,interconnector
IFD-NTPL1,51.105,0.9734000000000004,0.0,interconnector
IFD-NVAL1,51.105,0.9734000000000004,0.0,interconnector
IFD-OMPX1,51.105,0.9734000000000004,0.0,interconnector
IFD-OPMX1,51.105,0.9734000000000004,0.0,interconnector
IFD-OUTL1,51.105,0.9734000000000004,0.0,interconnector
IFD-PLAN1,51.105,0.9734000000000004,0.0,interconnector
IFD-PTRS1,51.105,0.9734000000000004,0.0,interconnector
IFD-PWMR1,51.105,0.9734000000000004,0.0,interconnector
IFD-QUAR1,51.105,0.9734000000000004,0.0,interconnector
IFD-QUEN1,51.105,0.9734000000000004,0.0,interconnector
IFD-RESP1,51.105,0.9734000000000004,0.0,interconnector
IFD-RISQ1,51.105,0.9734000000000004,0.0,interconnector
IFD-RWES1,51.105,0.9734000000000004,0.0,interconnector
IFD-SETL1,51.105,0.9734000000000004,0.0,interconnector
IFD-SSEG1,51.105,0.9734000000000004,0.0,interconnector
IFD-STAT1,51.105,0.9734000000000004,0.0,interconnector
IFD-TFEE1,51.105,0.9734000000000004,0.0,interconnector
IFD-TRFD1,51.105,0.9734000000000004,0.0,interconnector
IFD-TRFG1,51.105,0.9734000000000004,0.0,interconnector
IFD-TRLS1,51.105,0.9734000000000004,0.0,interconnector
IFD-VOLT1,51.105,0.9734000000000004,0.0,interconnector
IFD-VSAL1,51.105,0.9734000000000004,0.0,interconnector
IFD-VTFS1,51.105,0.9734000000000004,0.0,interconnector
IFD-XNON1,51.105,0.9734000000000004,0.0,interconnector
IFG-ACCE1,51.105,0.9734000000000004,0.0,interconnector
IFG-ALEU1,51.105,0.9734000000000004,0.0,interconnector
IFG-ALIP1,51.105,0.9734000000000004,0.0,interconnector
IFG-ARON1,51.105,0.9734000000000004,0.0,interconnector
IFG-BDEN1,51.105,0.9734000000000004,0.0,interconnector
IFG-BKWE1,51.105,0.9734000000000004,0.0,interconnector
IFG-BNPS1,51.105,0.9734000000000004,0.0,interconnector
IFG-BPGE1,51.105,0.9734000000000004,0.0,interconnector
IFG-CBST1,51.105,0.9734000000000004,0.0,interconnector
IFG-CETL1,51.105,0.9734000000000004,0.0,interconnector
IFG-CEZC1,51.105,0.9734000000000004,0.0,interconnector
IFG-CGML1,51.105,0.9734000000000004,0.0,interconnector
IFG-CNGS1,51.105,0.9734000000000004,0.0,interconnector
IFG-CNRE1,51.105,0.9734000000000004,0.0,interconnector
IFG-CONS1,51.105,0.9734000000000004,0.0,interconnector
IFG-CONV1,51.105,0.9734000000000004,0.0,interconnector
IFG-COPN1,51.105,0.9734000000000004,0.0,interconnector
IFG-DARE1,51.105,0.9734000000000004,0.0,interconnector
IFG-DMCC1,51.105,0.9734000000000004,0.0,interconnector
IFG-DNGN1,51.105,0.9734000000000004,0.0,interconnector
IFG-DSKC1,51.105,0.9734000000000004,0.0,interconnector
IFG-DUEN1,51.105,0.9734000000000004,0.0,interconnector
IFG-DUFE1,51.105,0.9734000000000004,0.0,interconnector
IFG-DVAL1,51.105,0.9734000000000004,0.0,interconnector
IFG-ECCA1,51.105,0.9734000000000004,0.0,interconnector
IFG-EDFT1,51.105,0.9734000000000004,0.0,interconnector
IFG-EDMK1,51.105,0.9734000000000004,0.0,interconnector
IFG-EGLE1,51.105,0.9734000000000004,0.0,interconnector
IFG-ELEE1,51.105,0.9734000000000004,0.0,interconnector
IFG-ELTR1,51.105,0.9734000000000004,0.0,interconnector
IFG-ENEL1,51.105,0.9734000000000004,0.0,interconnector
IFG-ENET1,51.105,0.9734000000000004,0.0,interconnector
IFG-ENKI1,51.105,0.9734000000000004,0.0,interconnector
IFG-ENSC1,51.105,0.9734000000000004,0.0,interconnector
IFG-ENSP1,51.105,0.9734000000000004,0.0,interconnector
IFG-ENTC1,51.105,0.9734000000000004,0.0,interconnector
IFG-ENVM1,51.105,0.9734000000000004,0.0,interconnector
IFG-EOET1,51.105,0.9734000000000004,0.0,interconnector
IFG-EPCO1,51.105,0.9734000000000004,0.0,interconnector
IFG-ERVA1,51.105,0.9734000000000004,0.0,interconnector
IFG-EZCO1,51.105,0.9734000000000004,0.0,interconnector
IFG-FPCD1,51.105,0.9734000000000004,0.0,interconnector
IFG-GASE1,51.105,0.9734000000000004,0.0,interconnector
IFG-GAZP1,51.105,0.9734000000000004,0.0,interconnector
IFG-GDFE1,51.105,0.9734000000000004,0.0,interconnector
IFG-GLEN1,51.105,0.9734000000000004,0.0,interconnector
IFG-GRMT1,51.105,0.9734000000000004,0.0,interconnector
IFG-HART1,51.105,0.9734000000000004,0.0,interconnector
IFG-HELI1,51.105,0.9734000000000004,0.0,interconnector
IFG-IBES1,51.105,0.9734000000000004,0.0,interconnector
IFG-INCM1,51.105,0.9734000000000004,0.0,interconnector
IFG-KCST1,51.105,0.9734000000000004,0.0,interconnector
IFG-LTFD1,51.105,0.9734000000000004,0.0,interconnector
IFG-MCRA1,51.105,0.9734000000000004,0.0,interconnector
IFG-MFTE1,51.105,0.9734000000000004,0.0,interconnector
IFG-MQBN1,51.105,0.9734000000000004,0.0,interconnector
IFG-NEAS1,51.105,0.9734000000000004,0.0,interconnector
IFG-NEHO1,51.105,0.9734000000000004,0.0,interconnector
IFG-NITR1,51.105,0.9734000000000004,0.0,interconnector
IFG-NORL1,51.105,0.9734000000000004,0.0,interconnector
IFG-NTPL1,51.105,0.9734000000000004,0.0,interconnector
IFG-NVAL1,51.105,0.9734000000000004,0.0,interconnector
IFG-OMPX1,51.105,0.9734000000000004,0.0,interconnector
IFG-OPMX1,51.105,0.9734000000000004,0.0,interconnector
IFG-OUTL1,51.105,0.9734000000000004,0.0,interconnector
IFG-PLAN1,51.105,0.9734000000000004,0.0,interconnector
IFG-PTRS1,51.105,0.9734000000000004,0.0,interconnector
IFG-PWMR1,51.105,0.9734000000000004,0.0,interconnector
IFG-QUAR1,51.105,0.9734000000000004,0.0,interconnector
IFG-QUEN1,51.105,0.9734000000000004,0.0,interconnector
IFG-RESP1,51.105,0.9734000000000004,0.0,interconnector
IFG-RISQ1,51.105,0.9734000000000004,0.0,interconnector
IFG-RWES1,51.105,0.9734000000000004,0.0,interconnector
IFG-SETL1,51.105,0.9734000000000004,0.0,interconnector
IFG-SSEG1,51.105,0.9734000000000004,0.0,interconnector
IFG-STAT1,51.105,0.9734000000000004,0.0,interconnector
IFG-TFEE1,51.105,0.9734000000000004,0.0,interconnector
IFG-TRFD1,51.105,0.9734000000000004,0.0,interconnector
IFG-TRFG1,51.105,0.9734000000000004,0.0,interconnector
IFG-TRLS1,51.105,0.9734000000000004,0.0,interconnector
IFG-VOLT1,51.105,0.9734000000000004,0.0,interconnector
IFG-VSAL1,51.105,0.9734000000000004,0.0,interconnector
IFG-VTFS1,51.105,0.9734000000000004,0.0,interconnector
IFG-XNON1,51.105,0.9734000000000004,0.0,interconnector
ILD-ARON1,51.59477777777778,-0.0017444444444444,0.0,interconnector
ILD-BKWE1,51.59477777777778,-0.0017444444444444,0.0,interconnector
ILD-BPGM1,51.59477777777778,-0.0017444444444444,0.0,interconnector
ILD-CBST1,51.59477777777778,-0.0017444444444444,0.0,interconnector
ILD-CENT1,51.59477777777778,-0.0017444444444444,0.0,interconnector
ILD-CETL1,51.59477777777778,-0.0017444444444444,0.0,interconnector
ILD-CEZC1,51.59477777777778,-0.0017444444444444,0.0,interconnector
ILD-CONS1,51.59477777777778,-0.0017444444444444,0.0,interconnector
ILD-COPN1,51.59477777777778,-0.0017444444444444,0.0,interconnector
ILD-DARE1,51.59477777777778,-0.0017444444444444,0.0,interconnector
ILD-DMCC1,51.59477777777778,-0.0017444444444444,0.0,interconnector
ILD-DSKC1,51.59477777777778,-0.0017444444444444,0.0,interconnector
ILD-DUEN1,51.59477777777778,-0.0017444444444444,0.0,interconnector
ILD-DUFE1,51.59477777777778,-0.0017444444444444,0.0,interconnector
ILD-DVAL1,51.59477777777778,-0.0017444444444444,0.0,interconnector
ILD-EDFT1,51.59477777777778,-0.0017444444444444,0.0,interconnector
ILD-EDMK1,51.59477777777778,-0.0017444444444444,0.0,interconnector
ILD-ELTR1,51.59477777777778,-0.0017444444444444,0.0,interconnector
ILD-ENGM1,51.59477777777778,-0.0017444444444444,0.0,interconnector
ILD-ENSC1,51.59477777777778,-0.0017444444444444,0.0,interconnector
ILD-ENTC1,51.59477777777778,-0.0017444444444444,0.0,interconnector
ILD-EPCO1,51.59477777777778,-0.0017444444444444,0.0,interconnector
ILD-GLEN1,51.59477777777778,-0.0017444444444444,0.0,interconnector
ILD-HART1,51.59477777777778,-0.0017444444444444,0.0,interconnector
ILD-INCM1,51.59477777777778,-0.0017444444444444,0.0,interconnector
ILD-MCRA1,51.59477777777778,-0.0017444444444444,0.0,interconnector
ILD-MFTE1,51.59477777777778,-0.0017444444444444,0.0,interconnector
ILD-NEAS1,51.59477777777778,-0.0017444444444444,0.0,interconnector
ILD-NEHO1,51.59477777777778,-0.0017444444444444,0.0,interconnector
ILD-NITR1,51.59477777777778,-0.0017444444444444,0.0,interconnector
ILD-NORL1,51.59477777777778,-0.0017444444444444,0.0,interconnector
ILD-NTPL1,51.59477777777778,-0.0017444444444444,0.0,interconnector
ILD-NWAT1,51.59477777777778,-0.0017444444444444,0.0,interconnector
ILD-OPMX1,51.59477777777778,-0.0017444444444444,0.0,interconnector
ILD-OUTL1,51.59477777777778,-0.0017444444444444,0.0,interconnector
ILD-PREP1,51.59477777777778,-0.0017444444444444,0.0,interconnector
ILD-PWMR1,51.59477777777778,-0.0017444444444444,0.0,interconnector
ILD-QUAR1,51.59477777777778,-0.0017444444444444,0.0,interconnector
ILD-RESP1,51.59477777777778,-0.0017444444444444,0.0,interconnector
ILD-RISQ1,51.59477777777778,-0.0017444444444444,0.0,interconnector
ILD-RWES1,51.59477777777778,-0.0017444444444444,0.0,interconnector
ILD-SEFE1,51.59477777777778,-0.0017444444444444,0.0,interconnector
ILD-SETL1,51.59477777777778,-0.0017444444444444,0.0,interconnector
ILD-TGPL1,51.59477777777778,-0.0017444444444444,0.0,interconnector
ILD-TRFD1,51.59477777777778,-0.0017444444444444,0.0,interconnector
ILD-TRFG1,51.59477777777778,-0.0017444444444444,0.0,interconnector
ILD-TRLS1,51.59477777777778,-0.0017444444444444,0.0,interconnector
ILD-VOLT1,51.59477777777778,-0.0017444444444444,0.0,interconnector
ILD-VSAL1,51.59477777777778,-0.0017444444444444,0.0,interconnector
ILD-VTFS1,51.59477777777778,-0.0017444444444444,0.0,interconnector
ILD-XNON1,51.59477777777778,-0.0017444444444444,0.0,interconnector
ILG-ARON1,51.59477777777778,-0.0017444444444444,0.0,interconnector
ILG-BKWE1,51.59477777777778,-0.0017444444444444,0.0,interconnector
ILG-BPGM1,51.59477777777778,-0.0017444444444444,0.0,interconnector
ILG-CBST1,51.59477777777778,-0.0017444444444444,0.0,interconnector
ILG-CENT1,51.59477777777778,-0.0017444444444444,0.0,interconnector
ILG-CETL1,51.59477777777778,-0.0017444444444444,0.0,interconnector
ILG-CEZC1,51.59477777777778,-0.0017444444444444,0.0,interconnector
ILG-CONS1,51.59477777777778,-0.0017444444444444,0.0,interconnector
ILG-COPN1,51.59477777777778,-0.0017444444444444,0.0,interconnector
ILG-DARE1,51.59477777777778,-0.0017444444444444,0.0,interconnector
ILG-DMCC1,51.59477777777778,-0.0017444444444444,0.0,interconnector
ILG-DSKC1,51.59477777777778,-0.0017444444444444,0.0,interconnector
ILG-DUEN1,51.59477777777778,-0.0017444444444444,0.0,interconnector
ILG-DUFE1,51.59477777777778,-0.0017444444444444,0.0,interconnector
ILG-DVAL1,51.59477777777778,-0.0017444444444444,0.0,interconnector
ILG-EDFT1,51.59477777777778,-0.0017444444444444,0.0,interconnector
ILG-EDMK1,51.59477777777778,-0.0017444444444444,0.0,interconnector
ILG-ELTR1,51.59477777777778,-0.0017444444444444,0.0,interconnector
ILG-ENGM1,51.59477777777778,-0.0017444444444444,0.0,interconnector
ILG-ENSC1,51.59477777777778,-0.0017444444444444,0.0,interconnector
ILG-ENTC1,51.59477777777778,-0.0017444444444444,0.0,interconnector
ILG-EPCO1,51.59477777777778,-0.0017444444444444,0.0,interconnector
ILG-EZCO1,51.59477777777778,-0.0017444444444444,0.0,interconnector
ILG-GLEN1,51.59477777777778,-0.0017444444444444,0.0,interconnector
ILG-HART1,51.59477777777778,-0.0017444444444444,0.0,interconnector
ILG-HELI1,51.59477777777778,-0.0017444444444444,0.0,interconnector
ILG-INCM1,51.59477777777778,-0.0017444444444444,0.0,interconnector
ILG-MCRA1,51.59477777777778,-0.0017444444444444,0.0,interconnector
ILG-MFTE1,51.59477777777778,-0.0017444444444444,0.0,interconnector
ILG-NEAS1,51.59477777777778,-0.0017444444444444,0.0,interconnector
ILG-NEHO1,51.59477777777778,-0.0017444444444444,0.0,interconnector
ILG-NITR1,51.59477777777778,-0.0017444444444444,0.0,interconnector
ILG-NORL1,51.59477777777778,-0.0017444444444444,0.0,interconnector
ILG-NTPL1,51.59477777777778,-0.0017444444444444,0.0,interconnector
ILG-NWAT1,51.59477777777778,-0.0017444444444444,0.0,interconnector
ILG-OPMX1,51.59477777777778,-0.0017444444444444,0.0,interconnector
ILG-OUTL1,51.59477777777778,-0.0017444444444444,0.0,interconnector
ILG-PREP1,51.59477777777778,-0.0017444444444444,0.0,interconnector
ILG-PWMR1,51.59477777777778,-0.0017444444444444,0.0,interconnector
ILG-QUAR1,51.59477777777778,-0.0017444444444444,0.0,interconnector
ILG-RESP1,51.59477777777778,-0.0017444444444444,0.0,interconnector
ILG-RISQ1,51.59477777777778,-0.0017444444444444,0.0,interconnector
ILG-RWES1,51.59477777777778,-0.0017444444444444,0.0,interconnector
ILG-SEFE1,51.59477777777778,-0.0017444444444444,0.0,interconnector
ILG-SETL1,51.59477777777778,-0.0017444444444444,0.0,interconnector
ILG-TGPL1,51.59477777777778,-0.0017444444444444,0.0,interconnector
ILG-TRFD1,51.59477777777778,-0.0017444444444444,0.0,interconnector
ILG-TRFG1,51.59477777777778,-0.0017444444444444,0.0,interconnector
ILG-TRLS1,51.59477777777778,-0.0017444444444444,0.0,interconnector
ILG-VOLT1,51.59477777777778,-0.0017444444444444,0.0,interconnector
ILG-VSAL1,51.59477777777778,-0.0017444444444444,0.0,interconnector
ILG-VTFS1,51.59477777777778,-0.0017444444444444,0.0,interconnector
ILG-XNON1,51.59477777777778,-0.0017444444444444,0.0,interconnector
ING-ALIP1,51.808076923076925,0.8645384615384615,0.0,interconnector
ING-ALPE1,51.808076923076925,0.8645384615384615,0.0,interconnector
ING-ARON1,51.808076923076925,0.8645384615384615,0.0,interconnector
ING-AXPO1,51.808076923076925,0.8645384615384615,0.0,interconnector
ING-BDEN1,51.808076923076925,0.8645384615384615,0.0,interconnector
ING-BKWE1,51.808076923076925,0.8645384615384615,0.0,interconnector
ING-BPGM1,51.808076923076925,0.8645384615384615,0.0,interconnector
ING-CBST1,51.808076923076925,0.8645384615384615,0.0,interconnector
ING-CENT1,51.808076923076925,0.8645384615384615,0.0,interconnector
ING-CEZC1,51.808076923076925,0.8645384615384615,0.0,interconnector
ING-CNGS1,51.808076923076925,0.8645384615384615,0.0,interconnector
ING-CONS1,51.808076923076925,0.8645384615384615,0.0,interconnector
ING-CONV1,51.808076923076925,0.8645384615384615,0.0,interconnector
ING-COPN1,51.808076923076925,0.8645384615384615,0.0,interconnector
ING-DARE1,51.808076923076925,0.8645384615384615,0.0,interconnector
ING-DMCC1,51.808076923076925,0.8645384615384615,0.0,interconnector
ING-DSKC1,51.808076923076925,0.8645384615384615,0.0,interconnector
ING-DUFE1,51.808076923076925,0.8645384615384615,0.0,interconnector
ING-DVAL1,51.808076923076925,0.8645384615384615,0.0,interconnector
ING-EDFT1,51.808076923076925,0.8645384615384615,0.0,interconnector
ING-EDMK1,51.808076923076925,0.8645384615384615,0.0,interconnector
ING-ELEE1,51.808076923076925,0.8645384615384615,0.0,interconnector
ING-ELTR1,51.808076923076925,0.8645384615384615,0.0,interconnector
ING-ENET1,51.808076923076925,0.8645384615384615,0.0,interconnector
ING-ENTC1,51.808076923076925,0.8645384615384615,0.0,interconnector
ING-EPCO1,51.808076923076925,0.8645384615384615,0.0,interconnector
ING-GASE1,51.808076923076925,0.8645384615384615,0.0,interconnector
ING-GAZP1,51.808076923076925,0.8645384615384615,0.0,interconnector
ING-GLEN1,51.808076923076925,0.8645384615384615,0.0,interconnector
ING-HELI1,51.808076923076925,0.8645384615384615,0.0,interconnector
ING-IDCE1,51.808076923076925,0.8645384615384615,0.0,interconnector
ING-INCM1,51.808076923076925,0.8645384615384615,0.0,interconnector
ING-KCST1,51.808076923076925,0.8645384615384615,0.0,interconnector
ING-LMUS1,51.808076923076925,0.8645384615384615,0.0,interconnector
ING-MCRA1,51.808076923076925,0.8645384615384615,0.0,interconnector
ING-MFTE1,51.808076923076925,0.8645384615384615,0.0,interconnector
ING-NEAS1,51.808076923076925,0.8645384615384615,0.0,interconnector
ING-NEHO1,51.808076923076925,0.8645384615384615,0.0,interconnector
ING-NEMO1,51.808076923076925,0.8645384615384615,0.0,interconnector
ING-NITR1,51.808076923076925,0.8645384615384615,0.0,interconnector
ING-NORL1,51.808076923076925,0.8645384615384615,0.0,interconnector
ING-NTPL1,51.808076923076925,0.8645384615384615,0.0,interconnector
ING-OMPX1,51.808076923076925,0.8645384615384615,0.0,interconnector
ING-OPMX1,51.808076923076925,0.8645384615384615,0.0,interconnector
ING-OUTL1,51.808076923076925,0.8645384615384615,0.0,interconnector
ING-PWMR1,51.808076923076925,0.8645384615384615,0.0,interconnector
ING-QUEN1,51.808076923076925,0.8645384615384615,0.0,interconnector
ING-RESP1,51.808076923076925,0.8645384615384615,0.0,interconnector
ING-RISQ1,51.808076923076925,0.8645384615384615,0.0,interconnector
ING-RWES1,51.808076923076925,0.8645384615384615,0.0,interconnector
ING-SETL1,51.808076923076925,0.8645384615384615,0.0,interconnector
ING-SSEG1,51.808076923076925,0.8645384615384615,0.0,interconnector
ING-STAT1,51.808076923076925,0.8645384615384615,0.0,interconnector
ING-TGPL1,51.808076923076925,0.8645384615384615,0.0,interconnector
ING-TRFD1,51.808076923076925,0.8645384615384615,0.0,interconnector
ING-TRFG1,51.808076923076925,0.8645384615384615,0.0,interconnector
ING-TRLS1,51.808076923076925,0.8645384615384615,0.0,interconnector
ING-VOLT1,51.808076923076925,0.8645384615384615,0.0,interconnector
ING-VSAL1,51.808076923076925,0.8645384615384615,0.0,interconnector
ING-VTET1,51.808076923076925,0.8645384615384615,0.0,interconnector
ING-XNON1,51.808076923076925,0.8645384615384615,0.0,interconnector
ISD-DMCC1,55.144,-1.521,0.0,interconnector
ISD-NDPL1,55.144,-1.521,0.0,interconnector
ISG-DMCC1,55.144,-1.521,0.0,interconnector
ISG-NDPL1,55.144,-1.521,0.0,interconnector
IVD-ALIP1,52.931,-0.221,0.0,interconnector
IVD-BDEN1,52.931,-0.221,0.0,interconnector
IVD-CACM1,52.931,-0.221,0.0,interconnector
IVD-COPN1,52.931,-0.221,0.0,interconnector
IVD-DSKC1,52.931,-0.221,0.0,interconnector
IVD-DVAL1,52.931,-0.221,0.0,interconnector
IVD-EDMK1,52.931,-0.221,0.0,interconnector
IVD-EENG1,52.931,-0.221,0.0,interconnector
IVD-ELTR1,52.931,-0.221,0.0,interconnector
IVD-ENSC1,52.931,-0.221,0.0,interconnector
IVD-EZCO1,52.931,-0.221,0.0,interconnector
IVD-HART1,52.931,-0.221,0.0,interconnector
IVD-INCM1,52.931,-0.221,0.0,interconnector
IVD-MFTE1,52.931,-0.221,0.0,interconnector
IVD-NEAS1,52.931,-0.221,0.0,interconnector
IVD-NEHO1,52.931,-0.221,0.0,interconnector
IVD-NITR1,52.931,-0.221,0.0,interconnector
IVD-NORL1,52.931,-0.221,0.0,interconnector
IVD-NTPL1,52.931,-0.221,0.0,interconnector
IVD-OPMX1,52.931,-0.221,0.0,interconnector
IVD-PWMR1,52.931,-0.221,0.0,interconnector
IVD-QUEN1,52.931,-0.221,0.0,interconnector
IVD-RESP1,52.931,-0.221,0.0,interconnector
IVD-RWES1,52.931,-0.221,0.0,interconnector
IVD-TGPL1,52.931,-0.221,0.0,interconnector
IVD-TRLS1,52.931,-0.221,0.0,interconnector
IVD-VSAL1,52.931,-0.221,0.0,interconnector
IVD-VTFS1,52.931,-0.221,0.0,interconnector
IVG-ALIP1,52.931,-0.221,0.0,interconnector
IVG-BDEN1,52.931,-0.221,0.0,interconnector
IVG-CACM1,52.931,-0.221,0.0,interconnector
IVG-COPN1,52.931,-0.221,0.0,interconnector
IVG-DSKC1,52.931,-0.221,0.0,interconnector
IVG-DVAL1,52.931,-0.221,0.0,interconnector
IVG-EDMK1,52.931,-0.221,0.0,interconnector
IVG-EENG1,52.931,-0.221,0.0,interconnector
IVG-ELTR1,52.931,-0.221,0.0,interconnector
IVG-ENSC1,52.931,-0.221,0.0,interconnector
IVG-EZCO1,52.931,-0.221,0.0,interconnector
IVG-HART1,52.931,-0.221,0.0,interconnector
IVG-INCM1,52.931,-0.221,0.0,interconnector
IVG-MFTE1,52.931,-0.221,0.0,interconnector
IVG-NEAS1,52.931,-0.221,0.0,interconnector
IVG-NEHO1,52.931,-0.221,0.0,interconnector
IVG-NITR1,52.931,-0.221,0.0,interconnector
IVG-NORL1,52.931,-0.221,0.0,interconnector
IVG-NTPL1,52.931,-0.221,0.0,interconnector
IVG-OPMX1,52.931,-0.221,0.0,interconnector
IVG-PWMR1,52.931,-0.221,0.0,interconnector
IVG-QUEN1,52.931,-0.221,0.0,interconnector
IVG-RESP1,52.931,-0.221,0.0,interconnector
IVG-RWES1,52.931,-0.221,0.0,interconnector
IVG-TGPL1,52.931,-0.221,0.0,interconnector
IVG-TRLS1,52.931,-0.221,0.0,interconnector
IVG-VSAL1,52.931,-0.221,0.0,interconnector
IVG-VTFS1,52.931,-0.221,0.0,interconnector
CAS-BEU01,57.444705,-4.552586,0.0,cascade
CAS-CLU01,56.716948,-3.778355,0.0,cascade
CAS-CON01,57.619203,-4.830066,0.0,cascade
CAS-GAR01,57.066143,-5.289194,0.0,cascade
CAS-KIL01,56.470679,-4.307751,0.0,cascade
CAS-MOR01,57.144936,-4.962463,0.0,cascade
SLOY-1,56.200593,-4.735107,152.5,hydro
SLOY-4,56.200593,-4.735107,152.5,hydro
RHAMD-1,53.452,-1.319,0.0,load
ACHRW-1,55.923317,-2.492993,42.6,onwind
AFTOW-1,55.312,-4.165,50.0,onwind
AKGLW-2,54.970896,-4.713441,0.0,onwind
AKGLW-3,54.970896,-4.713441,0.0,onwind
ANSUW-1,55.14121,-4.63623,19.3,onwind
ARCHW-1,55.222814,-4.825652,120.0,onwind
BEATO-1,58.13,-3.07,588.0,offwind
BEATO-3,58.13,-3.07,588.0,offwind
BEATO-4,58.13,-3.07,588.0,offwind
BEINW-1,58.077876,-4.42749,108.8,onwind
BHLAW-1,55.117955,-4.033976,108.0,onwind
BLKWW-1,55.590763,-3.482666,52.9,onwind
BLLA-1,55.131,-1.401,188.0,offwind
BLLA-2,55.131,-1.401,188.0,offwind
BOWLW-1,55.683779,-5.537109,90.0,offwind
BRBEO-1,53.484,-3.273,348.0,offwind
BURWS-1,52.283,0.302,49.8,solar
BUSTB-1,52.549,-2.02,49.9,battery
CARR-1,53.455349,-2.504883,884.0,fossil
CARR-2,53.455349,-2.504883,884.0,fossil
CASKD-1,distributed,distributed,0.0,demand_flex
CDCL-1,53.219191,-0.86792,445.0,fossil
CGTHW-1,57.190085,-4.359638,69.5,onwind
CNQPS-1,53.231871,-3.080651,1380.0,fossil
CNQPS-2,53.231871,-3.080651,1380.0,fossil
CNQPS-3,53.231871,-3.080651,1380.0,fossil
CNQPS-4,53.231871,-3.080651,1380.0,fossil
COSO-1,51.542919,0.834961,0.0,fossil
COUWW-1,55.680679,-5.484929,20.5,onwind
COWB-1,51.709925,-1.189058,52.0,battery
CREAW-1,58.21,-4.504,72.6,onwind
CRGHW-1,56.389584,-4.790039,46.0,onwind
CRMLW-1,57.694245,-4.838531,54.4,onwind
CRUA-1,53.080827,-3.966064,440.0,PHS
CRUA-2,53.080827,-3.966064,440.0,PHS
CRUA-3,53.080827,-3.966064,440.0,PHS
CRUA-4,53.080827,-3.966064,440.0,PHS
CRYRW-2,55.893796,-2.39502,200.5,onwind
CRYRW-3,55.893796,-2.39502,200.5,onwind
CUMHW-1,55.567,-3.991,126.0,onwind
DALQW-1,55.585,-3.89,42.0,onwind
DAMC-1,51.460852,0.549316,0.0,fossil
DBAWO-1,54.7489,1.9301,1200.0,offwind
DBAWO-2,54.7489,1.9301,1200.0,offwind
DBAWO-3,54.7489,1.9301,1200.0,offwind
DBAWO-4,54.7489,1.9301,1200.0,offwind
DBAWO-5,54.7489,1.9301,1200.0,offwind
DDGNO-1,53.249,1.39,402.0,offwind
DDGNO-2,53.249,1.39,402.0,offwind
DDGNO-3,53.249,1.39,402.0,offwind
DDGNO-4,53.249,1.39,402.0,offwind
DIDCB5,51.62363,-1.26757,1440.0,fossil
DIDCB6,51.62363,-1.26757,1440.0,fossil
DINO-1,53.008173,-3.977051,1764.0,PHS
DINO-6,53.008173,-3.977051,1764.0,PHS
DNGBD-1,50.9134,0.95976,1120.0,nuclear
DNGB21,54.686534,-1.098633,1120.0,nuclear
DNGB22,54.686534,-1.098633,1120.0,nuclear
DNLWW-1,55.776573,-2.296143,29.8,onwind
DOREW-1,57.448,-2.795,177.0,onwind
DOREW-2,57.448,-2.795,177.0,onwind
DOUGW-1,55.593,-3.888,45.0,onwind
DRAXX-1,53.748711,-0.626221,3960.0,biomass
DRAXX-2,53.748711,-0.626221,3960.0,biomass
DRAXX-3,53.748711,-0.626221,3960.0,biomass
DRAXX-4,53.748711,-0.626221,3960.0,biomass
DRAXX-5,53.748711,-0.626221,3960.0,biomass
DRAXX-6,53.748711,-0.626221,3960.0,biomass
DRSLW-1,55.311291,-4.484173,69.0,onwind
EAAO-1,52.66,2.3,714.0,offwind
EAAO-2,52.66,2.3,714.0,offwind
EECL-1,51.662337,-0.022763,408.0,fossil
ERRO-1,56.734649,-3.790283,75.0,hydro
ERRO-2,56.734649,-3.790283,75.0,hydro
ERRO-3,56.734649,-3.790283,75.0,hydro
EWHLW-1,55.228662,-3.205105,51.0,onwind
FALGW-1,55.936895,-2.768555,144.0,onwind
FAARW-1,57.325,-4.094167,92.0,onwind
FAARW-2,57.325,-4.094167,92.0,onwind
FASN-1,57.325887,-4.793703,69.0,hydro
FASN2,57.325887,-4.793703,69.0,hydro
FFES-1,57.237449,-4.361572,360.0,PHS
FFES-3,57.237449,-4.361572,360.0,PHS
FFES-4,57.237449,-4.361572,360.0,PHS
FINL-1,56.279961,-3.614502,16.5,hydro
FOYE-1,56.34286,-5.393722,300.0,PHS
FOYE-2,56.34286,-5.393722,300.0,PHS
FOYED-1,57.262111111111,-4.4835277777778,300.0,PHS
GAOFO-1,51.893,2.035,353.0,offwind
GAOFO-3,51.893,2.035,353.0,offwind
GAOFO-2,51.893,2.035,353.0,offwind
GAOFO-4,51.893,2.035,353.0,offwind
GLNDO-1,57.15412,-5.174561,100.0,hydro
GLNKW-1,57.25,-4.241,48.5,onwind
GLWSW-1,55.534273,-3.921928,66.0,onwind
GNAPW-1,55.021378,-5.026858,22.0,onwind
GNFSW-1,51.739444,1.174444,172.0,offwind
GNFSW-2,51.739444,1.174444,172.0,offwind
GORDW-1,58.066256,-3.834229,109.75,onwind
GORDW-2,58.066256,-3.834229,109.75,onwind
GRAI-6,51.47454,0.703125,1378.0,fossil
GRAI-7,51.47454,0.703125,1378.0,fossil
GRAI-8,51.47454,0.703125,1378.0,fossil
GRAI1G,51.443055555556,0.70805555555556,1378.0,fossil
GRAI4G,51.443055555556,0.70805555555556,1378.0,fossil
GRIFW-1,56.529199,-3.394775,156.4,onwind
GRIFW-2,56.529199,-3.394775,156.4,onwind
GRMO-1,55.930741,-3.032227,0.0,fossil
GYMRO-15,53.459,-3.584,576.0,offwind
GYMRO-17,53.459,-3.584,576.0,offwind
GYMRO-26,53.459,-3.584,576.0,offwind
GYMRO-28,53.459,-3.584,576.0,offwind
HALSW-1,58.456,-3.425,34.0,onwind
HEYM11,51.138001,-3.317871,1150.0,nuclear
HEYM12,51.138001,-3.317871,1150.0,nuclear
HEYM2D-1,54.0273,-2.91504,1250.0,nuclear
HEYM27,51.138001,-3.317871,1250.0,nuclear
HEYM28,51.138001,-3.317871,1250.0,nuclear
HINB-7,55.646599,-4.822998,1250.0,nuclear
HINB-8,55.646599,-4.822998,1250.0,nuclear
HINBD-1,51.2088898,-3.1280887,1250.0,nuclear
HMGTO-1,53.644,0.293,219.0,offwind
HMGTO-2,53.644,0.293,219.0,offwind
HOWAO-1,53.885,1.791,1218.0,offwind
HOWAO-2,53.885,1.791,1218.0,offwind
HOWAO-3,53.885,1.791,1218.0,offwind
HOWBO-1,53.91,1.5518,1386.0,offwind
HOWBO-2,53.91,1.5518,1386.0,offwind
HOWBO-3,53.91,1.5518,1386.0,offwind
HRSTW-1,55.229023,-3.636475,136.0,onwind
HRTL-1,54.02888889,-2.916111111,1185.0,nuclear
HRTL-2,54.02888889,-2.916111111,1185.0,nuclear
HUMR-1,53.165426,-2.405816,1180.0,fossil
HUNBD-1,55.7221,-4.89009,965.0,nuclear
INDQ-1,51.418947,0.602702,140.0,fossil
KEAD-1,53.585984,-0.494385,735.0,fossil
KEAD-2,53.5952,-0.7522,893.0,fossil
KEADGT-3,53.585984,-0.494385,735.0,fossil
KENNW-1,55.49,-3.916,62.0,onwind
KILBW-1,58.0395,-4.0564,67.5,onwind
KILLPG-1,53.65952,-0.25511,600.0,fossil
KILLPG-2,53.65952,-0.25511,600.0,fossil
KLGLW-1,55.05,-4.76528,239.0,onwind
KPMRW-1,55.679,-4.069,88.4,onwind
KTHLW-1,55.817272,-2.825456,4.5,onwind
KYPEW-1,55.629,-4.063,88.4,onwind
LAGA-1,50.492463,-3.966064,885.0,fossil
LARKS-1,51.57851,-2.477369,49.9,solar
LARYO-1,51.645294,1.362305,630.0,offwind
LARYO-2,51.645294,1.362305,630.0,offwind
LARYO-3,51.645294,1.362305,630.0,offwind
LARYO-4,51.645294,1.362305,630.0,offwind
LBAR-1,52.22107,-0.230713,0.0,fossil
LBAR-1G,52.22107,-0.230713,0.0,fossil
LCLTW-1,57.73935,-4.559326,51.0,onwind
LNCSO-1,53.265213,0.527344,270.0,offwind
LNCSO-2,53.265213,0.527344,270.0,offwind
MEDP-1,51.378638,0.889893,735.0,fossil
MIDMW-1,55.495,-3.776,51.0,onwind
MILWW-1,57.219608,-4.866943,65.0,onwind
MKHLW-1,55.160043,-4.822998,56.0,onwind
MOWEO-1,58.16708,-2.69852,950.0,offwind
MOWEO-2,58.16708,-2.69852,950.0,offwind
MOWEO-3,58.16708,-2.69852,950.0,offwind
MRWD-1,50.903033,-1.351318,840.0,fossil
NANT-1,56.163906,-5.251465,15.0,hydro
PEHE-1,57.527622,-1.867676,1180.0,fossil
PEHE-2,57.527622,-1.867676,1180.0,fossil
PEHED-1,57.4772,-1.78888,1180.0,fossil
PEMB-11,51.684368,-4.996378,2181.0,fossil
PEMB-21,51.684368,-4.996378,2181.0,fossil
PEMB-31,51.684368,-4.996378,2181.0,fossil
PEMB-41,51.684368,-4.996378,2181.0,fossil
PEMB-51,51.684368,-4.996378,2181.0,fossil
RATS-1,52.855864,-1.219482,2116.0,fossil
RATS-2,52.855864,-1.219482,2116.0,fossil
RATS-3,52.855864,-1.219482,2116.0,fossil
RATS-4,52.855864,-1.219482,2116.0,fossil
RATSGT-2,52.855864,-1.219482,2116.0,fossil
RATSGT-4,52.855864,-1.219482,2116.0,fossil
RCBKO-1,53.276,0.841,573.0,offwind
RCBKO-2,53.276,0.841,573.0,offwind
RMPNO-1,50.67,-0.27,400.0,offwind
RMPNO-2,50.67,-0.27,400.0,offwind
ROCK-1,53.330873,-2.592773,0.0,fossil
RREW-1,54.75,-3.716667,174.0,offwind
RRWW-1,54.75,-3.716667,174.0,offwind
RYHPS-1,51.815407,-0.285645,715.0,fossil
SAKNW-1,55.346,-4.025,86.4,onwind
SANQW-1,55.322673,-4.023363,31.05,onwind
SCCL-1,53.833081,-0.131836,1200.0,fossil
SCCL-2,53.833081,-0.131836,1200.0,fossil
SCCL-3,53.833081,-0.131836,1200.0,fossil
SEAB-1,51.481383,-2.614746,1140.0,fossil
SEAB-2,51.481383,-2.614746,1140.0,fossil
SEEL-1,52.8078,-0.1321,950.0,fossil
SFGSD-1,distributed,distributed,0.0,demand_flex
SFGSD-2,distributed,distributed,0.0,demand_flex
SGRWO-2,56.588,-1.741,1075.0,offwind
SGRWO-3,56.588,-1.741,1075.0,offwind
SGRWO-4,56.588,-1.741,1075.0,offwind
SGRWO-5,56.588,-1.741,1075.0,offwind
SGRWO-6,56.588,-1.741,1075.0,offwind
SHBA-1,53.618579,-0.131836,1365.0,fossil
SHBA-2,53.618579,-0.131836,1365.0,fossil
SHRSO-1,53.135,1.147,317.0,offwind
SHRSO-2,53.135,1.147,317.0,offwind
SIZB-1,55.813629,-2.054443,1198.0,nuclear
SIZB-2,55.813629,-2.054443,1198.0,nuclear
SLOY-2,56.200593,-4.735107,152.5,hydro
SLOY-3,56.200593,-4.735107,152.5,hydro
SPLN-1,52.816043,-0.252686,950.0,fossil
STAY-1,53.041213,-0.98877,1850.0,fossil
STAY-2,53.041213,-0.98877,1850.0,fossil
STAY-3,53.041213,-0.98877,1850.0,fossil
STAY-4,53.041213,-0.98877,1850.0,fossil
SFERD-1,distributed,distributed,0.0,demand_flex
STLGW-1,57.081,-4.056,228.0,onwind
STLGW-2,57.081,-4.056,228.0,onwind
STLGW-3,57.081,-4.056,228.0,onwind
STRNW-1,58.385271,-3.89086,67.7,onwind
SUTB-1,52.62306,0.098877,0.0,fossil
SVRP-10,51.740636,-3.065186,832.0,fossil
SVRP-20,51.740636,-3.065186,832.0,fossil
TDBNW-1,55.77,-2.81,27.6,onwind
TKNEW-1,53.4,0.9,857.0,offwind
TKNWW-1,53.4,0.9,857.0,offwind
TORN-1,53.370221,-4.405518,1190.0,nuclear
TORN-2,53.370221,-4.405518,1190.0,nuclear
TORND-1,55.968,-2.40908,1190.0,nuclear
TRLGW-1,55.23,-4.81,18.8,onwind
TSREP-1,54.5768,-1.12042,0.0,fossil
TWSHW-1,55.3142,-3.9185,37.8,onwind
WBURB-1,53.363665,-0.53833,1332.0,fossil
WBURB-2,53.363665,-0.53833,1332.0,fossil
WBURB-3,53.363665,-0.53833,1332.0,fossil
WBURB-41,53.364,-0.538,49.0,battery
WBURB-43,53.364,-0.538,49.0,battery
WDNSO-1,53.923751,-3.768311,389.0,offwind
WDNSO-2,53.923751,-3.768311,389.0,offwind
WDRGW-1,55.244,-4.306,43.0,onwind
WHIHW-1,55.32,-4.02,27.0,onwind
WHILW-1,53.983,-3.463,539.0,onwind
WHILW-2,53.983,-3.463,539.0,onwind
WHLWB-1,55.6954,-4.17331,50.0,battery
WILCT-1,54.5894,-1.1185,0.0,fossil
WISHB-1,55.76927,-3.93867,50.0,battery
WISTW-2,56.844014,-2.374558,90.0,onwind
WLNYO-2,54.044,-3.522,1026.2,offwind
WLNYO-3,54.044,-3.522,1026.2,offwind
WLNYO-4,54.044,-3.522,1026.2,offwind
WLNYW-1,54.044,-3.522,1026.2,offwind
WTMSO-1,53.943155,0.681152,210.0,offwind
WYLF-1,51.465278,0.241667,1190.0,nuclear
WYLF-2,51.465278,0.241667,1190.0,nuclear
WYLF-3,51.465278,0.241667,1190.0,nuclear
WYLF-4,51.465278,0.241667,1190.0,nuclear
AG-CBS06B,53.22386,-1.37484,20.0,battery
AG-HEL00G,53.787,-2.643,49.0,battery
AG-HEL0DN,56.166,-3.204,50.0,battery
AG-HEL0CP,56.324,-2.995,50.0,battery
COVNB-1,52.409,-1.508,50.0,battery
PINFB-2,53.265694444444,-2.9435833333333,100.0,battery
PINFB-1,53.265694444444,-2.9435833333333,100.0,battery
ARNKB-1,52.61,-2.0,41.0,battery
PINFB-4,53.265694444444,-2.9435833333333,100.0,battery
FARNB-1,51.21,-0.791,20.0,battery
NURSB-1,50.942355,-1.484869,50.0,battery
FFSE01,55.016,-1.473,25.0,battery
POTES-1,54.977384,-1.455827,35.0,battery
KEMB-1,51.364,0.737,50.0,battery
AG-ZEN03J,51.302,0.477,29.0,battery
PNYCB-1,51.709,-3.564,22.0,battery
NFSE02,55.907,-3.588,30.0,battery
AG-GEDF02,53.197,-2.254,20.0,battery
AG-GEDF01,53.197,-2.254,20.0,battery
ZEN02A,52.07,0.591,20.0,battery
DINO-5,53.008173,-3.977051,1764.0,PHS
AG-LLIM02,51.018497,-3.157186,30.0,battery
DINO-4,53.008173,-3.977051,1764.0,PHS
PINFB-3,53.265694444444,-2.9435833333333,100.0,battery
FFES-2,57.237449,-4.361572,360.0,PHS
BEATO-2,58.13,-3.07,588.0,offwind
ARBRB-1,56.56497,-2.619634,35.0,battery
DINO-3,53.008173,-3.977051,1764.0,PHS
AG-ASTK05,52.197,0.126,50.0,battery
AG-LLIM01,51.516,-2.652,32.0,battery
DOLLB-1,51.6,0.56,100.0,battery
CUPAB-1,56.316,-3.013,50.0,battery
AG-MSTK01,53.791,-0.405,50.0,battery
AG-JSTK02,51.231,-0.334,6.0,battery
AG-HSTK02,51.615,-1.962,100.0,battery
AG-HSTK01,51.615,-1.962,100.0,battery
HAWKB-1,51.013772,-2.208174,20.0,battery
DINO-2,53.008173,-3.977051,1764.0,PHS
THNTO-2,51.385495,1.461182,300.0,offwind
THNTO-1,51.385495,1.461182,300.0,offwind
CLDNW-1,55.310391,-3.35083,522.0,onwind
CLDSW-1,55.310391,-3.35083,522.0,onwind
DUNGW-1,57.25148,-4.255802,94.0,onwind
GRGBW-1,52.066,1.713867,504.0,offwind
GRGBW-2,52.066,1.713867,504.0,offwind
GRGBW-3,52.066,1.713867,504.0,offwind
HADHW-1,55.247815,-4.702148,117.3,onwind
SGRWO-1,56.588,-1.741,1075.0,offwind
CLDCW-1,55.310391,-3.35083,522.0,onwind
CLDRW-1,57.308724,-2.922363,36.9,onwind
ABRBO-1,57.2167,-1.98333,96.8,offwind
EDINW-1,57.279043,-6.229248,41.4,onwind
FSDLW-1,55.780803,-5.479859,22.5,onwind
MYGPW-1,55.248768,-3.514802,25.0,onwind
OMNDO-1,54.1,-3.4,150.0,offwind
PNYCW-1,51.710658,-3.561358,228.0,onwind
SOKYW-1,55.317,-4.2,240.0,onwind
EAS-SEL01,distributed,distributed,0.0,demand_flex
SEE-PGU01,distributed,distributed,0.0,demand_flex
YEP-ATL01,distributed,distributed,0.0,demand_flex
YEP-PGU01,distributed,distributed,0.0,demand_flex
