NationalGridBmUnit,carrier,bus,lon,lat
IBG-EGEN1,interconnector,4969,0.6530000000000001,51.46000000000001
IBG-ENGI1,interconnector,4969,0.6530000000000001,51.46000000000001
IBG-RSQ1,interconnector,4969,0.6530000000000001,51.46000000000001
IVD-VKL1,interconnector,7909,-0.221,52.931
IVG-VKL1,interconnector,7909,-0.221,52.931
BFSE01,battery,6051,-1.22,52.585
AG-HLIM01,battery,5249,-1.494,51.598
AG-HLIM02,battery,5252,-1.194,50.852
AG-HLIM03,battery,5226,-1.99,51.616
AG-HLIM04,battery,5249,-1.494,51.598
BRGDG-1,fossil,6038,-0.508006,53.540993
AG-MFLX02,battery,6029,-1.247,53.398
AG-NHAV02,fossil,5913,-3.781,55.803
CMSTW-1,onwind,6443,-3.270129,58.406935
ROTHW-1,onwind,6448,-3.36,57.53
PAUHW-1,onwind,6448,-3.458196,57.451933
AG-PFLX01,battery,8020,-3.423,56.412
NSC-ATL01,hydro,6438,-4.491,57.468
LCSMH-1,cascade,6453,-5.073,56.829
KNLCV-1,hydro,6453,-4.95803,56.7129
CAIRW-2,onwind,6448,-3.063895,57.504968
MDHLW-1,onwind,6486,-2.482026,56.964685
TMNCW-1,onwind,6440,-3.9,57.391
DRAXD-2,biomass,6032,-0.996389,53.7358
ABERU-1,fossil,6049,-1.270137,53.090486
ABRTW-1,onwind,6441,-4.372559,58.430482
AIRSW-1,onwind,5914,-3.814161,55.51487
ARNKB-2,battery,4966,0.344,51.484
ASHWW-1,onwind,6452,-5.449219,56.065903
ASLVW-1,onwind,5911,-3.988675,55.621764
BARNB-1,battery,5999,-1.457,53.558
BETHW-1,onwind,6440,-3.966064,57.36209
BHOLB-1,battery,5229,-1.998,50.721
BLARW-1,onwind,5896,-5.636,55.564
BNWKW-1,onwind,6443,-3.21433,58.351973
BRDUW-1,onwind,5905,-4.141234,55.255156
BRGG-1,fossil,6042,-0.32959,53.442264
BRIDU-1,fossil,6037,-0.203475,54.086555
BROAB-1,battery,4962,0.33,51.413
BROFB-1,battery,4956,1.05,52.074
BRYBW-1,onwind,6451,-4.668919,57.22303
BTUIW-2,onwind,6451,-4.789059,57.17555556
BTUIW-3,onwind,6451,-4.789059,57.17555556
BURWB-1,battery,4950,0.316,52.279
CHAPB-1,battery,5240,-0.4963,51.9266
CLAC-1,hydro,6453,-4.918736,56.277573
CLAYB-1,battery,4961,0.298,51.552
CLAYB-2,battery,4961,0.298,51.552
CLFLW-1,onwind,6453,-4.957855,56.283062
CONTB-1,battery,5273,-0.162756,50.95526
CORB-1,fossil,5233,-0.86792,52.247983
COWE1,fossil,5207,-5.064697,50.373496
COWE2,fossil,5207,-5.064697,50.373496
CROYD-2,fossil,5270,-0.11637,51.37644
CRSSB-1,battery,5927,-2.959,53.481
DALSW-1,onwind,5917,-3.662819,55.183662
DBFRM-1,fossil,5252,-1.153879,50.861673
DERW-1,fossil,6049,-1.399444,52.905812
DIDC01G,fossil,5249,-1.26757,51.62363
DIDC02G,fossil,5249,-1.26757,51.62363
DIDC03G,fossil,5249,-1.26757,51.62363
DIDC04G,fossil,5249,-1.26757,51.62363
FASN3,hydro,6437,-4.793703,57.325887
FASN-4,hydro,6437,-4.793703,57.325887
FAWN-1,fossil,5253,-1.351433,50.830367
FDUNT-1,fossil,6010,-1.349033,53.071393
FELL-1,fossil,5253,-1.351433,50.830367
GDSTW-1,onwind,8013,-2.484139,57.460944
GFLDW-1,onwind,7946,-0.872421,53.668356
GLCHW-1,onwind,5893,-4.754334,54.96342
GLOFW-1,onwind,6448,-2.878418,57.219608
GRGRW-1,onwind,6466,-3.889,55.904
GYAR-1,fossil,5889,1.625977,52.596375
HBHDW-1,onwind,7469,-3.547456,55.815259
HLGLW-1,onwind,6448,-3.615587,57.51052
HLTWW-1,onwind,8013,-2.406006,57.486309
HRHLW-1,onwind,5911,-4.054104,55.405691
ILMEB-1,battery,5238,-0.892,51.741
JAMBB-1,battery,8020,-3.294,56.341
KLYN-A-1,fossil,5888,0.380117,52.727256
LITRB-1,battery,6475,-3.33,56.104
LNMTH-1,fossil,5949,-1.52083,55.20417
LNMTH-2,fossil,5949,-1.52083,55.20417
LNMTH-3,fossil,5949,-1.52083,55.20417
MANXENR-1,load,4955,0.89694,51.74139
MARK-1,biomass,6448,-3.603516,57.480403
MDLWH-1,fossil,5981,-2.42461,53.18726
MINSW-1,onwind,5919,-3.47168,55.040614
MOYEW-1,onwind,6440,-4.064872,57.390303
NEWTB-1,battery,6008,-1.327,53.138
PETEM1,fossil,6053,-0.204697,52.57694
PETDG-1,fossil,6053,-0.2037977,52.575703
PILLB-1,battery,6035,-0.407,53.796
PILLB-2,battery,6035,-0.407,53.796
RHEI-4,hydro,5933,-3.9,52.396
ROOSB-1,battery,5925,-3.189,54.105
SEVIU-1,fossil,5198,-2.9983234,51.5877364
SHOS-1,fossil,5273,-0.252686,50.882243
SKELB-1,battery,8022,-2.775,53.553
SOLUU-1,fossil,5253,-1.2764,50.7459
TAYL2G,fossil,5264,-0.2575,51.546
TAYL3G,fossil,5264,-0.2575,51.546
TIBG-1,biomass,4966,0.389,51.459
THMRB-1,battery,5238,-0.894,51.766
THRNL-1,fossil,5990,-1.6547222222222,53.677222222222
TOLLB-1,battery,5244,-0.245,51.735
TULWW-1,onwind,6462,-2.581787,56.662265
TULWW-2,onwind,6462,-2.581787,56.662265
VKING-2,fossil,5965,-1.20268,54.6067
I2D-ALEU1,interconnector,4955,0.8645384615384615,51.808076923076925
I2D-ALIP1,interconnector,4955,0.8645384615384615,51.808076923076925
I2D-ARON1,interconnector,4955,0.8645384615384615,51.808076923076925
I2D-AXPO1,interconnector,4955,0.8645384615384615,51.808076923076925
I2D-BDEN1,interconnector,4955,0.8645384615384615,51.808076923076925
I2D-BKWE1,interconnector,4955,0.8645384615384615,51.808076923076925
I2D-BNPS1,interconnector,4955,0.8645384615384615,51.808076923076925
I2D-BPGM1,interconnector,4955,0.8645384615384615,51.808076923076925
I2D-CBST1,interconnector,4955,0.8645384615384615,51.808076923076925
I2D-CENT1,interconnector,4955,0.8645384615384615,51.808076923076925
I2D-CETL1,interconnector,4955,0.8645384615384615,51.808076923076925
I2D-CEZC1,interconnector,4955,0.8645384615384615,51.808076923076925
I2D-CNGS1,interconnector,4955,0.8645384615384615,51.808076923076925
I2D-CNRE1,interconnector,4955,0.8645384615384615,51.808076923076925
I2D-CONS1,interconnector,4955,0.8645384615384615,51.808076923076925
I2D-CONV1,interconnector,4955,0.8645384615384615,51.808076923076925
I2D-COPN1,interconnector,4955,0.8645384615384615,51.808076923076925
I2D-DARE1,interconnector,4955,0.8645384615384615,51.808076923076925
I2D-DMCC1,interconnector,4955,0.8645384615384615,51.808076923076925
I2D-DSKC1,interconnector,4955,0.8645384615384615,51.808076923076925
I2D-DUEN1,interconnector,4955,0.8645384615384615,51.808076923076925
I2D-DUGE1,interconnector,4955,0.8645384615384615,51.808076923076925
I2D-DVAL1,interconnector,4955,0.8645384615384615,51.808076923076925
I2D-EDFT1,interconnector,4955,0.8645384615384615,51.808076923076925
I2D-EDMK1,interconnector,4955,0.8645384615384615,51.808076923076925
I2D-ELEE1,interconnector,4955,0.8645384615384615,51.808076923076925
I2D-ELTR1,interconnector,4955,0.8645384615384615,51.808076923076925
I2D-ENKI1,interconnector,4955,0.8645384615384615,51.808076923076925
I2D-ENSC1,interconnector,4955,0.8645384615384615,51.808076923076925
I2D-ENSP1,interconnector,4955,0.8645384615384615,51.808076923076925
I2D-ENTC1,interconnector,4955,0.8645384615384615,51.808076923076925
I2D-EPCO1,interconnector,4955,0.8645384615384615,51.808076923076925
I2D-EZCO1,interconnector,4955,0.8645384615384615,51.808076923076925
I2D-GASE1,interconnector,4955,0.8645384615384615,51.808076923076925
I2D-GAZP1,interconnector,4955,0.8645384615384615,51.808076923076925
I2D-GLEN1,interconnector,4955,0.8645384615384615,51.808076923076925
I2D-GRMT1,interconnector,4955,0.8645384615384615,51.808076923076925
I2D-HART1,interconnector,4955,0.8645384615384615,51.808076923076925
I2D-HELI1,interconnector,4955,0.8645384615384615,51.808076923076925
I2D-IBES1,interconnector,4955,0.8645384615384615,51.808076923076925
I2D-INCM1,interconnector,4955,0.8645384615384615,51.808076923076925
I2D-MCRA1,interconnector,4955,0.8645384615384615,51.808076923076925
I2D-MFTE1,interconnector,4955,0.8645384615384615,51.808076923076925
I2D-MQBN1,interconnector,4955,0.8645384615384615,51.808076923076925
I2D-NEAS1,interconnector,4955,0.8645384615384615,51.808076923076925
I2D-NEHO1,interconnector,4955,0.8645384615384615,51.808076923076925
I2D-NITR1,interconnector,4955,0.8645384615384615,51.808076923076925
I2D-NORL1,interconnector,4955,0.8645384615384615,51.808076923076925
I2D-NTPL1,interconnector,4955,0.8645384615384615,51.808076923076925
I2D-NVAL1,interconnector,4955,0.8645384615384615,51.808076923076925
I2D-OMPX1,interconnector,4955,0.8645384615384615,51.808076923076925
I2D-OPMX1,interconnector,4955,0.8645384615384615,51.808076923076925
I2D-OUTL1,interconnector,4955,0.8645384615384615,51.808076923076925
I2D-PLAN1,interconnector,4955,0.8645384615384615,51.808076923076925
I2D-PREP1,interconnector,4955,0.8645384615384615,51.808076923076925
I2D-PWMR1,interconnector,4955,0.8645384615384615,51.808076923076925
I2D-QUAR1,interconnector,4955,0.8645384615384615,51.808076923076925
I2D-QUEN1,interconnector,4955,0.8645384615384615,51.808076923076925
I2D-RESP1,interconnector,4955,0.8645384615384615,51.808076923076925
I2D-RISQ1,interconnector,4955,0.8645384615384615,51.808076923076925
I2D-RWES1,interconnector,4955,0.8645384615384615,51.808076923076925
I2D-SETL1,interconnector,4955,0.8645384615384615,51.808076923076925
I2D-SSEG1,interconnector,4955,0.8645384615384615,51.808076923076925
I2D-STAT1,interconnector,4955,0.8645384615384615,51.808076923076925
I2D-TGPL1,interconnector,4955,0.8645384615384615,51.808076923076925
I2D-TRFD1,interconnector,4955,0.8645384615384615,51.808076923076925
I2D-TRFG1,interconnector,4955,0.8645384615384615,51.808076923076925
I2D-TRLS1,interconnector,4955,0.8645384615384615,51.808076923076925
I2D-VOLT1,interconnector,4955,0.8645384615384615,51.808076923076925
I2D-VSAL1,interconnector,4955,0.8645384615384615,51.808076923076925
I2D-VTET1,interconnector,4955,0.8645384615384615,51.808076923076925
I2D-XNON1,interconnector,4955,0.8645384615384615,51.808076923076925
I2G-ALEU1,interconnector,4955,0.8645384615384615,51.808076923076925
I2G-ALIP1,interconnector,4955,0.8645384615384615,51.808076923076925
I2G-ARON1,interconnector,4955,0.8645384615384615,51.808076923076925
I2G-AXPO1,interconnector,4955,0.8645384615384615,51.808076923076925
I2G-BDEN1,interconnector,4955,0.8645384615384615,51.808076923076925
I2G-BKWE1,interconnector,4955,0.8645384615384615,51.808076923076925
I2G-BNPS1,interconnector,4955,0.8645384615384615,51.808076923076925
I2G-BPGM1,interconnector,4955,0.8645384615384615,51.808076923076925
I2G-CBST1,interconnector,4955,0.8645384615384615,51.808076923076925
I2G-CENT1,interconnector,4955,0.8645384615384615,51.808076923076925
I2G-CETL1,interconnector,4955,0.8645384615384615,51.808076923076925
I2G-CEZC1,interconnector,4955,0.8645384615384615,51.808076923076925
I2G-CNGS1,interconnector,4955,0.8645384615384615,51.808076923076925
I2G-CNRE1,interconnector,4955,0.8645384615384615,51.808076923076925
I2G-CONS1,interconnector,4955,0.8645384615384615,51.808076923076925
I2G-CONV1,interconnector,4955,0.8645384615384615,51.808076923076925
I2G-COPN1,interconnector,4955,0.8645384615384615,51.808076923076925
I2G-DARE1,interconnector,4955,0.8645384615384615,51.808076923076925
I2G-DMCC1,interconnector,4955,0.8645384615384615,51.808076923076925
I2G-DSKC1,interconnector,4955,0.8645384615384615,51.808076923076925
I2G-DUEN1,interconnector,4955,0.8645384615384615,51.808076923076925
I2G-DUGE1,interconnector,4955,0.8645384615384615,51.808076923076925
I2G-DVAL1,interconnector,4955,0.8645384615384615,51.808076923076925
I2G-EDFT1,interconnector,4955,0.8645384615384615,51.808076923076925
I2G-EDMK1,interconnector,4955,0.8645384615384615,51.808076923076925
I2G-ELEE1,interconnector,4955,0.8645384615384615,51.808076923076925
I2G-ELTR1,interconnector,4955,0.8645384615384615,51.808076923076925
I2G-ENKI1,interconnector,4955,0.8645384615384615,51.808076923076925
I2G-ENSC1,interconnector,4955,0.8645384615384615,51.808076923076925
I2G-ENSP1,interconnector,4955,0.8645384615384615,51.808076923076925
I2G-ENTC1,interconnector,4955,0.8645384615384615,51.808076923076925
I2G-EPCO1,interconnector,4955,0.8645384615384615,51.808076923076925
I2G-EZCO1,interconnector,4955,0.8645384615384615,51.808076923076925
I2G-GASE1,interconnector,4955,0.8645384615384615,51.808076923076925
I2G-GAZP1,interconnector,4955,0.8645384615384615,51.808076923076925
I2G-GLEN1,interconnector,4955,0.8645384615384615,51.808076923076925
I2G-GRMT1,interconnector,4955,0.8645384615384615,51.808076923076925
I2G-HART1,interconnector,4955,0.8645384615384615,51.808076923076925
I2G-HELI1,interconnector,4955,0.8645384615384615,51.808076923076925
I2G-IBES1,interconnector,4955,0.8645384615384615,51.808076923076925
I2G-INCM1,interconnector,4955,0.8645384615384615,51.808076923076925
I2G-MCRA1,interconnector,4955,0.8645384615384615,51.808076923076925
I2G-MFTE1,interconnector,4955,0.8645384615384615,51.808076923076925
I2G-MQBN1,interconnector,4955,0.8645384615384615,51.808076923076925
I2G-NEAS1,interconnector,4955,0.8645384615384615,51.808076923076925
I2G-NEHO1,interconnector,4955,0.8645384615384615,51.808076923076925
I2G-NITR1,interconnector,4955,0.8645384615384615,51.808076923076925
I2G-NORL1,interconnector,4955,0.8645384615384615,51.808076923076925
I2G-NTPL1,interconnector,4955,0.8645384615384615,51.808076923076925
I2G-NVAL1,interconnector,4955,0.8645384615384615,51.808076923076925
I2G-OMPX1,interconnector,4955,0.8645384615384615,51.808076923076925
I2G-OPMX1,interconnector,4955,0.8645384615384615,51.808076923076925
I2G-OUTL1,interconnector,4955,0.8645384615384615,51.808076923076925
I2G-PLAN1,interconnector,4955,0.8645384615384615,51.808076923076925
I2G-PREP1,interconnector,4955,0.8645384615384615,51.808076923076925
I2G-PWMR1,interconnector,4955,0.8645384615384615,51.808076923076925
I2G-QUAR1,interconnector,4955,0.8645384615384615,51.808076923076925
I2G-QUEN1,interconnector,4955,0.8645384615384615,51.808076923076925
I2G-RESP1,interconnector,4955,0.8645384615384615,51.808076923076925
I2G-RISQ1,interconnector,4955,0.8645384615384615,51.808076923076925
I2G-RWES1,interconnector,4955,0.8645384615384615,51.808076923076925
I2G-SETL1,interconnector,4955,0.8645384615384615,51.808076923076925
I2G-SSEG1,interconnector,4955,0.8645384615384615,51.808076923076925
I2G-STAT1,interconnector,4955,0.8645384615384615,51.808076923076925
I2G-TGPL1,interconnector,4955,0.8645384615384615,51.808076923076925
I2G-TRFD1,interconnector,4955,0.8645384615384615,51.808076923076925
I2G-TRFG1,interconnector,4955,0.8645384615384615,51.808076923076925
I2G-TRLS1,interconnector,4955,0.8645384615384615,51.808076923076925
I2G-VOLT1,interconnector,4955,0.8645384615384615,51.808076923076925
I2G-VSAL1,interconnector,4955,0.8645384615384615,51.808076923076925
I2G-VTET1,interconnector,4955,0.8645384615384615,51.808076923076925
I2G-XNON1,interconnector,4955,0.8645384615384615,51.808076923076925
IBD-DARE1,interconnector,4969,0.653,51.46
IBG-ALIP1,interconnector,4969,0.6530000000000001,51.46000000000001
IBG-ALPE1,interconnector,4969,0.6530000000000001,51.46000000000001
IBG-BDEN1,interconnector,4969,0.6530000000000001,51.46000000000001
IBG-BKWE1,interconnector,4969,0.6530000000000001,51.46000000000001
IBG-BPGE1,interconnector,4969,0.6530000000000001,51.46000000000001
IBG-BRTN1,interconnector,4969,0.6530000000000001,51.46000000000001
IBG-CACM1,interconnector,4969,0.6530000000000001,51.46000000000001
IBG-CBST1,interconnector,4969,0.6530000000000001,51.46000000000001
IBG-CENT1,interconnector,4969,0.6530000000000001,51.46000000000001
IBG-CETA1,interconnector,4969,0.6530000000000001,51.46000000000001
IBG-CEZC1,interconnector,4969,0.6530000000000001,51.46000000000001
IBG-CGML1,interconnector,4969,0.6530000000000001,51.46000000000001
IBG-CNGS1,interconnector,4969,0.6530000000000001,51.46000000000001
IBG-CONS1,interconnector,4969,0.6530000000000001,51.46000000000001
IBG-CONV1,interconnector,4969,0.6530000000000001,51.46000000000001
IBG-COPN1,interconnector,4969,0.6530000000000001,51.46000000000001
IBG-DARE1,interconnector,4969,0.6530000000000001,51.46000000000001
IBG-DMCC1,interconnector,4969,0.6530000000000001,51.46000000000001
IBG-DNGN1,interconnector,4969,0.6530000000000001,51.46000000000001
IBG-DSKC1,interconnector,4969,0.6530000000000001,51.46000000000001
IBG-DUFE1,interconnector,4969,0.6530000000000001,51.46000000000001
IBG-DVAL1,interconnector,4969,0.6530000000000001,51.46000000000001
IBG-EDFT1,interconnector,4969,0.6530000000000001,51.46000000000001
IBG-EDMK1,interconnector,4969,0.6530000000000001,51.46000000000001
IBG-EGLE1,interconnector,4969,0.6530000000000001,51.46000000000001
IBG-ELEE1,interconnector,4969,0.6530000000000001,51.46000000000001
IBG-ELTR1,interconnector,4969,0.6530000000000001,51.46000000000001
IBG-ENEL1,interconnector,4969,0.6530000000000001,51.46000000000001
IBG-ENET1,interconnector,4969,0.6530000000000001,51.46000000000001
IBG-ENGM1,interconnector,4969,0.6530000000000001,51.46000000000001
IBG-ENSP1,interconnector,4969,0.6530000000000001,51.46000000000001
IBG-ENTC1,interconnector,4969,0.6530000000000001,51.46000000000001
IBG-EOET1,interconnector,4969,0.6530000000000001,51.46000000000001
IBG-EPCO1,interconnector,4969,0.6530000000000001,51.46000000000001
IBG-ERVA1,interconnector,4969,0.6530000000000001,51.46000000000001
IBG-EZCO1,interconnector,4969,0.6530000000000001,51.46000000000001
IBG-FPCD1,interconnector,4969,0.6530000000000001,51.46000000000001
IBG-GAZP1,interconnector,4969,0.6530000000000001,51.46000000000001
IBG-GLEN1,interconnector,4969,0.6530000000000001,51.46000000000001
IBG-HART1,interconnector,4969,0.6530000000000001,51.46000000000001
IBG-HELI1,interconnector,4969,0.6530000000000001,51.46000000000001
IBG-IBES1,interconnector,4969,0.6530000000000001,51.46000000000001
IBG-IDCE1,interconnector,4969,0.6530000000000001,51.46000000000001
IBG-INCM1,interconnector,4969,0.6530000000000001,51.46000000000001
IBG-KCST1,interconnector,4969,0.6530000000000001,51.46000000000001
IBG-LTFD1,interconnector,4969,0.6530000000000001,51.46000000000001
IBG-MCRA1,interconnector,4969,0.6530000000000001,51.46000000000001
IBG-MFTE1,interconnector,4969,0.6530000000000001,51.46000000000001
IBG-MONL1,interconnector,4969,0.6530000000000001,51.46000000000001
IBG-NEAS1,interconnector,4969,0.6530000000000001,51.46000000000001
IBG-NITR1,interconnector,4969,0.6530000000000001,51.46000000000001
IBG-NORL1,interconnector,4969,0.6530000000000001,51.46000000000001
IBG-NTPL1,interconnector,4969,0.6530000000000001,51.46000000000001
IBG-OMPX1,interconnector,4969,0.6530000000000001,51.46000000000001
IBG-OPMX1,interconnector,4969,0.6530000000000001,51.46000000000001
IBG-OUTL1,interconnector,4969,0.6530000000000001,51.46000000000001
IBG-PETC1,interconnector,4969,0.6530000000000001,51.46000000000001
IBG-PTRS1,interconnector,4969,0.6530000000000001,51.46000000000001
IBG-PWMR1,interconnector,4969,0.6530000000000001,51.46000000000001
IBG-PZEM1,interconnector,4969,0.6530000000000001,51.46000000000001
IBG-QUAR1,interconnector,4969,0.6530000000000001,51.46000000000001
IBG-QUEN1,interconnector,4969,0.6530000000000001,51.46000000000001
IBG-RESP1,interconnector,4969,0.6530000000000001,51.46000000000001
IBG-RWES1,interconnector,4969,0.6530000000000001,51.46000000000001
IBG-SETL1,interconnector,4969,0.6530000000000001,51.46000000000001
IBG-SSEG1,interconnector,4969,0.6530000000000001,51.46000000000001
IBG-STAT1,interconnector,4969,0.6530000000000001,51.46000000000001
IBG-TGPL1,interconnector,4969,0.6530000000000001,51.46000000000001
IBG-TRFD1,interconnector,4969,0.6530000000000001,51.46000000000001
IBG-TRFG1,interconnector,4969,0.6530000000000001,51.46000000000001
IBG-TRLS1,interconnector,4969,0.6530000000000001,51.46000000000001
IBG-VETR1,interconnector,4969,0.6530000000000001,51.46000000000001
IBG-VOLT1,interconnector,4969,0.6530000000000001,51.46000000000001
IBG-VSAL1,interconnector,4969,0.6530000000000001,51.46000000000001
IBG-XNON1,interconnector,4969,0.6530000000000001,51.46000000000001
IED-ELEC1,interconnector,5269,-0.0017444444444444,51.59477777777778
IED-EWIC1,interconnector,5269,-0.0017444444444444,51.59477777777778
IED-IFA2,interconnector,5269,-0.0017444444444444,51.59477777777778
IED-MOYL1,interconnector,5269,-0.0017444444444444,51.59477777777778
IED-VKL1,interconnector,5269,-0.0017444444444444,51.59477777777778
IEG-ELEC1,interconnector,5269,-0.0017444444444444,51.59477777777778
IEG-EWIC1,interconnector,5269,-0.0017444444444444,51.59477777777778
IEG-IFA2,interconnector,5269,-0.0017444444444444,51.59477777777778
IEG-MOYL1,interconnector,5269,-0.0017444444444444,51.59477777777778
IEG-VKL1,interconnector,5269,-0.0017444444444444,51.59477777777778
IFD-ACCE1,interconnector,4977,0.9734000000000004,51.105
IFD-ALEU1,interconnector,4977,0.9734000000000004,51.105
IFD-ALIP1,interconnector,4977,0.9734000000000004,51.105
IFD-ARON1,interconnector,4977,0.9734000000000004,51.105
IFD-BDEN1,interconnector,4977,0.9734000000000004,51.105
IFD-BKWE1,interconnector,4977,0.9734000000000004,51.105
IFD-BNPS1,interconnector,4977,0.9734000000000004,51.105
IFD-BPGE1,interconnector,4977,0.9734000000000004,51.105
IFD-CBST1,interconnector,4977,0.9734000000000004,51.105
IFD-CETL1,interconnector,4977,0.9734000000000004,51.105
IFD-CEZC1,interconnector,4977,0.9734000000000004,51.105
IFD-CGML1,interconnector,4977,0.9734000000000004,51.105
IFD-CNGS1,interconnector,4977,0.9734000000000004,51.105
IFD-CNRE1,interconnector,4977,0.9734000000000004,51.105
IFD-CONS1,interconnector,4977,0.9734000000000004,51.105
IFD-CONV1,interconnector,4977,0.9734000000000004,51.105
IFD-COPN1,interconnector,4977,0.9734000000000004,51.105
IFD-DARE1,interconnector,4977,0.9734000000000004,51.105
IFD-DMCC1,interconnector,4977,0.9734000000000004,51.105
IFD-DNGN1,interconnector,4977,0.9734000000000004,51.105
IFD-DSKC1,interconnector,4977,0.9734000000000004,51.105
IFD-DUEN1,interconnector,4977,0.9734000000000004,51.105
IFD-DUFE1,interconnector,4977,0.9734000000000004,51.105
IFD-DVAL1,interconnector,4977,0.9734000000000004,51.105
IFD-ECCA1,interconnector,4977,0.9734000000000004,51.105
IFD-EDFT1,interconnector,4977,0.9734000000000004,51.105
IFD-EDMK1,interconnector,4977,0.9734000000000004,51.105
IFD-EGLE1,interconnector,4977,0.9734000000000004,51.105
IFD-ELEE1,interconnector,4977,0.9734000000000004,51.105
IFD-ELTR1,interconnector,4977,0.9734000000000004,51.105
IFD-ENEL1,interconnector,4977,0.9734000000000004,51.105
IFD-ENET1,interconnector,4977,0.9734000000000004,51.105
IFD-ENKI1,interconnector,4977,0.9734000000000004,51.105
IFD-ENSC1,interconnector,4977,0.9734000000000004,51.105
IFD-ENSP1,interconnector,4977,0.9734000000000004,51.105
IFD-ENTC1,interconnector,4977,0.9734000000000004,51.105
IFD-ENVM1,interconnector,4977,0.9734000000000004,51.105
IFD-EOET1,interconnector,4977,0.9734000000000004,51.105
IFD-EPCO1,interconnector,4977,0.9734000000000004,51.105
IFD-ERVA1,interconnector,4977,0.9734000000000004,51.105
IFD-EZCO1,interconnector,4977,0.9734000000000004,51.105
IFD-FPCD1,interconnector,4977,0.9734000000000004,51.105
IFD-GASE1,interconnector,4977,0.9734000000000004,51.105
IFD-GAZP1,interconnector,4977,0.9734000000000004,51.105
IFD-GDFE1,interconnector,4977,0.9734000000000004,51.105
IFD-GLEN1,interconnector,4977,0.9734000000000004,51.105
IFD-GRMT1,interconnector,4977,0.9734000000000004,51.105
IFD-HART1,interconnector,4977,0.9734000000000004,51.105
IFD-HELI1,interconnector,4977,0.9734000000000004,51.105
IFD-IBES1,interconnector,4977,0.9734000000000004,51.105
IFD-INCM1,interconnector,4977,0.9734000000000004,51.105
IFD-KCST1,interconnector,4977,0.9734000000000004,51.105
IFD-LTFD1,interconnector,4977,0.9734000000000004,51.105
IFD-MCRA1,interconnector,4977,0.9734000000000004,51.105
IFD-MFTE1,interconnector,4977,0.9734000000000004,51.105
IFD-MQBN1,interconnector,4977,0.9734000000000004,51.105
IFD-NEAS1,interconnector,4977,0.9734000000000004,51.105
IFD-NEHO1,interconnector,4977,0.9734000000000004,51.105
IFD-NITR1,interconnector,4977,0.9734000000000004,51.105
IFD-NORL1,interconnector,4977,0.9734000000000004,51.105
IFD-NTPL1,interconnector,4977,0.9734000000000004,51.105
IFD-NVAL1,interconnector,4977,0.9734000000000004,51.105
IFD-OMPX1,interconnector,4977,0.9734000000000004,51.105
IFD-OPMX1,interconnector,4977,0.9734000000000004,51.105
IFD-OUTL1,interconnector,4977,0.9734000000000004,51.105
IFD-PLAN1,interconnector,4977,0.9734000000000004,51.105
IFD-PTRS1,interconnector,4977,0.9734000000000004,51.105
IFD-PWMR1,interconnector,4977,0.9734000000000004,51.105
IFD-QUAR1,interconnector,4977,0.9734000000000004,51.105
IFD-QUEN1,interconnector,4977,0.9734000000000004,51.105
IFD-RESP1,interconnector,4977,0.9734000000000004,51.105
IFD-RISQ1,interconnector,4977,0.9734000000000004,51.105
IFD-RWES1,interconnector,4977,0.9734000000000004,51.105
IFD-SETL1,interconnector,4977,0.9734000000000004,51.105
IFD-SSEG1,interconnector,4977,0.9734000000000004,51.105
IFD-STAT1,interconnector,4977,0.9734000000000004,51.105
IFD-TFEE1,interconnector,4977,0.9734000000000004,51.105
IFD-TRFD1,interconnector,4977,0.9734000000000004,51.105
IFD-TRFG1,interconnector,4977,0.9734000000000004,51.105
IFD-TRLS1,interconnector,4977,0.9734000000000004,51.105
IFD-VOLT1,interconnector,4977,0.9734000000000004,51.105
IFD-VSAL1,interconnector,4977,0.9734000000000004,51.105
IFD-VTFS1,interconnector,4977,0.9734000000000004,51.105
IFD-XNON1,interconnector,4977,0.9734000000000004,51.105
IFG-ACCE1,interconnector,4977,0.9734000000000004,51.105
IFG-ALEU1,interconnector,4977,0.9734000000000004,51.105
IFG-ALIP1,interconnector,4977,0.9734000000000004,51.105
IFG-ARON1,interconnector,4977,0.9734000000000004,51.105
IFG-BDEN1,interconnector,4977,0.9734000000000004,51.105
IFG-BKWE1,interconnector,4977,0.9734000000000004,51.105
IFG-BNPS1,interconnector,4977,0.9734000000000004,51.105
IFG-BPGE1,interconnector,4977,0.9734000000000004,51.105
IFG-CBST1,interconnector,4977,0.9734000000000004,51.105
IFG-CETL1,interconnector,4977,0.9734000000000004,51.105
IFG-CEZC1,interconnector,4977,0.9734000000000004,51.105
IFG-CGML1,interconnector,4977,0.9734000000000004,51.105
IFG-CNGS1,interconnector,4977,0.9734000000000004,51.105
IFG-CNRE1,interconnector,4977,0.9734000000000004,51.105
IFG-CONS1,interconnector,4977,0.9734000000000004,51.105
IFG-CONV1,interconnector,4977,0.9734000000000004,51.105
IFG-COPN1,interconnector,4977,0.9734000000000004,51.105
IFG-DARE1,interconnector,4977,0.9734000000000004,51.105
IFG-DMCC1,interconnector,4977,0.9734000000000004,51.105
IFG-DNGN1,interconnector,4977,0.9734000000000004,51.105
IFG-DSKC1,interconnector,4977,0.9734000000000004,51.105
IFG-DUEN1,interconnector,4977,0.9734000000000004,51.105
IFG-DUFE1,interconnector,4977,0.9734000000000004,51.105
IFG-DVAL1,interconnector,4977,0.9734000000000004,51.105
IFG-ECCA1,interconnector,4977,0.9734000000000004,51.105
IFG-EDFT1,interconnector,4977,0.9734000000000004,51.105
IFG-EDMK1,interconnector,4977,0.9734000000000004,51.105
IFG-EGLE1,interconnector,4977,0.9734000000000004,51.105
IFG-ELEE1,interconnector,4977,0.9734000000000004,51.105
IFG-ELTR1,interconnector,4977,0.9734000000000004,51.105
IFG-ENEL1,interconnector,4977,0.9734000000000004,51.105
IFG-ENET1,interconnector,4977,0.9734000000000004,51.105
IFG-ENKI1,interconnector,4977,0.9734000000000004,51.105
IFG-ENSC1,interconnector,4977,0.9734000000000004,51.105
IFG-ENSP1,interconnector,4977,0.9734000000000004,51.105
IFG-ENTC1,interconnector,4977,0.9734000000000004,51.105
IFG-ENVM1,interconnector,4977,0.9734000000000004,51.105
IFG-EOET1,interconnector,4977,0.9734000000000004,51.105
IFG-EPCO1,interconnector,4977,0.9734000000000004,51.105
IFG-ERVA1,interconnector,4977,0.9734000000000004,51.105
IFG-EZCO1,interconnector,4977,0.9734000000000004,51.105
IFG-FPCD1,interconnector,4977,0.9734000000000004,51.105
IFG-GASE1,interconnector,4977,0.9734000000000004,51.105
IFG-GAZP1,interconnector,4977,0.9734000000000004,51.105
IFG-GDFE1,interconnector,4977,0.9734000000000004,51.105
IFG-GLEN1,interconnector,4977,0.9734000000000004,51.105
IFG-GRMT1,interconnector,4977,0.9734000000000004,51.105
IFG-HART1,interconnector,4977,0.9734000000000004,51.105
IFG-HELI1,interconnector,4977,0.9734000000000004,51.105
IFG-IBES1,interconnector,4977,0.9734000000000004,51.105
IFG-INCM1,interconnector,4977,0.9734000000000004,51.105
IFG-KCST1,interconnector,4977,0.9734000000000004,51.105
IFG-LTFD1,interconnector,4977,0.9734000000000004,51.105
IFG-MCRA1,interconnector,4977,0.9734000000000004,51.105
IFG-MFTE1,interconnector,4977,0.9734000000000004,51.105
IFG-MQBN1,interconnector,4977,0.9734000000000004,51.105
IFG-NEAS1,interconnector,4977,0.9734000000000004,51.105
IFG-NEHO1,interconnector,4977,0.9734000000000004,51.105
IFG-NITR1,interconnector,4977,0.9734000000000004,51.105
IFG-NORL1,interconnector,4977,0.9734000000000004,51.105
IFG-NTPL1,interconnector,4977,0.9734000000000004,51.105
IFG-NVAL1,interconnector,4977,0.9734000000000004,51.105
IFG-OMPX1,interconnector,4977,0.9734000000000004,51.105
IFG-OPMX1,interconnector,4977,0.9734000000000004,51.105
IFG-OUTL1,interconnector,4977,0.9734000000000004,51.105
IFG-PLAN1,interconnector,4977,0.9734000000000004,51.105
IFG-PTRS1,interconnector,4977,0.9734000000000004,51.105
IFG-PWMR1,interconnector,4977,0.9734000000000004,51.105
IFG-QUAR1,interconnector,4977,0.9734000000000004,51.105
IFG-QUEN1,interconnector,4977,0.9734000000000004,51.105
IFG-RESP1,interconnector,4977,0.9734000000000004,51.105
IFG-RISQ1,interconnector,4977,0.9734000000000004,51.105
IFG-RWES1,interconnector,4977,0.9734000000000004,51.105
IFG-SETL1,interconnector,4977,0.9734000000000004,51.105
IFG-SSEG1,interconnector,4977,0.9734000000000004,51.105
IFG-STAT1,interconnector,4977,0.9734000000000004,51.105
IFG-TFEE1,interconnector,4977,0.9734000000000004,51.105
IFG-TRFD1,interconnector,4977,0.9734000000000004,51.105
IFG-TRFG1,interconnector,4977,0.9734000000000004,51.105
IFG-TRLS1,interconnector,4977,0.9734000000000004,51.105
IFG-VOLT1,interconnector,4977,0.9734000000000004,51.105
IFG-VSAL1,interconnector,4977,0.9734000000000004,51.105
IFG-VTFS1,interconnector,4977,0.9734000000000004,51.105
IFG-XNON1,interconnector,4977,0.9734000000000004,51.105
ILD-ARON1,interconnector,5269,-0.0017444444444444,51.59477777777778
ILD-BKWE1,interconnector,5269,-0.0017444444444444,51.59477777777778
ILD-BPGM1,interconnector,5269,-0.0017444444444444,51.59477777777778
ILD-CBST1,interconnector,5269,-0.0017444444444444,51.59477777777778
ILD-CENT1,interconnector,5269,-0.0017444444444444,51.59477777777778
ILD-CETL1,interconnector,5269,-0.0017444444444444,51.59477777777778
ILD-CEZC1,interconnector,5269,-0.0017444444444444,51.59477777777778
ILD-CONS1,interconnector,5269,-0.0017444444444444,51.59477777777778
ILD-COPN1,interconnector,5269,-0.0017444444444444,51.59477777777778
ILD-DARE1,interconnector,5269,-0.0017444444444444,51.59477777777778
ILD-DMCC1,interconnector,5269,-0.0017444444444444,51.59477777777778
ILD-DSKC1,interconnector,5269,-0.0017444444444444,51.59477777777778
ILD-DUEN1,interconnector,5269,-0.0017444444444444,51.59477777777778
ILD-DUFE1,interconnector,5269,-0.0017444444444444,51.59477777777778
ILD-DVAL1,interconnector,5269,-0.0017444444444444,51.59477777777778
ILD-EDFT1,interconnector,5269,-0.0017444444444444,51.59477777777778
ILD-EDMK1,interconnector,5269,-0.0017444444444444,51.59477777777778
ILD-ELTR1,interconnector,5269,-0.0017444444444444,51.59477777777778
ILD-ENGM1,interconnector,5269,-0.0017444444444444,51.59477777777778
ILD-ENSC1,interconnector,5269,-0.0017444444444444,51.59477777777778
ILD-ENTC1,interconnector,5269,-0.0017444444444444,51.59477777777778
ILD-EPCO1,interconnector,5269,-0.0017444444444444,51.59477777777778
ILD-GLEN1,interconnector,5269,-0.0017444444444444,51.59477777777778
ILD-HART1,interconnector,5269,-0.0017444444444444,51.59477777777778
ILD-INCM1,interconnector,5269,-0.0017444444444444,51.59477777777778
ILD-MCRA1,interconnector,5269,-0.0017444444444444,51.59477777777778
ILD-MFTE1,interconnector,5269,-0.0017444444444444,51.59477777777778
ILD-NEAS1,interconnector,5269,-0.0017444444444444,51.59477777777778
ILD-NEHO1,interconnector,5269,-0.0017444444444444,51.59477777777778
ILD-NITR1,interconnector,5269,-0.0017444444444444,51.59477777777778
ILD-NORL1,interconnector,5269,-0.0017444444444444,51.59477777777778
ILD-NTPL1,interconnector,5269,-0.0017444444444444,51.59477777777778
ILD-NWAT1,interconnector,5269,-0.0017444444444444,51.59477777777778
ILD-OPMX1,interconnector,5269,-0.0017444444444444,51.59477777777778
ILD-OUTL1,interconnector,5269,-0.0017444444444444,51.59477777777778
ILD-PREP1,interconnector,5269,-0.0017444444444444,51.59477777777778
ILD-PWMR1,interconnector,5269,-0.0017444444444444,51.59477777777778
ILD-QUAR1,interconnector,5269,-0.0017444444444444,51.59477777777778
ILD-RESP1,interconnector,5269,-0.0017444444444444,51.59477777777778
ILD-RISQ1,interconnector,5269,-0.0017444444444444,51.59477777777778
ILD-RWES1,interconnector,5269,-0.0017444444444444,51.59477777777778
ILD-SEFE1,interconnector,5269,-0.0017444444444444,51.59477777777778
ILD-SETL1,interconnector,5269,-0.0017444444444444,51.59477777777778
ILD-TGPL1,interconnector,5269,-0.0017444444444444,51.59477777777778
ILD-TRFD1,interconnector,5269,-0.0017444444444444,51.59477777777778
ILD-TRFG1,interconnector,5269,-0.0017444444444444,51.59477777777778
ILD-TRLS1,interconnector,5269,-0.0017444444444444,51.59477777777778
ILD-VOLT1,interconnector,5269,-0.0017444444444444,51.59477777777778
ILD-VSAL1,interconnector,5269,-0.0017444444444444,51.59477777777778
ILD-VTFS1,interconnector,5269,-0.0017444444444444,51.59477777777778
ILD-XNON1,interconnector,5269,-0.0017444444444444,51.59477777777778
ILG-ARON1,interconnector,5269,-0.0017444444444444,51.59477777777778
ILG-BKWE1,interconnector,5269,-0.0017444444444444,51.59477777777778
ILG-BPGM1,interconnector,5269,-0.0017444444444444,51.59477777777778
ILG-CBST1,interconnector,5269,-0.0017444444444444,51.59477777777778
ILG-CENT1,interconnector,5269,-0.0017444444444444,51.59477777777778
ILG-CETL1,interconnector,5269,-0.0017444444444444,51.59477777777778
ILG-CEZC1,interconnector,5269,-0.0017444444444444,51.59477777777778
ILG-CONS1,interconnector,5269,-0.0017444444444444,51.59477777777778
ILG-COPN1,interconnector,5269,-0.0017444444444444,51.59477777777778
ILG-DARE1,interconnector,5269,-0.0017444444444444,51.59477777777778
ILG-DMCC1,interconnector,5269,-0.0017444444444444,51.59477777777778
ILG-DSKC1,interconnector,5269,-0.0017444444444444,51.59477777777778
ILG-DUEN1,interconnector,5269,-0.0017444444444444,51.59477777777778
ILG-DUFE1,interconnector,5269,-0.0017444444444444,51.59477777777778
ILG-DVAL1,interconnector,5269,-0.0017444444444444,51.59477777777778
ILG-EDFT1,interconnector,5269,-0.0017444444444444,51.59477777777778
ILG-EDMK1,interconnector,5269,-0.0017444444444444,51.59477777777778
ILG-ELTR1,interconnector,5269,-0.0017444444444444,51.59477777777778
ILG-ENGM1,interconnector,5269,-0.0017444444444444,51.59477777777778
ILG-ENSC1,interconnector,5269,-0.0017444444444444,51.59477777777778
ILG-ENTC1,interconnector,5269,-0.0017444444444444,51.59477777777778
ILG-EPCO1,interconnector,5269,-0.0017444444444444,51.59477777777778
ILG-EZCO1,interconnector,5269,-0.0017444444444444,51.59477777777778
ILG-GLEN1,interconnector,5269,-0.0017444444444444,51.59477777777778
ILG-HART1,interconnector,5269,-0.0017444444444444,51.59477777777778
ILG-HELI1,interconnector,5269,-0.0017444444444444,51.59477777777778
ILG-INCM1,interconnector,5269,-0.0017444444444444,51.59477777777778
ILG-MCRA1,interconnector,5269,-0.0017444444444444,51.59477777777778
ILG-MFTE1,interconnector,5269,-0.0017444444444444,51.59477777777778
ILG-NEAS1,interconnector,5269,-0.0017444444444444,51.59477777777778
ILG-NEHO1,interconnector,5269,-0.0017444444444444,51.59477777777778
ILG-NITR1,interconnector,5269,-0.0017444444444444,51.59477777777778
ILG-NORL1,interconnector,5269,-0.0017444444444444,51.59477777777778
ILG-NTPL1,interconnector,5269,-0.0017444444444444,51.59477777777778
ILG-NWAT1,interconnector,5269,-0.0017444444444444,51.59477777777778
ILG-OPMX1,interconnector,5269,-0.0017444444444444,51.59477777777778
ILG-OUTL1,interconnector,5269,-0.0017444444444444,51.59477777777778
ILG-PREP1,interconnector,5269,-0.0017444444444444,51.59477777777778
ILG-PWMR1,interconnector,5269,-0.0017444444444444,51.59477777777778
ILG-QUAR1,interconnector,5269,-0.0017444444444444,51.59477777777778
ILG-RESP1,interconnector,5269,-0.0017444444444444,51.59477777777778
ILG-RISQ1,interconnector,5269,-0.0017444444444444,51.59477777777778
ILG-RWES1,interconnector,5269,-0.0017444444444444,51.59477777777778
ILG-SEFE1,interconnector,5269,-0.0017444444444444,51.59477777777778
ILG-SETL1,interconnector,5269,-0.0017444444444444,51.59477777777778
ILG-TGPL1,interconnector,5269,-0.0017444444444444,51.59477777777778
ILG-TRFD1,interconnector,5269,-0.0017444444444444,51.59477777777778
ILG-TRFG1,interconnector,5269,-0.0017444444444444,51.59477777777778
ILG-TRLS1,interconnector,5269,-0.0017444444444444,51.59477777777778
ILG-VOLT1,interconnector,5269,-0.0017444444444444,51.59477777777778
ILG-VSAL1,interconnector,5269,-0.0017444444444444,51.59477777777778
ILG-VTFS1,interconnector,5269,-0.0017444444444444,51.59477777777778
ILG-XNON1,interconnector,5269,-0.0017444444444444,51.59477777777778
ING-ALIP1,interconnector,4955,0.8645384615384615,51.808076923076925
ING-ALPE1,interconnector,4955,0.8645384615384615,51.808076923076925
ING-ARON1,interconnector,4955,0.8645384615384615,51.808076923076925
ING-AXPO1,interconnector,4955,0.8645384615384615,51.808076923076925
ING-BDEN1,interconnector,4955,0.8645384615384615,51.808076923076925
ING-BKWE1,interconnector,4955,0.8645384615384615,51.808076923076925
ING-BPGM1,interconnector,4955,0.8645384615384615,51.808076923076925
ING-CBST1,interconnector,4955,0.8645384615384615,51.808076923076925
ING-CENT1,interconnector,4955,0.8645384615384615,51.808076923076925
ING-CEZC1,interconnector,4955,0.8645384615384615,51.808076923076925
ING-CNGS1,interconnector,4955,0.8645384615384615,51.808076923076925
ING-CONS1,interconnector,4955,0.8645384615384615,51.808076923076925
ING-CONV1,interconnector,4955,0.8645384615384615,51.808076923076925
ING-COPN1,interconnector,4955,0.8645384615384615,51.808076923076925
ING-DARE1,interconnector,4955,0.8645384615384615,51.808076923076925
ING-DMCC1,interconnector,4955,0.8645384615384615,51.808076923076925
ING-DSKC1,interconnector,4955,0.8645384615384615,51.808076923076925
ING-DUFE1,interconnector,4955,0.8645384615384615,51.808076923076925
ING-DVAL1,interconnector,4955,0.8645384615384615,51.808076923076925
ING-EDFT1,interconnector,4955,0.8645384615384615,51.808076923076925
ING-EDMK1,interconnector,4955,0.8645384615384615,51.808076923076925
ING-ELEE1,interconnector,4955,0.8645384615384615,51.808076923076925
ING-ELTR1,interconnector,4955,0.8645384615384615,51.808076923076925
ING-ENET1,interconnector,4955,0.8645384615384615,51.808076923076925
ING-ENTC1,interconnector,4955,0.8645384615384615,51.808076923076925
ING-EPCO1,interconnector,4955,0.8645384615384615,51.808076923076925
ING-GASE1,interconnector,4955,0.8645384615384615,51.808076923076925
ING-GAZP1,interconnector,4955,0.8645384615384615,51.808076923076925
ING-GLEN1,interconnector,4955,0.8645384615384615,51.808076923076925
ING-HELI1,interconnector,4955,0.8645384615384615,51.808076923076925
ING-IDCE1,interconnector,4955,0.8645384615384615,51.808076923076925
ING-INCM1,interconnector,4955,0.8645384615384615,51.808076923076925
ING-KCST1,interconnector,4955,0.8645384615384615,51.808076923076925
ING-LMUS1,interconnector,4955,0.8645384615384615,51.808076923076925
ING-MCRA1,interconnector,4955,0.8645384615384615,51.808076923076925
ING-MFTE1,interconnector,4955,0.8645384615384615,51.808076923076925
ING-NEAS1,interconnector,4955,0.8645384615384615,51.808076923076925
ING-NEHO1,interconnector,4955,0.8645384615384615,51.808076923076925
ING-NEMO1,interconnector,4955,0.8645384615384615,51.808076923076925
ING-NITR1,interconnector,4955,0.8645384615384615,51.808076923076925
ING-NORL1,interconnector,4955,0.8645384615384615,51.808076923076925
ING-NTPL1,interconnector,4955,0.8645384615384615,51.808076923076925
ING-OMPX1,interconnector,4955,0.8645384615384615,51.808076923076925
ING-OPMX1,interconnector,4955,0.8645384615384615,51.808076923076925
ING-OUTL1,interconnector,4955,0.8645384615384615,51.808076923076925
ING-PWMR1,interconnector,4955,0.8645384615384615,51.808076923076925
ING-QUEN1,interconnector,4955,0.8645384615384615,51.808076923076925
ING-RESP1,interconnector,4955,0.8645384615384615,51.808076923076925
ING-RISQ1,interconnector,4955,0.8645384615384615,51.808076923076925
ING-RWES1,interconnector,4955,0.8645384615384615,51.808076923076925
ING-SETL1,interconnector,4955,0.8645384615384615,51.808076923076925
ING-SSEG1,interconnector,4955,0.8645384615384615,51.808076923076925
ING-STAT1,interconnector,4955,0.8645384615384615,51.808076923076925
ING-TGPL1,interconnector,4955,0.8645384615384615,51.808076923076925
ING-TRFD1,interconnector,4955,0.8645384615384615,51.808076923076925
ING-TRFG1,interconnector,4955,0.8645384615384615,51.808076923076925
ING-TRLS1,interconnector,4955,0.8645384615384615,51.808076923076925
ING-VOLT1,interconnector,4955,0.8645384615384615,51.808076923076925
ING-VSAL1,interconnector,4955,0.8645384615384615,51.808076923076925
ING-VTET1,interconnector,4955,0.8645384615384615,51.808076923076925
ING-XNON1,interconnector,4955,0.8645384615384615,51.808076923076925
ISD-DMCC1,interconnector,5950,-1.521,55.144
ISD-NDPL1,interconnector,5950,-1.521,55.144
ISG-DMCC1,interconnector,5950,-1.521,55.144
ISG-NDPL1,interconnector,5950,-1.521,55.144
IVD-ALIP1,interconnector,7909,-0.221,52.931
IVD-BDEN1,interconnector,7909,-0.221,52.931
IVD-CACM1,interconnector,7909,-0.221,52.931
IVD-COPN1,interconnector,7909,-0.221,52.931
IVD-DSKC1,interconnector,7909,-0.221,52.931
IVD-DVAL1,interconnector,7909,-0.221,52.931
IVD-EDMK1,interconnector,7909,-0.221,52.931
IVD-EENG1,interconnector,7909,-0.221,52.931
IVD-ELTR1,interconnector,7909,-0.221,52.931
IVD-ENSC1,interconnector,7909,-0.221,52.931
IVD-EZCO1,interconnector,7909,-0.221,52.931
IVD-HART1,interconnector,7909,-0.221,52.931
IVD-INCM1,interconnector,7909,-0.221,52.931
IVD-MFTE1,interconnector,7909,-0.221,52.931
IVD-NEAS1,interconnector,7909,-0.221,52.931
IVD-NEHO1,interconnector,7909,-0.221,52.931
IVD-NITR1,interconnector,7909,-0.221,52.931
IVD-NORL1,interconnector,7909,-0.221,52.931
IVD-NTPL1,interconnector,7909,-0.221,52.931
IVD-OPMX1,interconnector,7909,-0.221,52.931
IVD-PWMR1,interconnector,7909,-0.221,52.931
IVD-QUEN1,interconnector,7909,-0.221,52.931
IVD-RESP1,interconnector,7909,-0.221,52.931
IVD-RWES1,interconnector,7909,-0.221,52.931
IVD-TGPL1,interconnector,7909,-0.221,52.931
IVD-TRLS1,interconnector,7909,-0.221,52.931
IVD-VSAL1,interconnector,7909,-0.221,52.931
IVD-VTFS1,interconnector,7909,-0.221,52.931
IVG-ALIP1,interconnector,7909,-0.221,52.931
IVG-BDEN1,interconnector,7909,-0.221,52.931
IVG-CACM1,interconnector,7909,-0.221,52.931
IVG-COPN1,interconnector,7909,-0.221,52.931
IVG-DSKC1,interconnector,7909,-0.221,52.931
IVG-DVAL1,interconnector,7909,-0.221,52.931
IVG-EDMK1,interconnector,7909,-0.221,52.931
IVG-EENG1,interconnector,7909,-0.221,52.931
IVG-ELTR1,interconnector,7909,-0.221,52.931
IVG-ENSC1,interconnector,7909,-0.221,52.931
IVG-EZCO1,interconnector,7909,-0.221,52.931
IVG-HART1,interconnector,7909,-0.221,52.931
IVG-INCM1,interconnector,7909,-0.221,52.931
IVG-MFTE1,interconnector,7909,-0.221,52.931
IVG-NEAS1,interconnector,7909,-0.221,52.931
IVG-NEHO1,interconnector,7909,-0.221,52.931
IVG-NITR1,interconnector,7909,-0.221,52.931
IVG-NORL1,interconnector,7909,-0.221,52.931
IVG-NTPL1,interconnector,7909,-0.221,52.931
IVG-OPMX1,interconnector,7909,-0.221,52.931
IVG-PWMR1,interconnector,7909,-0.221,52.931
IVG-QUEN1,interconnector,7909,-0.221,52.931
IVG-RESP1,interconnector,7909,-0.221,52.931
IVG-RWES1,interconnector,7909,-0.221,52.931
IVG-TGPL1,interconnector,7909,-0.221,52.931
IVG-TRLS1,interconnector,7909,-0.221,52.931
IVG-VSAL1,interconnector,7909,-0.221,52.931
IVG-VTFS1,interconnector,7909,-0.221,52.931
CAS-BEU01,cascade,6438,-4.552586,57.444705
CAS-CLU01,cascade,6460,-3.778355,56.716948
CAS-CON01,cascade,6437,-4.830066,57.619203
CAS-GAR01,cascade,6437,-5.289194,57.066143
CAS-KIL01,cascade,8019,-4.307751,56.470679
CAS-MOR01,cascade,6437,-4.962463,57.144936
SLOY-1,hydro,6454,-4.735107,56.200593
SLOY-4,hydro,6454,-4.735107,56.200593
RHAMD-1,load,6029,-1.319,53.452
ACHRW-1,onwind,8520,-2.492993,55.923317
AFTOW-1,onwind,5905,-4.165,55.312
AKGLW-2,onwind,5893,-4.713441,54.970896
AKGLW-3,onwind,5893,-4.713441,54.970896
ANSUW-1,onwind,5899,-4.63623,55.14121
ARCHW-1,onwind,5893,-4.825652,55.222814
BEINW-1,onwind,6438,-4.42749,58.077876
BHLAW-1,onwind,5914,-4.033976,55.117955
BLKWW-1,onwind,5915,-3.482666,55.590763
BOWLW-1,offwind,5896,-5.537109,55.683779
BURWS-1,solar,4950,0.302,52.283
BUSTB-1,battery,6011,-2.02,52.549
CARR-1,fossil,5980,-2.504883,53.455349
CARR-2,fossil,5980,-2.504883,53.455349
CDCL-1,fossil,6045,-0.86792,53.219191
CGTHW-1,onwind,6440,-4.359638,57.190085
CNQPS-1,fossil,5939,-3.080651,53.231871
CNQPS-2,fossil,5939,-3.080651,53.231871
CNQPS-3,fossil,5939,-3.080651,53.231871
CNQPS-4,fossil,5939,-3.080651,53.231871
COUWW-1,onwind,5896,-5.484929,55.680679
COWB-1,battery,5234,-1.189058,51.709925
CREAW-1,onwind,6438,-4.504,58.21
CRGHW-1,onwind,6454,-4.790039,56.389584
CRMLW-1,onwind,6437,-4.838531,57.694245
CRUA-1,PHS,5931,-3.966064,53.080827
CRUA-2,PHS,5931,-3.966064,53.080827
CRUA-3,PHS,5931,-3.966064,53.080827
CRUA-4,PHS,5931,-3.966064,53.080827
CRYRW-2,onwind,6490,-2.39502,55.893796
CRYRW-3,onwind,6490,-2.39502,55.893796
CUMHW-1,onwind,5911,-3.991,55.567
DALQW-1,onwind,5911,-3.89,55.585
DAMC-1,fossil,4969,0.549316,51.460852
DIDCB5,fossil,5249,-1.26757,51.62363
DIDCB6,fossil,5249,-1.26757,51.62363
DINO-1,PHS,5931,-3.977051,53.008173
DINO-6,PHS,5931,-3.977051,53.008173
DNLWW-1,onwind,5943,-2.296143,55.776573
DOREW-1,onwind,6447,-2.795,57.448
DOREW-2,onwind,6447,-2.795,57.448
DOUGW-1,onwind,5911,-3.888,55.593
DRAXX-1,biomass,8021,-0.626221,53.748711
DRAXX-2,biomass,8021,-0.626221,53.748711
DRAXX-3,biomass,8021,-0.626221,53.748711
DRAXX-4,biomass,8021,-0.626221,53.748711
DRAXX-5,biomass,8021,-0.626221,53.748711
DRAXX-6,biomass,8021,-0.626221,53.748711
DRSLW-1,onwind,5905,-4.484173,55.311291
EECL-1,fossil,7286,-0.022763,51.662337
ERRO-1,hydro,6460,-3.790283,56.734649
ERRO-2,hydro,6460,-3.790283,56.734649
ERRO-3,hydro,6460,-3.790283,56.734649
EWHLW-1,onwind,5920,-3.205105,55.228662
FALGW-1,onwind,7471,-2.768555,55.936895
FAARW-1,onwind,6440,-4.094167,57.325
FAARW-2,onwind,6440,-4.094167,57.325
FASN-1,hydro,6437,-4.793703,57.325887
FASN2,hydro,6437,-4.793703,57.325887
FFES-1,PHS,6440,-4.361572,57.237449
FFES-3,PHS,6440,-4.361572,57.237449
FFES-4,PHS,6440,-4.361572,57.237449
FINL-1,hydro,6468,-3.614502,56.279961
FOYE-1,PHS,6452,-5.393722,56.34286
FOYE-2,PHS,6452,-5.393722,56.34286
FOYED-1,PHS,6438,-4.4835277777778,57.262111111111
GLNDO-1,hydro,6437,-5.174561,57.15412
GLNKW-1,onwind,6440,-4.241,57.25
GLWSW-1,onwind,5911,-3.921928,55.534273
GNAPW-1,onwind,5893,-5.026858,55.021378
GORDW-1,onwind,6441,-3.834229,58.066256
GORDW-2,onwind,6441,-3.834229,58.066256
GRAI1G,fossil,4972,0.70805555555556,51.443055555556
GRAI4G,fossil,4972,0.70805555555556,51.443055555556
GRIFW-1,onwind,8020,-3.394775,56.529199
GRIFW-2,onwind,8020,-3.394775,56.529199
GRMO-1,fossil,6482,-3.032227,55.930741
HALSW-1,onwind,6443,-3.425,58.456
HEYM11,nuclear,5201,-3.317871,51.138001
HEYM12,nuclear,5201,-3.317871,51.138001
HEYM2D-1,nuclear,5924,-2.91504,54.0273
HEYM27,nuclear,5201,-3.317871,51.138001
HEYM28,nuclear,5201,-3.317871,51.138001
HRSTW-1,onwind,5917,-3.636475,55.229023
HRTL-1,nuclear,5924,-2.916111111,54.02888889
HRTL-2,nuclear,5924,-2.916111111,54.02888889
HUMR-1,fossil,5981,-2.405816,53.165426
HUNBD-1,nuclear,5896,-4.89009,55.7221
INDQ-1,fossil,4969,0.602702,51.418947
KEAD-1,fossil,6038,-0.494385,53.585984
KEAD-2,fossil,7946,-0.7522,53.5952
KEADGT-3,fossil,6038,-0.494385,53.585984
KENNW-1,onwind,5911,-3.916,55.49
KILBW-1,onwind,6441,-4.0564,58.0395
KILLPG-1,fossil,6041,-0.25511,53.65952
KILLPG-2,fossil,6041,-0.25511,53.65952
KLGLW-1,onwind,5893,-4.76528,55.05
KPMRW-1,onwind,5907,-4.069,55.679
KTHLW-1,onwind,7471,-2.825456,55.817272
KYPEW-1,onwind,5907,-4.063,55.629
LAGA-1,fossil,5209,-3.966064,50.492463
LARKS-1,solar,5225,-2.477369,51.57851
LBAR-1,fossil,7454,-0.230713,52.22107
LBAR-1G,fossil,7454,-0.230713,52.22107
LCLTW-1,onwind,6438,-4.559326,57.73935
MEDP-1,fossil,4974,0.889893,51.378638
MIDMW-1,onwind,5914,-3.776,55.495
MILWW-1,onwind,6437,-4.866943,57.219608
MKHLW-1,onwind,5893,-4.822998,55.160043
MRWD-1,fossil,5253,-1.351318,50.903033
NANT-1,hydro,6452,-5.251465,56.163906
PEHE-1,fossil,6485,-1.867676,57.527622
PEHE-2,fossil,6485,-1.867676,57.527622
PEHED-1,fossil,6485,-1.78888,57.4772
PEMB-11,fossil,5183,-4.996378,51.684368
PEMB-21,fossil,5183,-4.996378,51.684368
PEMB-31,fossil,5183,-4.996378,51.684368
PEMB-41,fossil,5183,-4.996378,51.684368
PEMB-51,fossil,5183,-4.996378,51.684368
RATS-1,fossil,6049,-1.219482,52.855864
RATS-2,fossil,6049,-1.219482,52.855864
RATS-3,fossil,6049,-1.219482,52.855864
RATS-4,fossil,6049,-1.219482,52.855864
RATSGT-2,fossil,6049,-1.219482,52.855864
RATSGT-4,fossil,6049,-1.219482,52.855864
ROCK-1,fossil,5974,-2.592773,53.330873
RYHPS-1,fossil,5243,-0.285645,51.815407
SAKNW-1,onwind,5914,-4.025,55.346
SANQW-1,onwind,5914,-4.023363,55.322673
SCCL-1,fossil,6037,-0.131836,53.833081
SCCL-2,fossil,6037,-0.131836,53.833081
SCCL-3,fossil,6037,-0.131836,53.833081
SEAB-1,fossil,5224,-2.614746,51.481383
SEAB-2,fossil,5224,-2.614746,51.481383
SEEL-1,fossil,6053,-0.1321,52.8078
SIZB-1,nuclear,5943,-2.054443,55.813629
SIZB-2,nuclear,5943,-2.054443,55.813629
SLOY-2,hydro,6454,-4.735107,56.200593
SLOY-3,hydro,6454,-4.735107,56.200593
SPLN-1,fossil,6053,-0.252686,52.816043
STAY-1,fossil,6047,-0.98877,53.041213
STAY-2,fossil,6047,-0.98877,53.041213
STAY-3,fossil,6047,-0.98877,53.041213
STAY-4,fossil,6047,-0.98877,53.041213
STLGW-1,onwind,6460,-4.056,57.081
STLGW-2,onwind,6460,-4.056,57.081
STLGW-3,onwind,6460,-4.056,57.081
STRNW-1,onwind,6441,-3.89086,58.385271
SUTB-1,fossil,5888,0.098877,52.62306
SVRP-10,fossil,5188,-3.065186,51.740636
SVRP-20,fossil,5188,-3.065186,51.740636
TDBNW-1,onwind,7471,-2.81,55.77
TORN-1,nuclear,5923,-4.405518,53.370221
TORN-2,nuclear,5923,-4.405518,53.370221
TORND-1,nuclear,6490,-2.40908,55.968
TRLGW-1,onwind,5893,-4.81,55.23
TSREP-1,fossil,5964,-1.12042,54.5768
TWSHW-1,onwind,5914,-3.9185,55.3142
WBURB-1,fossil,6033,-0.53833,53.363665
WBURB-2,fossil,6033,-0.53833,53.363665
WBURB-3,fossil,6033,-0.53833,53.363665
WBURB-41,battery,6033,-0.538,53.364
WBURB-43,battery,6033,-0.538,53.364
WDRGW-1,onwind,5905,-4.306,55.244
WHIHW-1,onwind,5914,-4.02,55.32
WHLWB-1,battery,8037,-4.17331,55.6954
WILCT-1,fossil,5964,-1.1185,54.5894
WISHB-1,battery,8035,-3.93867,55.76927
WISTW-2,onwind,6486,-2.374558,56.844014
WYLF-1,nuclear,4960,0.241667,51.465278
WYLF-2,nuclear,4960,0.241667,51.465278
WYLF-3,nuclear,4960,0.241667,51.465278
WYLF-4,nuclear,4960,0.241667,51.465278
AG-CBS06B,battery,6008,-1.37484,53.22386
AG-HEL00G,battery,5970,-2.643,53.787
AG-HEL0DN,battery,6473,-3.204,56.166
AG-HEL0CP,battery,6473,-2.995,56.324
COVNB-1,battery,5223,-1.508,52.409
PINFB-2,battery,5940,-2.9435833333333,53.265694444444
PINFB-1,battery,5940,-2.9435833333333,53.265694444444
ARNKB-1,battery,6011,-2.0,52.61
PINFB-4,battery,5940,-2.9435833333333,53.265694444444
FARNB-1,battery,5251,-0.791,51.21
NURSB-1,battery,5230,-1.484869,50.942355
FFSE01,battery,5953,-1.473,55.016
POTES-1,battery,5953,-1.455827,54.977384
KEMB-1,battery,4970,0.737,51.364
AG-ZEN03J,battery,4969,0.477,51.302
PNYCB-1,battery,5192,-3.564,51.709
NFSE02,battery,8489,-3.588,55.907
AG-GEDF02,battery,8838,-2.254,53.197
AG-GEDF01,battery,8838,-2.254,53.197
ZEN02A,battery,4955,0.591,52.07
DINO-5,PHS,5931,-3.977051,53.008173
AG-LLIM02,battery,5204,-3.157186,51.018497
DINO-4,PHS,5931,-3.977051,53.008173
PINFB-3,battery,5940,-2.9435833333333,53.265694444444
FFES-2,PHS,6440,-4.361572,57.237449
ARBRB-1,battery,6462,-2.619634,56.56497
DINO-3,PHS,5931,-3.977051,53.008173
AG-ASTK05,battery,4950,0.126,52.197
AG-LLIM01,battery,5224,-2.652,51.516
DOLLB-1,battery,4968,0.56,51.6
CUPAB-1,battery,6473,-3.013,56.316
AG-MSTK01,battery,6035,-0.405,53.791
AG-JSTK02,battery,5262,-0.334,51.231
AG-HSTK02,battery,5226,-1.962,51.615
AG-HSTK01,battery,5226,-1.962,51.615
HAWKB-1,battery,5229,-2.208174,51.013772
DINO-2,PHS,5931,-3.977051,53.008173
CLDNW-1,onwind,5919,-3.35083,55.310391
CLDSW-1,onwind,5919,-3.35083,55.310391
DUNGW-1,onwind,6440,-4.255802,57.25148
HADHW-1,onwind,5899,-4.702148,55.247815
CLDCW-1,onwind,5919,-3.35083,55.310391
CLDRW-1,onwind,6448,-2.922363,57.308724
EDINW-1,onwind,6452,-6.229248,57.279043
FSDLW-1,onwind,5896,-5.479859,55.780803
MYGPW-1,onwind,5917,-3.514802,55.248768
PNYCW-1,onwind,8290,-3.561358,51.710658
SOKYW-1,onwind,5905,-4.2,55.317
BABAW-1,onwind,5925,-3.283333,53.983333
BRNLW-1,onwind,5926,-3.19582,53.487739
BURBW-1,offwind,5926,-3.273,53.484
HYWDW-1,offwind,6485,-1.35,57.483
KINCW-1,offwind,6487,-1.8596,57.0046
BEATO-1,offwind,6443,-3.07,58.13
BEATO-3,offwind,6443,-3.07,58.13
BEATO-4,offwind,6443,-3.07,58.13
BLLA-1,offwind,5951,-1.401,55.131
BLLA-2,offwind,5951,-1.401,55.131
BRBEO-1,offwind,5926,-3.273,53.484
COSO-1,fossil,4972,0.834961,51.542919
DBAWO-1,offwind,5889,1.9301,54.7489
DBAWO-2,offwind,5889,1.9301,54.7489
DBAWO-3,offwind,5889,1.9301,54.7489
DBAWO-4,offwind,5889,1.9301,54.7489
DBAWO-5,offwind,5889,1.9301,54.7489
DDGNO-1,offwind,5889,1.39,53.249
DDGNO-2,offwind,5889,1.39,53.249
DDGNO-3,offwind,5889,1.39,53.249
DDGNO-4,offwind,5889,1.39,53.249
DNGBD-1,nuclear,4979,0.95976,50.9134
DNGB21,nuclear,5963,-1.098633,54.686534
DNGB22,nuclear,5963,-1.098633,54.686534
EAAO-1,offwind,4980,2.3,52.66
EAAO-2,offwind,4980,2.3,52.66
GAOFO-1,offwind,4980,2.035,51.893
GAOFO-3,offwind,4980,2.035,51.893
GAOFO-2,offwind,4980,2.035,51.893
GAOFO-4,offwind,4980,2.035,51.893
GNFSW-1,offwind,4956,1.174444,51.739444
GNFSW-2,offwind,4956,1.174444,51.739444
GRAI-6,fossil,4972,0.703125,51.47454
GRAI-7,fossil,4972,0.703125,51.47454
GRAI-8,fossil,4972,0.703125,51.47454
GYMRO-15,offwind,5932,-3.584,53.459
GYMRO-17,offwind,5932,-3.584,53.459
GYMRO-26,offwind,5932,-3.584,53.459
GYMRO-28,offwind,5932,-3.584,53.459
HINB-7,nuclear,5898,-4.822998,55.646599
HINB-8,nuclear,5898,-4.822998,55.646599
HINBD-1,nuclear,5202,-3.1280887,51.2088898
HMGTO-1,offwind,6043,0.293,53.644
HMGTO-2,offwind,6043,0.293,53.644
HOWAO-1,offwind,5889,1.791,53.885
HOWAO-2,offwind,5889,1.791,53.885
HOWAO-3,offwind,5889,1.791,53.885
HOWBO-1,offwind,5889,1.5518,53.91
HOWBO-2,offwind,5889,1.5518,53.91
HOWBO-3,offwind,5889,1.5518,53.91
LARYO-1,offwind,4975,1.362305,51.645294
LARYO-2,offwind,4975,1.362305,51.645294
LARYO-3,offwind,4975,1.362305,51.645294
LARYO-4,offwind,4975,1.362305,51.645294
LNCSO-1,offwind,5888,0.527344,53.265213
LNCSO-2,offwind,5888,0.527344,53.265213
MOWEO-1,offwind,6447,-2.69852,58.16708
MOWEO-2,offwind,6447,-2.69852,58.16708
MOWEO-3,offwind,6447,-2.69852,58.16708
RCBKO-1,offwind,5888,0.841,53.276
RCBKO-2,offwind,5888,0.841,53.276
RMPNO-1,offwind,5273,-0.27,50.67
RMPNO-2,offwind,5273,-0.27,50.67
RREW-1,offwind,5919,-3.716667,54.75
RRWW-1,offwind,5919,-3.716667,54.75
SGRWO-2,offwind,6487,-1.741,56.588
SGRWO-3,offwind,6487,-1.741,56.588
SGRWO-4,offwind,6487,-1.741,56.588
SGRWO-5,offwind,6487,-1.741,56.588
SGRWO-6,offwind,6487,-1.741,56.588
SHBA-1,fossil,6043,-0.131836,53.618579
SHBA-2,fossil,6043,-0.131836,53.618579
SHRSO-1,offwind,5889,1.147,53.135
SHRSO-2,offwind,5889,1.147,53.135
TKNEW-1,offwind,5889,0.9,53.4
TKNWW-1,offwind,5889,0.9,53.4
WDNSO-1,offwind,5932,-3.768311,53.923751
WDNSO-2,offwind,5932,-3.768311,53.923751
WHILW-1,onwind,5925,-3.463,53.983
WHILW-2,onwind,5925,-3.463,53.983
WLNYO-2,offwind,5925,-3.522,54.044
WLNYO-3,offwind,5925,-3.522,54.044
WLNYO-4,offwind,5925,-3.522,54.044
WLNYW-1,offwind,5925,-3.522,54.044
WTMSO-1,offwind,6037,0.681152,53.943155
BEATO-2,offwind,6443,-3.07,58.13
THNTO-2,offwind,4975,1.461182,51.385495
THNTO-1,offwind,4975,1.461182,51.385495
GRGBW-1,offwind,4980,1.713867,52.066
GRGBW-2,offwind,4980,1.713867,52.066
GRGBW-3,offwind,4980,1.713867,52.066
SGRWO-1,offwind,6487,-1.741,56.588
ABRBO-1,offwind,6487,-1.98333,57.2167
OMNDO-1,offwind,5925,-3.4,54.1
RSCRB-1,demand_flex,distributed,distributed,distributed
CASKD-1,demand_flex,distributed,distributed,distributed
SFGSD-1,demand_flex,distributed,distributed,distributed
SFGSD-2,demand_flex,distributed,distributed,distributed
SFERD-1,demand_flex,distributed,distributed,distributed
EAS-SEL01,demand_flex,distributed,distributed,distributed
SEE-PGU01,demand_flex,distributed,distributed,distributed
YEP-ATL01,demand_flex,distributed,distributed,distributed
YEP-PGU01,demand_flex,distributed,distributed,distributed
