name,type,status,country,latitude,longitude,injection
Northern Michigan Basin Carbonsafe Integrated Pre-Feasibility Project,Storage,Potential,United States,44.7241,-85.522351,
North Dakota Integrated Carbon Storage Complex Feasibility Study,Storage,Potential,United States,47.197797,-101.6796,
Nebraska Integrated Carbon Capture and Storage Pre-Feasibility Study,Storage,Potential,United States,41.158381,-101.127248,
"Integrated Pre-Feasibility Study of a Commercial-Scale Commercial Carbon Capture Project in Formations of the Rock Springs Uplift, Wyoming",Storage,Potential,United States,41.577869,-109.207281,
Integrated Mid-Continent Stacked Carbon Storage Hub,Storage,Potential,United States,40.341002,-97.793843,
"Integrated Commercial Carbon Capture and Storage PreFeasibility Study at Dry Fork Station, Wyoming",Storage,Potential,United States,44.388915,-105.461027,
Integrated CCS Pre-Feasibility in the Northwest Gulf of Mexico,Storage,Potential,United States,29.17706,-94.707493,
Integrated Carbon Capture and Storage in the Louisiana Chemical Corridor,Storage,Potential,United States,30.075864,-91.161065,
Integrated Carbon Capture and Storage in Kansas,Storage,Potential,United States,37.258813,-97.4817,
Hassi Touareg Project,Storage,Potential,Algeria,30.565029,6.433333,
"Establishing An Early Carbon Dioxide Storage (ECO2S) Complex in Kemper County, Mississippi: Project ECO2S",Storage,Potential,United States,32.746504,-88.647387,
CarbonSAFE Illinois Macon County,Storage,Potential,United States,39.845347,-88.953416,
CarbonSAFE Illinois East Sub-Basin,Storage,Potential,United States,39.800683,-87.975712,
California CO2 Storage Assurance Facility Enterprise (C2SAFE),Storage,Potential,United States,35.385317,-119.297308,
ZENG Worsham-Steed,Capture & Storage,Potential,United States,32.461351,-97.890919,870
Yulin Coal to Chemicals CCS,Capture & Storage,Potential,China,38.237528,109.717015,"5,480"
White Rose CCS Project,Capture & Storage,Potential,United Kingdom,53.744732,-0.998704,
Riley Ridge Gas Plant,Capture & Storage,Potential,United States,42.4756,-110.489,
Poza Rica EOR Project,Capture & Storage,Potential,Mexico,20.526377,-97.491807,8
Petrom Zero Emissions Plant (ZEP),Capture & Storage,Potential,Romania,45.929741,22.848412,
North Bohemia Clean Coal Project,Capture & Storage,Potential,Czech Republic,50.086012,14.43126,15
Masdar CCS Project,Capture & Storage,Potential,United Arab Emirates,24.22123,54.466994,"11,782"
Ledvice CEZ Capture and Storage Project,Capture & Storage,Potential,Czech Republic,50.575824,13.77955,
Jamestown BPU,Capture & Storage,Potential,United States,42.09919739,-79.23827362,98
ICO2N Network,Capture & Storage,Potential,Canada,51.113532,-114.112924,
Galilee Power Project,Capture & Storage,Potential,Australia,-23.473166,146.551237,
Dongguan Taiyangzhou IGCC,Capture & Storage,Potential,China,23.002269,113.750935,"2,740"
Don Valley CCS Power Project,Capture & Storage,Potential,United Kingdom,53.591456,-1.020039,"13,700"
Dagang Huashi Power CCS + EOR,Capture & Storage,Potential,China,39.051371,117.412391,"6,165"
ConocoPhillips - Immingham pre-combustion Project,Capture & Storage,Potential,United Kingdom,53.633126,-0.24317,"20,550"
China Resources Power (Haifeng) Integrated Carbon Capture and Sequestration Demonstration Project,Capture & Storage,Potential,China,22.7724,115.352,"2,740"
Carbonsafe Rocky Mountain Phase I: Ensuring Safe Subsurface Storage of Carbon Dioxide in the Intermountain West,Capture & Storage,Potential,United States,39.107347,-110.867393,
CAB-CS: Central Appalachian Basin CarbonSAFE Integrated Pre-Feasibility Project,Capture & Storage,Potential,United States,40.271999,-81.859679,
Shenhua Ningxia CTL Project,Capture,Potential,China,38.5318,106.249,
Shanxi International Energy Oxyfuel Project,Capture,Potential,China,37.778832,112.474995,"6,850"
Hodonin CO2 Separation Project,Capture,Potential,Czech Republic,48.848936,17.132222,
HARP-Heartland Area Redwater Project,Storage,Hold,Canada,53.945484,-113.067108,"100,000"
Altmark Sequestration,Storage,Hold,Germany,52.83368,11.154315,"100,000"
ULCOS Florange,Capture & Storage,Hold,France,49.323907,6.091537,"1,370"
Sinopec Qilu Petrochemical CCS Project,Capture & Storage,Hold,China,37.4142,118.607,"1,370"
Sargas Husnes Norwegian Clean Coal Plant Project,Capture & Storage,Hold,Norway,59.85858,5.740327,"7,124"
RWE IGCC Plant with CO2 Storage,Capture & Storage,Hold,Germany,50.863656,6.838015,"7,124"
Porto Tolle,Capture & Storage,Hold,Italy,44.955975,12.488261,"2,740"
PCOR Development Phase - Ft. Nelson Project,Capture & Storage,Hold,Canada,58.653455,-122.689083,"5,480"
Nuon Magnum IGCC Plant with Capture Option,Capture & Storage,Hold,Netherlands,53.447939,6.853228,
Moomba Cooper Basin Carbon Storage Project,Capture & Storage,Hold,Australia,-28.113216,140.206906,"54,800"
Mesaba Energy Project,Capture & Storage,Hold,United States,47.30176,-93.371553,"12,330"
Lima Polygen,Capture & Storage,Hold,United States,40.717629,-84.111123,"7,672"
Karsto NGCC Capture Project,Capture & Storage,Hold,Norway,59.280426,5.523822,274
Japan-China EOR Project,Capture & Storage,Hold,China,45.96659088,126.6637726,"2,740"
In Salah Gas Storage Project,Capture & Storage,Hold,Algeria,27.185919,2.497676,"3,288"
Hydrogen Power Abu Dhabi Project,Capture & Storage,Hold,United Arab Emirates,24.47527313,54.36998749,"4,658"
Getica CCS Demonstration Project,Capture & Storage,Hold,Romania,44.669722,23.407778,
FuturGas Project,Capture & Storage,Hold,Australia,-36.66844559,139.9955444,"2,055"
Duke Energy - Edwardsport Plant,Capture & Storage,Hold,United States,38.80667877,-87.24694824,70
Duke Energy - Cliffside Plant,Capture & Storage,Hold,United States,35.219122,-81.761418,90
Datang Daqing CCS Project,Capture & Storage,Hold,China,46.576277,125.228479,"2,740"
Coastal Energy IGCC Project (Teesside),Capture & Storage,Hold,United Kingdom,54.575354,-1.127528,"6,302"
Cash Creek IGCC,Capture & Storage,Hold,United States,37.843695,-87.590435,
Captain Clean Energy Project,Capture & Storage,Hold,Scotland,56.014195,-3.692054,"10,412"
Bow City Power Project,Capture & Storage,Hold,Canada,50.426664,-112.218873,"2,740"
Bintulu CCS Project,Capture & Storage,Hold,Malaysia,3.25,113.12,"8,220"
Bent County IGCC Plant,Capture & Storage,Hold,United States,37.8567,-103.1112,"4,200,000"
Belle Plaine Polygen Capture (for EOR),Capture & Storage,Hold,Canada,50.395646,-105.153207,"2,740"
Aalborg - Northern Jutland Power Station Project,Capture & Storage,Hold,Denmark,57.073957,10.040272,"4,932"
Sargas Natural Gas CCS,Capture,Hold,Norway,62.980253,6.964092,
RWE CCS Eemshaven,Capture,Hold,Netherlands,53.442813,6.850781,"3,288"
DKRW Energy LLC,Capture,Hold,United States,41.896108,-106.20491,
Bulgarian TETs Maritsa East 2,Capture,Hold,Bulgaria,42.255494,26.131763,"3,600,000"
American Electric Power - Northeastern Station,Capture,Hold,United States,36.430797,-95.700805,"4,110"
American Electric Power - Great Bend IGCC,Capture,Hold,United States,38.927706,-81.768613,
Alberta Saline Aquifer Project & Genesee Demonstration Project,Capture,Hold,Canada,53.343584,-114.303553,"2,740"
ZeroGen Project,Capture & Storage,Terminated,Australia,-23.510207,150.319062,"1,151"
Wallula IGCC Plant,Capture & Storage,Terminated,United States,46.102622,-118.918573,65
Vattenfall Janschwalde,Capture & Storage,Terminated,Germany,51.8334245,14.4720226,"4,658"
Vales Point Power Station CCS Demonstration,Capture & Storage,Terminated,Australia,-33.161057,151.542996,
Trailblazer Energy Center,Capture & Storage,Terminated,United States,32.525131,-100.262633,"15,755"
Swan Hills in-situ Coal Gasification/Sagitawah Power Project,Capture & Storage,Terminated,Canada,54.565619,-115.731991,"3,562"
Surat Basin CCS Project,Capture & Storage,Terminated,Australia,-25.067967,148.595423,"6,850"
Summit Energy - Texas Clean Energy Project (TCEP),Capture & Storage,Terminated,United States,31.74604,-102.608324,"6,302"
Scottish Power - Longannet CCS,Capture & Storage,Terminated,Scotland,56.04833,-3.68249,
Scottish Power - Longannet Biomass Power,Capture & Storage,Terminated,Scotland,56.04833,-3.68249,
Schwarze Pumpe (Vattenfall CO2-Free Oxyfuel Plant),Capture & Storage,Terminated,Germany,51.531127,14.351916,216
SaskPower Oxyfuel,Capture & Storage,Terminated,Canada,49.088206,-102.864847,"8,000"
Saline Joniche SEI,Capture & Storage,Terminated,Italy,37.93491,15.725314,0
RWE nPower - Tilbury Project in UK,Capture & Storage,Terminated,United Kingdom,51.456074,0.38857,90
PureGen project,Capture & Storage,Terminated,United States,40.608355,-74.219695,90
Pioneer Project,Capture & Storage,Terminated,Canada,53.447382,-114.449536,"2,740"
Pernis Refinery Project,Capture & Storage,Terminated,Netherlands,51.881705,4.359552,"1,096"
NRG Energy Inc. (Huntley IGCC Project),Capture & Storage,Terminated,United States,43.017819,-78.88077,65
Monash Energy C to L CO2 Capture and Storage Project,Capture & Storage,Terminated,Australia,-38.235301,146.57174,"35,620"
Leucadia Energy Capture Project - Louisiana,Capture & Storage,Terminated,United States,30.189176,-93.306548,"12,330"
Kwinana Project,Capture & Storage,Terminated,Australia,-32.215362,115.776058,"10,960"
Kentucky NewGas project,Capture & Storage,Terminated,United States,37.293611,-87.118872,"13,700"
Kemper County IGCC Project,Capture & Storage,Terminated,United States,32.649461,-88.757013,"8,220"
Kedzierzyn,Capture & Storage,Terminated,Poland,50.316361,18.251953,"6,850"
Hydrogen Energy California Project,Capture & Storage,Terminated,United States,35.332443,-119.383456,"7,124"
Hunton Energy Freeport Plant,Capture & Storage,Terminated,United States,28.9773217,-95.3509855,"21,920"
Hunterston Station CCS,Capture & Storage,Terminated,Scotland,55.720961,-4.895658,
Hazelwood Post-Combustion 2030 Project,Capture & Storage,Terminated,Australia,-38.27297592,146.3917847,50
Halten CO2 Project (Draugen-Heidrun),Capture & Storage,Terminated,Norway,63.41136551,8.729652405,"6,850"
FutureGen - Tuscola,Capture & Storage,Terminated,United States,39.801556,-88.325743,
FutureGen - Odessa,Capture & Storage,Terminated,United States,31.85984802,-102.3777237,
FutureGen - Mattoon,Capture & Storage,Terminated,United States,39.496862,-88.440473,
FutureGen - Jewett,Capture & Storage,Terminated,United States,31.36325836,-96.14356995,
FutureGen 2.0,Capture & Storage,Terminated,United States,39.773533,-90.097383,"2,740"
First Energy Bay Shore Plant,Capture & Storage,Terminated,United States,41.689842,-83.437491,438
Fairview ZeroCarbon Project,Capture & Storage,Terminated,Australia,-25.843656,148.565414,274
E.ON Ruhrgas Killingholme IGCC,Capture & Storage,Terminated,United Kingdom,53.65401077,-0.258845001,"6,850"
DONG Energy - High-Efficiency PC Plant in Greifswalde,Capture & Storage,Terminated,Germany,54.081028,13.488122,90
CATO1 - Rotterdam ROAD project,Capture & Storage,Terminated,Netherlands,51.958989,4.026485,"3,014"
Browse LNG,Capture & Storage,Terminated,Australia,-14.43468022,120.6738281,
BP-Peterhead Hydrogen Power Plant/Miller Field Project,Capture & Storage,Terminated,Scotland,57.477624,-1.788701,"2,740"
Belchatow CCS Project,Capture & Storage,Terminated,Poland,51.266389,19.330556,"4,932"
Baard Energy - Ohio River Clean Fuels,Capture & Storage,Terminated,United States,40.602446,-80.650773,85
Aviva Corp Coolimba Oxyfuel Project,Capture & Storage,Terminated,Australia,-29.81,115.24,"7,946"
American Electric Power - Mountaineer,Capture & Storage,Terminated,United States,38.97882462,-81.938797,"15,000"
Taylorville Energy Center,Capture,Terminated,United States,39.589044,-89.188766,55
Sweeny Polygeneration with CO2 Capture,Capture,Terminated,United States,29.07198,-95.749718,"13,700"
Seminole Electric Cooperative,Capture,Terminated,United States,29.7329,-81.6332,"13,801"
Scottish Power - Cockenzie Project,Capture,Terminated,United Kingdom,55.967693,-2.9709975,5
RWE nPower - Blyth Post-Combustion Project,Capture,Terminated,United Kingdom,55.143175,-1.527295,"8,220"
Nuon Power Buggenum,Capture,Terminated,Netherlands,51.22278,5.9733,822
NRG Energy Inc. (Somerset Plant),Capture,Terminated,United States,41.73715,-71.146057,
Lianyungang IGCC with CO2 Capture,Capture,Terminated,China,34.596891,119.220804,"2,740"
FINNCAP - Meri Pori CCS Project,Capture,Terminated,Finland,61.631878,21.40684,"3,288"
E.ON Kingsnorth Ruhrgas UK Post-Combustion Project,Capture,Terminated,United Kingdom,51.418737,0.601415,20
American Electric Power - Tanners Creek Plant,Capture,Terminated,United States,39.082102,-84.859778,500
American Electric Power - Red Rock Facility,Capture,Terminated,United States,36.476601,-97.177595,950
AES Shady Point,Capture,Terminated,United States,35.191944,-94.6425,200
Western Kentucky CO2 Test,Storage,Completed,United States,37.792519,-86.69423,690
WESTCARB Validation Phase - Arizona Utilities CO2 Storage Pilot,Storage,Completed,United States,34.928611,-110.258611,0
Virginia Tech - Small-scale Injection Project,Storage,Completed,United States,37.036435,-82.144217,"20,300"
University of Kansas - Small-scale Injection Project,Storage,Completed,United States,37.319659,-97.433597,"40,000"
SWP Validation Phase - SACROC CO2 Injection Project,Storage,Completed,United States,32.809575,-100.9307056,"157,000"
SWP Validation Phase - Pump Canyon CO2-ECBM Sequestration Demonstration,Storage,Completed,United States,36.85479722,-107.6983472,"16,700"
SWP Validation Phase - Aneth EOR Sequestration Project,Storage,Completed,United States,37.30745,-109.3378278,"292,000"
Site Characterization of the Highest-Priority Geologic Formations for CO2 Storage in Wyoming,Storage,Completed,United States,41.712614,-108.79482,
Site Characterization for CO2 Storage from Coal-fired Power Facilities in the Black Warrior Basin of Alabama,Storage,Completed,United States,33.647396,-87.195723,
SECARB Validation Phase - Stacked Storage Test,Storage,Completed,United States,31.578581,-91.172386,"627,744"
SECARB Validation Phase - Plant Daniel Project,Storage,Completed,United States,30.53,-88.556111,"2,740"
SECARB Validation Phase - Central Appalachian Basin Coal Test,Storage,Completed,United States,37.08158333,-81.9609,907
SECARB Validation Phase - Black Warrior Basin Project,Storage,Completed,United States,33.347691,-87.49419,252
SECARB Development Phase -Cranfield Project,Storage,Completed,United States,31.589822,-91.154311,"4,743,898"
RECOPOL Project,Storage,Completed,Poland,49.9476,19.0632,2
Qinshui ECBM Project,Storage,Completed,China,35.69060135,112.1750412,192
PICOREF Project,Storage,Completed,France,47.83117,1.938112,
Pembina Cardium CO2 EOR Pilot,Storage,Completed,Canada,52.66256,-114.667908,79
PCOR Validation Phase - Northwest McGregor EOR Huff n' Puff Project,Storage,Completed,United States,48.575622,-102.942431,400
PCOR Validation Phase - Lignite Test,Storage,Completed,United States,48.549909,-102.239482,80
PCOR Development Phase - Bell Creek Project,Storage,Completed,United States,45.097,-105.109,"2,740"
Newark Basin Characterization of New York and New Jersey,Storage,Completed,United States,41.002159,-73.908508,0
Nagaoka Storage Project,Storage,Completed,Japan,37.449965,138.850413,40
MRCSP Validation Phase - Cincinnati Arch Geologic Test,Storage,Completed,United States,38.908484,-84.853985,910
MRCSP Validation Phase - Appalachian Basin Test,Storage,Completed,United States,39.912682,-80.76458,50
MOVECBM Project,Storage,Completed,Poland,49.9476,19.0632,15
"Modeling CO2 Sequestration in a Saline Reservoir and Depleted Oil Reservoir to Evaluate The Regional CO2 Sequestration Potential of The Ozark Plateau Aquifer System, South-Central Kansas",Storage,Completed,United States,37.165836,-101.251679,
MGSC Validation Phase - Tanquary Site,Storage,Completed,United States,38.40745,-87.95868,91
MGSC Validation Phase - Sugar Creek Field,Storage,Completed,United States,37.26265,-87.578917,"6,560"
MGSC Validation Phase - Mumford Hills Field,Storage,Completed,United States,38.187413,-87.879005,"6,300"
MGSC Validation Phase - Loudon Field,Storage,Completed,United States,39.041661,-88.893386,39
Liaohe EOR Project,Storage,Completed,China,41.137084,122.137069,"2,300"
JCOP Yubari/Ishikari ECBM Project,Storage,Completed,Japan,43.006987,142.08831,415
Gulf of Mexico Miocene Mega Transect Site Characterization,Storage,Completed,United States,28.394151,-96.186152,
Geologic Characterization of the South Georgia Rift Basin for Source Proximal CO2 Storage,Storage,Completed,United States,33.113913,-80.533211,
Frio Brine Pilot,Storage,Completed,United States,30.030999,-94.86129,"1,455"
Fenn Big Valley Project,Storage,Completed,Canada,52.050455,-112.734195,200
CO2SINK Project (Ketzin),Storage,Completed,Germany,51.191544,12.356714,"67,271"
Characterization of the Most Promising Sequestration Formations in the Rocky Mountain Region,Storage,Completed,United States,40.435449,-107.593316,
"Characterization of the Miocene and Pliocene Formations in the Wilmington Graben, Offshore Los Angeles, for Large Scale Geologic Storage of CO2",Storage,Completed,United States,33.592869,-118.174017,
Blackhorse Energy LLC - Small-scale Injection Project,Storage,Completed,United States,30.4658,-90.767859,"52,000"
Big Sky Validation Phase - Basalt Injection,Storage,Completed,United States,46.106511,-118.915757,977
An Evaluation of the Carbon Sequestration Potential of the Cambro Ordovician Strata of the Illinois and Michigan Basins,Storage,Completed,United States,40.10099,-88.229099,
Allison Unit CO2-ECBM Pilot,Storage,Completed,United States,39.979384,-107.510387,400
Weyburn-Midale Project,Capture & Storage,Completed,Canada,49.414461,-103.438402,"40,000,000"
Touchstone Bioconversion Pilot Plant,Capture & Storage,Completed,United States,40.824822,-81.865536,0
Total Lacq Project,Capture & Storage,Completed,France,43.409338,-0.634186,"51,000"
SEQ Zero Emission Power Plant (ZEPP),Capture & Storage,Completed,Netherlands,53.107152,6.050072,685
SECARB Development Phase - Citronelle Project,Capture & Storage,Completed,United States,31.005154,-88.008941,"114,104"
PCOR Validation Phase - Zama Field Test,Capture & Storage,Completed,Canada,59.064553,-118.880284,"84,986"
MRCSP Validation Phase - Michigan Basin Geologic Test,Capture & Storage,Completed,United States,45.044878,-84.487203,"60,000"
Mitchell Energy Bridgeport Plant,Capture & Storage,Completed,United States,33.205873,-97.729303,500
MGSC Development Phase - Illinois Basin Decatur Project,Capture & Storage,Completed,United States,39.876963,-88.89341,"999,215"
Joffre Viking EOR Project,Capture & Storage,Completed,Canada,52.309312,-113.549264,"39,566"
CS Energy Callide Oxyfuels Project,Capture & Storage,Completed,Australia,-24.34121895,150.6085205,82
CONSOL Energy - Sequestration of CO2 in Unmineable Coal Seams,Capture & Storage,Completed,United States,39.748189,-80.541217,"4,516"
Carbon Dioxide Technology Corp - Lubbock Plant,Capture & Storage,Completed,United States,33.45438,-101.862836,"1,200"
ARI Eastern Shale CO2 Injection Test,Capture & Storage,Completed,United States,37.290102,-82.615054,300
Air Products and Chemicals Inc. CCS Project,Capture & Storage,Completed,United States,29.865913,-93.967359,"2,740"
We Energies Pleasant Prairie Field Pilot,Capture,Completed,United States,42.53944,-87.90444,81
TEPCO Yokosuka,Capture,Completed,Japan,35.215,139.72028,90
Slipstream Testing of a Membrane CO2 Capture Process for Existing Coal-Fired Power Plants,Capture,Completed,United States,33.243601,-86.469014,20
Slipstream Development and Testing of Siemens POSTCAP Capture and Separation Technology,Capture,Completed,United States,27.794879,-82.40066,50
Sargas Vartan,Capture,Completed,Sweden,59.34833,18.07028,
RWE/BASF/Linde CO2 Capture Project Niederaussem,Capture,Completed,Germany,50.994088,6.667984,"2,000"
Nippon Steel CO2 Capture Project,Capture,Completed,Japan,35.35792923,139.8679047,170
Mulgrave Capture Project - CO2CRC,Capture,Completed,Australia,-37.913772,145.15598,741
Matsushima Coal Plant Capture Project,Capture,Completed,Japan,32.939747,129.59783,10
H3 Capture Project-CO2CRC,Capture,Completed,Australia,-38.272924,146.391758,0
Evaluation of Solid Sorbents as a Retrofit Technology for CO2 Capture,Capture,Completed,United States,33.632011,-87.060964,25
"E.ON Coal Plant in Wilhelmshaven, Germany",Capture,Completed,Germany,53.565104,8.145691,70
CSIRO Transportable Capture Unit Tarong (Queensland),Capture,Completed,Australia,-26.783583,151.91512,4
CSIRO Transportable Capture Unit Munmorah (New South Wales),Capture,Completed,Australia,-33.211619,151.542258,10
CASTOR CO2 from Capture to Storage,Capture,Completed,Denmark,55.45437622,8.453642845,22
Yates Oil Field EOR Operations,Storage,Active,United States,30.920613,-101.935292,"20,800"
West Texas and Llano Pipelines Power CCS,Storage,Active,United States,31.927655,-102.212316,"1,000"
ULYSSES Sequestration,Storage,Active,Ireland,53.321801,-5.809636,
Turnu EOR,Storage,Active,Romania,45.871514,22.053591,"150,000"
SWP Development Phase - Farnsworth Unit Ochiltree Project,Storage,Active,United States,36.260007,-101.009301,"1,000,000"
Sunrise LNG Sequestration,Storage,Active,Australia,-8.945793,126.429718,
"Salt Creek, Monell, Sussex Unit EOR",Storage,Active,United States,41.514815,-108.615272,"5,480"
Rangely-Webber EOR,Storage,Active,United States,40.14480209,-108.9541397,"3,562"
LINC Energy - Wyoming EOR,Storage,Active,United States,42.847634,-105.973604,500
Judy Creek EOR,Storage,Active,Canada,54.570961,-115.520025,164
Japan CCS-Tomakomai,Storage,Active,Japan,36.08712387,138.0771027,548
Ecofisk EOR (Pilot),Storage,Active,Norway,56.549197,3.209986,
CarbonNet CCS Project,Storage,Active,Australia,-38.131486,146.363143,"13,700"
Big Sky Development Phase - Kevin Dome Project,Storage,Active,United States,48.859252,-111.721966,"1,000,000"
Yanchang Integrated Carbon Capture and Storage Demonstration Project,Capture & Storage,Active,China,37.4316,108.92,137
W.A. Parish Post-Combustion CO2 Capture and Sequestration Project,Capture & Storage,Active,United States,29.477664,-95.635021,"3,836"
Veolia Environment CCS Project,Capture & Storage,Active,France,48.955353,2.729149,548
Val Verde NG Plants,Capture & Storage,Active,United States,29.804012,-101.167563,"3,562"
Uthmaniyah CO2 EOR Demo Project,Capture & Storage,Active,Saudi Arabia,24.807775,49.356405,"2,192"
Tarong Plant Algae Oil Project,Capture & Storage,Active,Australia,-26.783863,151.915747,2
Taichung CCS,Capture & Storage,Active,Taiwan,24.214745,120.479255,"10,000"
South Korea CCS2,Capture & Storage,Active,South Korea,36.47430676,127.9467773,"3,288"
Snøhvit Field LNG and CO2 Storage Project,Capture & Storage,Active,Norway,70.6877507,23.597363,"1,918"
Sleipner Project,Capture & Storage,Active,Norway,58.188087,2.731416,"2,740"
Sinopec Shengli Power Plant CCS Project,Capture & Storage,Active,China,37.46,118.49,"2,740"
Searles Valley Minerals,Capture & Storage,Active,United States,35.759809,-117.376175,740
Petrobras Miranga CO2 injection,Capture & Storage,Active,Brazil,-12.36519,-38.273056,400
Petrobras Lula Oil Field Offshore CCS Project,Capture & Storage,Active,Brazil,-25.595699,-42.331474,"1,918"
PEMEX CCS Project,Capture & Storage,Active,Mexico,17.638724,-92.941641,"8,459,550"
OXYCFB300 Compostilla Project,Capture & Storage,Active,Spain,42.613066,-6.563108,"100,000"
Otway Basin Project - CO2CRC,Capture & Storage,Active,Australia,-38.530524,142.811616,"80,000"
Ordos Basin Project,Capture & Storage,Active,China,39.330467,110.151331,"9,590"
Oakdale NG Processing,Capture & Storage,Active,United States,37.539456,-105.104697,"1,096"
Northwest Upgrader Refinery,Capture & Storage,Active,Canada,53.841572,-113.112056,"3,288"
MRCSP Development Phase - Michigan Basin Project,Capture & Storage,Active,United States,45.019154,-84.529174,"1,000,000"
Mongstad Cogeneration Plant with CO2 Storage,Capture & Storage,Active,Norway,60.81358337,5.028857231,274
Korea CCS1,Capture & Storage,Active,South Korea,37.45,129.165,"2,740"
Klemetsrud Waste to Energy Plant,Capture & Storage,Active,Norway,59.840298,10.836658,
K12-B CO2 Injection Project,Capture & Storage,Active,Netherlands,53.341915,3.896861,55
Jilin Oil Field EOR,Capture & Storage,Active,China,45.119225,124.798169,"2,192"
Illinois Industrial Carbon Capture and Storage Project,Capture & Storage,Active,United States,39.88403,-88.887398,"2,740"
Hiroshima Pilot Plant,Capture & Storage,Active,Japan,34.233333,132.216667,
Greengen Project in China,Capture & Storage,Active,China,39.1037941,117.2521591,
Great Lakes Energy Research Park,Capture & Storage,Active,United States,43.38488,-84.630136,90
Gorgon Project,Capture & Storage,Active,Australia,-20.77690888,115.460907,"9,042"
Eni and Enel CCS Project,Capture & Storage,Active,Italy,44.99508667,9.939902306,22
Enel Brindisi CCS Project,Capture & Storage,Active,Italy,40.566917,18.031435,22
Enecogen Cryogenic CO2 Capture,Capture & Storage,Active,Netherlands,51.961685,4.09398,25
Collie South West Hub Project,Capture & Storage,Active,Australia,-33.501991,116.330709,"6,850"
CO2EuroPipe,Capture & Storage,Active,European Union,50.382708,10.92342,
CO2 Capture from Coffeyville Fertilizer Plant,Capture & Storage,Active,United States,37.046926,-95.608486,"2,400"
Century Plant Gas Processing,Capture & Storage,Active,United States,30.808782,-102.617342,"23,016"
CarbFix,Capture & Storage,Active,Iceland,64.036435,-21.396845,5
Boundary Dam Integrated CCS Project,Capture & Storage,Active,Canada,49.096174,-103.030653,"2,740"
Aquistore Project,Capture & Storage,Active,Canada,49.095559,-103.07764,"1,000"
Alberta Carbon Trunk Line,Capture & Storage,Active,Canada,53.788356,-112.961851,"40,004"
UKy-CAER Heat-integrated Transformative CO2 Capture Process for Pulverized Coal Power Plants,Capture,Active,United States,38.586201,-85.412379,
Sumitomo Chemicals Capture Project,Capture,Active,Japan,35.475659,140.028774,150
Sigma Power Ariake Mikawa,Capture,Active,Japan,33.020082,130.421904,10
Shute Creek Plant,Capture,Active,United States,42.261909,-110.194623,"1,096"
Scottish and Southern Energy - West Yorkshire,Capture,Active,England,53.717405,-1.279432,100
Scale-Up and Testing of Advanced Polaris Membrane CO2 Capture Technology,Capture,Active,Norway,60.803324,5.027942,
RWE nPower - Aberthaw Capture Project in UK,Capture,Active,United Kingdom,51.387226,-3.406614,50
Quest Carbon Capture and Storage Project,Capture,Active,Canada,53.799307,-113.093229,"3,014"
Puertollano Plant,Capture,Active,Spain,38.655582,-3.986858,100
Prairie State Energy Campus,Capture,Active,United States,38.27881,-89.667328,15
Post-Combustion Capture Project in Beijing,Capture,Active,China,39.886528,116.5325,8
Phulpur Urea Plant CO2 Recovery project,Capture,Active,India,28.276608,79.168361,"1,941"
Petronas Gas Processing Capture Project,Capture,Active,Malaysia,5.83516,100.49881,160
NRG Powerton Station,Capture,Active,United States,40.540775,-89.679655,
Nanko Natural Gas Pilot Plant,Capture,Active,Japan,34.61697769,135.4057465,2
Membrane-Sorbent Hybrid System for Post-combustion Carbon Capture,Capture,Active,Norway,60.803324,5.027942,
Luzhou Natural Gas Chemicals,Capture,Active,China,28.87176,105.442141,160
Large Pilot Testing of Linde/BASF Advanced Post-Combustion CO2 Capture Technology at a Coal-Fired Power Plant,Capture,Active,United States,40.104766,-88.241923,
Kurosaki Chemical Plant Capture Project,Capture,Active,Japan,33.872884,130.752913,330
ION Engineering Commercial Carbon Capture Design & Costing (C3DC),Capture,Active,United States,41.082047,-101.14317,
Intermountain Power Agency,Capture,Active,United States,39.509213,-112.580616,
"Initial Engineering, Testing, and Design of a Commercial-Scale, Post-combustion CO2 Capture System on an Existing Coal-Fired Generating Unit",Capture,Active,United States,47.065786,-101.212171,
Initial Engineering Design of a Post-Combustion CO2 Capture System for Duke Energys East Bend Station Using Membrane-Based Technology,Capture,Active,United States,38.905411,-84.851392,
HRL IDGCC Project,Capture,Active,Australia,-38.255862,146.592067,40
Gulf Petrochemical Industries Company (GPIC) Capture Project,Capture,Active,Bahrain,26.143917,50.639774,450
Great River Energy,Capture,Active,United States,47.37694168,-101.1572266,80
GPC Quimica Methanol Production Plant,Capture,Active,Brazil,-22.465016,-43.804919,164
Fertil-2 Capture project,Capture,Active,United Arab Emirates,24.136783,52.738073,
EW Brown Generating Station,Capture,Active,United States,37.788156,-84.713791,
Engineering Scale Testing of Transformational Non-Aqueous Solvent-Based CO2 Capture Process at Technology Centre Mongstad,Capture,Active,Norway,60.803324,5.027942,
Engineering Scale Demonstration of Mixed-Salt Process for CO2 Capture,Capture,Active,Norway,60.803324,5.027942,
E.ON Staudinger - Grosskrotzenburg Germany,Capture,Active,Germany,50.08917,8.95,90
CSIRO Transportable Capture Unit Loy Yang (Victoria),Capture,Active,Australia,-38.23505402,146.5717468,3
CATO2 CO2 Catcher,Capture,Active,Netherlands,51.957395,4.027916,6
Bellingham Cogeneration Facility,Capture,Active,United States,42.09222,-71.48306,350
AES Warrior Run,Capture,Active,United States,39.596175,-78.745581,96
