NUTS_ID,ONSname,Region,FID,Battery electric (Company),Battery electric (Private),Battery electric (Total),Plug-in hybrid electric (diesel) (Company),Plug-in hybrid electric (diesel) (Private),Plug-in hybrid electric (diesel) (Total),Plug-in hybrid electric (petrol) (Company),Plug-in hybrid electric (petrol) (Private),Plug-in hybrid electric (petrol) (Total),Range extended electric (Company),Range extended electric (Private),Range extended electric (Total),Total (Company),Total (Private),Total (Total),Shape__Area,Shape__Length,weight
UKC11,Hartlepool,North East,5,548,1173,1721,7,14,21,216,659,875,1,13,14,772,1859,2631,298649963.4062198,194400.1328786019,0.0018228073311357107
UKC12,Middlesbrough,North East,5,364,711,1075,3,8,11,97,422,519,2,12,14,466,1153,1619,298951068.2828217,141183.1570249163,0.0011216742946061253
UKC13,Darlington,North East,5,311,480,791,0,4,4,147,281,428,0,8,8,458,773,1231,197477753.555023,107202.299425244,0.0008528604426560471
UKC14,County Durham,North East,45,903,2402,3305,6,20,26,229,1273,1502,2,32,34,1140,3727,4867,2231432414.12584,315226.483631744,0.0033719510758789453
UKC21,Northumberland,North East,54,582,2133,2715,3,23,26,151,1255,1406,1,29,30,737,3440,4177,5032312670.59779,606236.97163611,0.0028939058236996822
UKC22,Newcastle upon Tyne,North East,1059,1712,3313,5025,16,35,51,543,1879,2422,2,54,56,2273,5281,7554,402511906.2332617,272320.462866943,0.005233556282553843
UKC23,Sunderland,North East,263,418,1001,1419,3,15,18,117,508,625,1,12,13,539,1536,2075,137436290.144424,99821.9690448938,0.001437599852568073
UKD11,Allerdale,North West,199,225,829,1054,0,10,10,70,552,622,0,17,17,295,1408,1703,2073839313.28543,725277.542575605,0.0011798711079149052
UKD12,Carlisle,North West,206,541,1294,1835,9,15,24,318,858,1176,2,35,37,870,2202,3072,4749702773.13474,928945.0731121569,0.002128340601006805
UKD33,Manchester,North West,243,1874,1195,3069,8,20,28,275,975,1250,4,29,33,2161,2219,4380,115648443.590103,86841.9510631882,0.0030345481225292335
UKD34,Salford,North West,495,1348,2418,3766,20,40,60,543,1687,2230,0,42,42,1911,4187,6098,203241864.41886902,123977.7585341666,0.004224811518534992
UKD35,Stockport,North West,495,78218,2351,80569,1032,40,1072,42269,1735,44004,25,48,73,121544,4174,125718,229194596.212738,129604.1441479128,0.08709984494706169
UKD36,Bolton,North West,491,1170,2374,3544,16,34,50,530,1655,2185,1,32,33,1717,4095,5812,327963055.470626,171325.9314541582,0.004026665225602718
UKD37,Bury,North West,731,1574,2330,3904,28,32,60,1013,1841,2854,1,40,41,2616,4243,6859,399933184.59166,222387.3496625499,0.004752046934344295
UKD41,Blackburn with Darwen,North West,8,311,498,809,18,4,22,161,363,524,0,3,3,490,868,1358,137022093.525848,65284.3735150369,0.0009408484818252738
UKD42,Blackpool,North West,9,301,307,608,2,6,8,61,197,258,0,6,6,364,516,880,34870852.2283325,34480.7839275111,0.0006096809013300743
UKD44,Lancaster,North West,293,468,1272,1740,5,19,24,124,670,794,2,29,31,599,1990,2589,849095731.823899,558232.348049699,0.001793708924481321
UKD45,Fylde,North West,580,1037,2354,3391,5,29,34,384,1454,1838,5,46,51,1431,3883,5314,1005585732.6747429,477080.6495991427,0.0036816412609863808
UKD46,Burnley,North West,572,716,1078,1794,7,16,23,261,781,1042,0,34,34,984,1909,2893,491111589.5623626,250871.34253109188,0.0020043259631226194
UKD47,Chorley,North West,289,736,1499,2235,12,23,35,202,892,1094,1,22,23,951,2436,3387,549395155.75711,341830.453279181,0.002346578650914729
UKD61,Warrington,North West,7,569,1424,1993,7,14,21,256,843,1099,2,20,22,834,2301,3135,180627983.012016,114688.093563908,0.0021719882109883897
UKD62,Cheshire East,North West,46,1323,3581,4904,54,53,107,1230,2361,3591,3,67,70,2610,6062,8672,1166357340.22478,301202.123887001,0.006008128154925459
UKD63,Cheshire West and Chester,North West,47,903,2538,3441,13,20,33,409,1545,1954,5,37,42,1330,4140,5470,920018024.621178,335602.059504914,0.0037897210571312574
UKD71,Halton,North West,510,1794,1658,3452,12,13,25,342,1155,1497,0,20,20,2148,2846,4994,301942834.5509487,222313.5321159499,0.003459939115048172
UKD72,Liverpool,North West,252,844,1128,1972,5,12,17,337,828,1165,0,19,19,1186,1987,3173,111835593.626411,62696.5993588289,0.002198315340818552
UKD73,Sefton,North West,254,422,1124,1546,3,23,26,142,784,926,2,24,26,569,1955,2524,156578258.79126,130341.257310849,0.0017486756760876222
UKD74,Wirral,North West,255,552,1469,2021,7,17,24,173,847,1020,6,22,28,738,2355,3093,160922004.907288,133924.121231149,0.002142889804334
UKE11,"Kingston upon Hull, City of",Yorkshire and The Humber,10,416,414,830,19,7,26,190,318,508,0,5,5,625,744,1369,71583595.6552734,64680.530906749,0.0009484694930918997
UKE12,East Riding of Yorkshire,Yorkshire and The Humber,11,691,1888,2579,8,32,40,316,1441,1757,1,39,40,1016,3400,4416,2404768954.86182,504120.094305933,0.003059489613947282
UKE13,North East Lincolnshire,Yorkshire and The Humber,25,743,1097,1840,10,23,33,391,816,1207,1,22,23,1145,1958,3103,1039163110.961838,337793.0487686291,0.002149817996394569
UKE21,York,Yorkshire and The Humber,14,434,1050,1484,1,8,9,199,672,871,1,19,20,635,1749,2384,271931454.715424,102020.797435209,0.001651680987239656
UKE22,Craven,Yorkshire and The Humber,1225,2444,4063,6507,16,53,69,1039,2977,4016,2,86,88,3501,7179,10680,8039971922.682487,1725658.963344649,0.00739930912068772
UKE31,Barnsley,Yorkshire and The Humber,771,2209,4261,6470,11,40,51,880,2661,3541,1,63,64,3101,7025,10126,1183618386.827927,403678.149544702,0.007015487280532196
UKE32,Sheffield,Yorkshire and The Humber,259,1767,2293,4060,20,28,48,1815,1561,3376,1,53,54,3603,3935,7538,367929997.213348,132824.242952116,0.005222471175256932
UKE41,Bradford,Yorkshire and The Humber,271,830,1669,2499,14,18,32,427,1741,2168,3,24,27,1274,3452,4726,366419689.51532,135914.965732405,0.003274263567824922
UKE42,Leeds,Yorkshire and The Humber,274,32442,3579,36021,199,53,252,16484,2695,19179,4,61,65,49129,6388,55517,551706498.093048,161516.600530211,0.03846324386266106
UKE44,Calderdale,Yorkshire and The Humber,545,1151,2708,3859,7,30,37,630,2344,2974,5,38,43,1793,5120,6913,772512614.004593,233350.80215352902,0.004789459171471368
UKE45,Wakefield,Yorkshire and The Humber,275,732,1481,2213,10,23,33,445,1021,1466,0,22,22,1187,2547,3734,338619719.483505,109444.438663069,0.0025869869154164743
UKF11,Derby,East Midlands,15,1525,943,2468,26,10,36,1508,666,2174,1,23,24,3060,1642,4702,78031107.3557892,50036.3185804889,0.0032576359068795563
UKF12,Bolsover,East Midlands,222,1600,1440,3040,17,19,36,1153,998,2151,0,29,29,2770,2486,5256,501993460.9237528,310073.90830481786,0.0036414577470350804
UKF13,Amber Valley,East Midlands,374,1005,3256,4261,9,42,51,425,2356,2781,8,87,95,1447,5741,7188,2048766924.306824,754331.7826982647,0.004979984453137016
UKF14,Nottingham,East Midlands,18,661,789,1450,5,7,12,264,582,846,1,19,20,931,1397,2328,74613549.3099365,58723.7427401093,0.0016128831117004693
UKF15,Ashfield,East Midlands,726,1089,2400,3489,11,34,45,416,1576,1992,3,53,56,1519,4063,5582,1475398964.4107976,467400.1598815405,0.0038673168082096303
UKF16,Broxtowe,East Midlands,548,745,2687,3432,2,28,30,258,1698,1956,2,49,51,1007,4462,5469,609311892.6305081,259068.7749400636,0.0037890282379252006
UKF21,Leicester,East Midlands,16,2187,705,2892,34,10,44,3228,684,3912,2,29,31,5451,1428,6879,73342034.1657257,51929.4942082033,0.004765903318465433
UKF22,Rutland,East Midlands,1095,3054,5080,8134,52,58,110,2518,3622,6140,4,97,101,5628,8857,14485,2477538144.1558084,927890.1730884655,0.010035486199734234
UKF24,West Northamptonshire,East Midlands,59,1209,2713,3922,20,39,59,536,1840,2376,7,79,86,1772,4671,6443,1380395590.74594,263780.515769498,0.004463834144624624
UKF25,North Northamptonshire,East Midlands,58,2039,2040,4079,24,26,50,1861,1376,3237,3,44,47,3927,3486,7413,986594539.219704,210624.116197611,0.005135868774499819
UKF30,Boston,East Midlands,1127,1683,3798,5481,14,55,69,745,2674,3419,15,107,122,2457,6634,9091,5937337332.743105,1926292.5129581538,0.006298419402263302
UKG11,"Herefordshire, County of",West Midlands,19,385,1307,1692,1,11,12,179,825,1004,0,44,44,565,2187,2752,2179708317.85796,349869.988254535,0.001906638455068596
UKG12,Bromsgrove,West Midlands,1383,3192,4028,7220,33,32,65,2178,2664,4842,9,99,108,5412,6823,12235,1740514150.1222994,736656.5412680386,0.008476642986106203
UKG13,North Warwickshire,West Midlands,1090,1690,4493,6183,23,53,76,748,2899,3647,5,135,140,2466,7580,10046,1977520461.1115568,654546.2703188419,0.006960061744047644
UKG21,Telford and Wrekin,West Midlands,20,430,917,1347,2,3,5,137,538,675,0,14,14,569,1472,2041,290313536.554543,118775.749483715,0.0014140439995621382
UKG22,Shropshire,West Midlands,48,712,1887,2599,3,19,22,326,1272,1598,2,52,54,1043,3230,4273,3197275322.15964,580599.506306279,0.002960416467481145
UKG23,Stoke-on-Trent,West Midlands,21,576,668,1244,9,4,13,212,464,676,5,11,16,802,1147,1949,93448551.6496658,63971.3417170554,0.0013503046326049032
UKG24,Cannock Chase,West Midlands,1580,2176,4968,7144,19,56,75,928,3484,4412,5,99,104,3128,8607,11735,2623316394.12188,996660.5805808891,0.008130233383077752
UKG31,Birmingham,West Midlands,264,1943,2899,4842,27,53,80,689,2630,3319,9,63,72,2668,5645,8313,267791151.73967,106250.794014248,0.005759406059951032
UKG32,Solihull,West Midlands,268,3860,1419,5279,25,21,46,2100,1053,3153,1,28,29,5986,2521,8507,178282023.161247,101023.266819082,0.005893812985926071
UKG33,Coventry,West Midlands,265,1080,976,2056,4,10,14,1260,812,2072,2,23,25,2346,1821,4167,98639088.6562881,54052.4494128151,0.002886977631639113
UKG36,Dudley,West Midlands,266,727,1097,1824,3,17,20,373,883,1256,1,13,14,1104,2010,3114,97958229.5149384,75372.2907122196,0.0021574390076611947
UKG37,Sandwell,West Midlands,267,654,556,1210,6,9,15,377,593,970,0,12,12,1037,1170,2207,85558906.1847763,59201.6852450065,0.0015290519877675841
UKG38,Walsall,West Midlands,269,468,736,1204,3,19,22,199,689,888,1,16,17,671,1460,2131,103973530.000946,59399.7390444176,0.0014763977281072595
UKG39,Wolverhampton,West Midlands,270,565,614,1179,6,21,27,183,625,808,0,12,12,754,1272,2026,69436685.1266327,56050.1278266087,0.0014036517114712848
UKH11,Peterborough,East of England,29,20814,831,21645,184,12,196,19957,596,20553,45,28,73,41000,1467,42467,343378153.586609,112674.360200151,0.029421953223618486
UKH12,Cambridge,East of England,310,1876,5841,7717,28,49,77,1550,3327,4877,3,124,127,3457,9341,12798,3052514915.8302226,939645.0044038432,0.008866700199116239
UKH14,Babergh,East of England,1086,1786,4378,6164,16,46,62,908,2717,3625,5,107,112,2715,7248,9963,3801362292.840504,1306264.342515409,0.0069025577499449205
UKH15,Broadland,East of England,503,897,1571,2468,7,16,23,276,964,1240,4,37,41,1184,2588,3772,765396646.789811,417713.57092087145,0.0026133140452466366
UKH16,King's Lynn and West Norfolk,East of England,337,487,1317,1804,5,14,19,168,840,1008,3,37,40,663,2208,2871,2407076004.7678843,1296130.8922809442,0.0019890839405893672
UKH17,Breckland,East of England,336,565,1907,2472,2,16,18,167,1069,1236,2,42,44,736,3034,3770,2212693212.426161,506391.86446963,0.002611928406834523
UKH21,Luton,East of England,30,258,652,910,3,25,28,112,764,876,0,20,20,373,1461,1834,43352485.6740799,34569.1847138739,0.0012706304239083594
UKH23,Broxbourne,East of England,1683,3930,10333,14263,49,151,200,1451,7298,8749,18,264,282,5448,18046,23494,1643064715.3296974,798286.2738062757,0.01627709442710087
UKH24,Bedford,East of England,52,551,1277,1828,6,20,26,274,767,1041,3,36,39,834,2100,2934,476408313.581512,131719.277394327,0.0020327315505709524
UKH25,Central Bedfordshire,East of England,53,969,2672,3641,15,25,40,787,1549,2336,1,64,65,1772,4310,6082,715665436.200249,232685.180099795,0.004213726411238082
UKH31,Southend-on-Sea,East of England,31,275,725,1000,0,11,11,60,530,590,2,27,29,337,1293,1630,41673985.9965286,57782.8327652349,0.0011292953058727514
UKH32,Thurrock,East of England,32,311,789,1100,5,26,31,126,882,1008,2,20,22,444,1717,2161,163837060.033562,115990.648083053,0.0014971823042889665
UKH34,Braintree,East of England,292,1021,2675,3696,8,30,38,453,1768,2221,8,39,47,1490,4512,6002,1280357595.551696,929383.790037663,0.004158300874753529
UKH35,Epping Forest,East of England,300,1053,2725,3778,14,33,47,330,1908,2238,7,71,78,1404,4737,6141,1010704929.822296,318285.8257106124,0.004254602744395439
UKH36,Brentwood,East of England,290,818,2500,3318,8,34,42,261,1922,2183,4,36,40,1091,4492,5583,853167212.333305,668486.575423297,0.0038680096274156875
UKH37,Basildon,East of England,288,1278,1730,3008,8,26,34,1780,1637,3417,4,42,46,3070,3435,6505,321767327.2594985,483607.7665344142,0.004506788935400152
UKI31,City of London,London,560,1113,2064,3177,12,25,37,282,1261,1543,4,62,66,1411,3412,4823,24679627.03928376,35527.31027350622,0.0033414670308124414
UKI32,Westminster,London,309,16407,2363,18770,9,33,42,359,1540,1899,4,66,70,16779,4002,20781,21477144.2528915,27425.6050038667,0.014397475921068494
UKI33,Hammersmith and Fulham,London,585,4174,3264,7438,6,62,68,936,2683,3619,5,119,124,5121,6128,11249,28529074.429710403,44929.5983276506,0.007793523248934097
UKI34,Wandsworth,London,308,477,2056,2533,3,34,37,129,2120,2249,4,44,48,613,4254,4867,34257039.1979294,38789.7703657056,0.0033719510758789453
UKI41,Hackney,London,589,637,1521,2158,9,44,53,319,2237,2556,8,41,49,973,3843,4816,55245031.0147857,61146.3421777059,0.003336617296370043
UKI42,Tower Hamlets,London,306,430,732,1162,2,40,42,234,1262,1496,2,20,22,668,2054,2722,19770856.8000107,28746.8910481568,0.0018858538788868889
UKI43,Haringey,London,585,883,2227,3110,13,31,44,440,2016,2456,0,69,69,1336,4343,5679,44455098.3047638,49731.2951750748,0.00393452027119715
UKI44,Lewisham,London,603,713,2379,3092,6,39,45,175,2185,2360,9,73,82,903,4676,5579,64024891.8542252,75729.00597252941,0.00386523835059146
UKI45,Lambeth,London,298,300,1195,1495,4,28,32,100,1188,1288,2,29,31,406,2440,2846,26807914.5192261,33999.8604751881,0.001971763460437945
UKI51,Bexley,London,567,825,2501,3326,2,37,39,432,2493,2925,3,62,65,1262,5093,6355,107885439.5575027,95498.3983667338,0.004402866054491616
UKI52,Barking and Dagenham,London,570,1257,2068,3325,23,66,89,439,2509,2948,0,56,56,1719,4699,6418,148442783.5616909,104605.4143000512,0.004446513664473201
UKI53,Redbridge,London,609,880,2604,3484,10,72,82,377,3032,3409,8,69,77,1275,5777,7052,95211468.376358,83752.80988143949,0.0048857610411132775
UKI54,Enfield,London,286,687,1550,2237,5,41,46,242,1625,1867,2,48,50,936,3264,4200,82200174.297287,41061.1111768429,0.002909840665438991
UKI61,Bromley,London,282,738,2734,3472,2,53,55,225,2404,2629,3,59,62,968,5250,6218,150130427.159538,76141.6277070387,0.004307949823261821
UKI62,Croydon,London,284,666,2310,2976,12,41,53,249,2102,2351,2,55,57,929,4508,5437,86496808.3293228,58688.2842361555,0.0037668580233313795
UKI63,Kingston upon Thames,London,902,1322,4419,5741,16,53,69,416,4062,4478,7,92,99,1761,8626,10387,118732929.40526581,109672.54182897421,0.007196313093313048
UKI71,Barnet,London,279,1535,4381,5916,18,70,88,361,2735,3096,5,92,97,1919,7278,9197,86748227.8831329,50815.5975177389,0.006371858238105333
UKI72,Brent,London,281,1829,1737,3566,37,49,86,509,1982,2491,4,50,54,2379,3818,6197,43232684.1274872,38331.001751277,0.0042934006199346255
UKI73,Ealing,London,285,3335,2038,5373,56,37,93,510,2256,2766,13,46,59,3914,4377,8291,55544376.032196,47432.5829098616,0.005744164037417779
UKI74,Harrow,London,584,9330,3957,13287,44,71,115,1422,3852,5274,13,87,100,10809,7967,18776,166163907.4331286,97617.7642464324,0.013008373412924403
UKI75,Hounslow,London,597,1506,3723,5229,16,74,90,532,3775,4307,10,96,106,2064,7668,9732,113363918.8449859,133258.9449301432,0.006742516513345776
UKJ11,Bracknell Forest,South East,219,72656,8155,80811,667,110,777,23896,5579,29475,5,215,220,97224,14059,111283,1263903123.6794434,514531.0857525474,0.07709899970763029
UKJ12,Milton Keynes,South East,40,35266,2612,37878,791,26,817,14193,1311,15504,17,68,85,50267,4017,54284,308626721.690674,102957.957280917,0.0376089977815929
UKJ13,Buckinghamshire,South East,57,1799,6264,8063,34,80,114,598,4332,4930,9,190,199,2440,10866,13306,1564937984.73737,361907.474854908,0.009218652355793146
UKJ14,Cherwell,South East,940,2911,6778,9689,18,70,88,2146,4072,6218,22,201,223,5097,11121,16218,2605942155.1696315,802431.965521181,0.011236141883830847
UKJ21,Brighton and Hove,South East,41,516,1303,1819,0,9,9,129,819,948,1,40,41,646,2171,2817,82832986.3240891,59517.9984461413,0.0019516717034622948
UKJ22,Eastbourne,South East,445,1042,3564,4606,3,39,42,246,2288,2534,10,133,143,1301,6024,7325,1712766672.705925,646875.9843080353,0.005074900684366812
UKJ25,Elmbridge,South East,1474,2542,8785,11327,18,128,146,832,6357,7189,13,271,284,3405,15541,18946,1000334257.9334297,504191.5456475004,0.013126152677954077
UKJ26,Epsom and Ewell,South East,836,1665,4188,5853,7,54,61,956,3246,4202,3,91,94,2631,7579,10210,669738645.8703241,296949.8249029489,0.007073684093840976
UKJ27,Adur,South East,893,923,2866,3789,6,34,40,212,1884,2096,7,88,95,1148,4872,6020,1081772630.8465083,543740.7857165341,0.004170771620462554
UKJ28,Crawley,South East,675,1079,3571,4650,14,49,63,321,2338,2659,68,110,178,1482,6068,7550,909278773.3585405,387454.7347316798,0.005230785005729615
UKJ31,Portsmouth,South East,42,8345,531,8876,127,12,139,5990,356,6346,5,8,13,14467,907,15374,40381702.3692169,62708.2022736547,0.010651402473918822
UKJ32,Southampton,South East,43,413,745,1158,2,4,6,109,456,565,3,18,21,527,1223,1750,49880631.5834122,61542.7955829543,0.0012124336105995795
UKJ34,Isle of Wight,South East,44,242,770,1012,2,1,3,65,421,486,0,16,16,309,1208,1517,379620110.286783,210137.73230538,0.0010510067355883213
UKJ35,Eastleigh,South East,455,1227,2940,4167,11,34,45,541,1786,2327,2,65,67,1781,4825,6606,235058830.03585058,298215.6428293546,0.004576763675211899
UKJ36,East Hampshire,South East,467,1489,5730,7219,13,72,85,418,3521,3939,34,172,206,1954,9495,11449,2555178740.65775,839716.076474812,0.007932087090145479
UKJ37,Basingstoke and Deane,South East,343,3781,3177,6958,35,32,67,4491,2044,6535,9,77,86,8316,5330,13646,888118862.547951,253182.65874483078,0.009454210885852493
UKJ41,Medway,South East,33,827,1155,1982,2,14,16,187,990,1177,1,34,35,1017,2193,3210,193714210.347961,249512.121639654,0.0022239496514426574
UKJ43,Dartford,South East,395,863,1950,2813,12,35,47,413,1653,2066,3,42,45,1291,3680,4971,545153618.0455782,465645.61134094803,0.003444004273308863
UKJ44,Canterbury,South East,528,987,2612,3599,4,33,37,294,1692,1986,2,70,72,1287,4407,5694,1084620731.4142911,496957.4492335242,0.003944912559288003
UKJ45,Ashford,South East,259,798,2095,2893,5,26,31,323,1496,1819,1,36,37,1127,3653,4780,973946812.858864,272423.364320227,0.0033116758049519944
UKJ46,Sevenoaks,South East,408,1200,3396,4596,25,36,61,597,2737,3334,2,88,90,1824,6257,8081,941789959.2662201,418215.01125991205,0.00559867200414583
UKK11,"Bristol, City of",South West,23,808,1830,2638,8,19,27,331,1318,1649,3,70,73,1150,3237,4387,109666892.551918,109531.617064517,0.003039397856971632
UKK12,Bath and North East Somerset,South West,71,32315,5662,37977,236,66,302,8885,3604,12489,14,174,188,41450,9506,50956,1222811385.716572,439521.14312942105,0.03530329546383553
UKK13,Cheltenham,South West,639,1589,5102,6691,10,44,54,682,3055,3737,6,155,161,2287,8356,10643,2652532035.651465,971903.2933180425,0.0073736748100636145
UKK14,Swindon,South West,28,39277,1251,40528,265,13,278,16784,769,17553,1,27,28,56327,2060,58387,230093343.90052,103011.758683882,0.040451634984044374
UKK15,Wiltshire,South West,51,16234,3950,20184,412,56,468,7549,2394,9943,8,122,130,24203,6522,30725,3255338105.52649,401997.073738198,0.021286870106098334
UKK23,Mendip,South West,816,974,3639,4613,13,30,43,314,2094,2408,3,113,116,1304,5876,7180,3451778605.1486497,987287.076754804,0.0049744418994885605
UKK24,"Bournemouth, Christchurch and Poole",South West,55,932,2155,3087,9,22,31,241,1420,1661,10,73,83,1192,3670,4862,162070069.443581,169170.190930922,0.0033684869798486605
UKK25,Dorset,South West,56,800,2685,3485,4,26,30,232,1623,1855,6,87,93,1042,4421,5463,2490956549.68954,594350.704732187,0.003784871322688859
UKK30,Cornwall,South West,99,1012,3162,4174,4,22,26,316,1503,1819,5,85,90,1337,4772,6109,3565256879.025922,1359675.677381003,0.004232432529801618
UKK41,Plymouth,South West,26,395,704,1099,4,7,11,102,412,514,0,26,26,501,1149,1650,79849695.3191061,92644.2442555715,0.0011431516899938893
UKK42,Torbay,South West,27,237,499,736,3,9,12,121,331,452,0,15,15,361,854,1215,62886738.7989531,77909.5315513595,0.0008417753353591367
UKK43,East Devon,South West,660,2878,5083,7961,8,53,61,2093,3040,5133,7,159,166,4986,8335,13321,6566741549.827087,2079491.1693446669,0.009229044643884
UKL11,Isle of Anglesey,Wales,353,124,270,394,0,2,2,63,184,247,0,7,7,187,463,650,715212551.920387,378960.671414204,0.0004503324839369867
UKL12,Gwynedd,Wales,354,149,387,536,0,5,5,39,247,286,0,10,10,188,649,837,2548292895.11299,643030.305858802,0.0005798896754696275
UKL13,Conwy,Wales,711,461,915,1376,1,11,12,132,549,681,3,27,30,597,1502,2099,1968895244.237992,512012.35845519195,0.0014542275135134386
UKL14,Ceredigion,Wales,1080,703,1748,2451,3,11,14,197,898,1095,1,38,39,904,2695,3599,5777827770.50504,1717138.280802196,0.0024934563225987925
UKL15,Rhondda Cynon Taf,Wales,741,422,796,1218,3,5,8,140,479,619,0,9,9,565,1289,1854,536107446.944489,196914.3548533842,0.0012844868080294975
UKL16,Caerphilly,Wales,1107,577,989,1566,4,4,8,153,522,675,2,27,29,736,1542,2278,512355783.001934,264337.3349165065,0.0015782421513976241
UKL17,Neath Port Talbot,Wales,727,1164,1115,2279,20,10,30,724,569,1293,15,14,29,1923,1708,3631,693057943.201366,275362.9839548373,0.0025156265371926133
UKL18,Swansea,Wales,362,1361,903,2264,15,14,29,962,557,1519,0,19,19,2338,1493,3831,377614544.98658,270825.582117602,0.0026541903784039938
UKL21,Monmouthshire,Wales,743,509,1475,1984,1,16,17,161,803,964,3,37,40,674,2331,3005,1040758868.124252,378122.320685554,0.002081921714200992
UKL22,Vale of Glamorgan,Wales,731,963,2211,3174,10,36,46,311,1482,1793,2,45,47,1286,3774,5060,473564995.808471,188016.85635091882,0.0035056651826479274
UKL23,Flintshire,Wales,715,493,1167,1660,8,11,19,172,698,870,2,24,26,675,1900,2575,943603821.615494,429026.660740569,0.0017840094555965243
UKL24,Powys,Wales,373,205,632,837,1,4,5,106,396,502,1,30,31,313,1062,1375,5195311063.63076,610076.853820174,0.0009526264083282412
UKM50,Aberdeen City,Scotland,679,952,3184,4136,7,38,45,313,1940,2253,3,56,59,1275,5218,6493,6503577285.369182,918587.050096544,0.004498475104927469
UKM61,Highland,Scotland,328,403,1159,1562,1,8,9,154,711,865,0,25,25,558,1903,2461,26158740580.2084,5228318.65637805,0.0017050280661060375
UKM62,Moray,Scotland,331,138,450,588,0,3,3,57,308,365,0,13,13,195,774,969,2237555713.50238,463319.000621918,0.0006713418106691387
UKM64,Na h-Eileanan Siar,Scotland,326,29,82,111,0,1,1,6,61,67,0,2,2,35,146,181,3096614423.02372,3871025.95969535,0.00012540027629629938
UKM65,Orkney Islands,Scotland,333,67,276,343,0,1,1,3,107,110,0,3,3,70,387,457,1015036066.02127,1203102.77977173,0.0003166183771680045
UKM66,Shetland Islands,Scotland,335,45,100,145,0,1,1,9,67,76,0,1,1,54,169,223,1468514139.09113,2321846.76573869,0.00015449868295068928
UKM71,Angus,Scotland,693,572,1497,2069,4,18,22,141,609,750,4,9,13,721,2133,2854,2244783658.6633,376771.7688188516,0.0019773060140864003
UKM72,Clackmannanshire,Scotland,670,703,2527,3230,8,31,39,180,1199,1379,1,27,28,892,3784,4676,1484375231.36998,455257.9878561552,0.0032396226075220766
UKM73,East Lothian,Scotland,654,350,1785,2135,2,24,26,86,838,924,0,18,18,438,2665,3103,1034512511.499038,328585.432578767,0.002149817996394569
UKM75,City of Edinburgh,Scotland,342,1320,2995,4315,11,45,56,368,1841,2209,8,46,54,1707,4927,6634,263395003.679382,110355.561123041,0.004596162612981492
UKM76,Falkirk,Scotland,327,341,904,1245,3,7,10,95,462,557,0,11,11,439,1384,1823,297137422.788071,169016.307883955,0.0012630094126417335
UKM77,Stirling,Scotland,688,4994,2190,7184,70,16,86,4640,1073,5713,1,32,33,9705,3311,13016,7636305112.208859,1008207.4310451951,0.009017734786036645
UKM78,West Lothian,Scotland,345,347,1356,1703,8,11,19,93,652,745,1,6,7,449,2025,2474,428769481.686554,134930.310291464,0.001714034715784777
UKM81,Argyll and Bute,Scotland,1033,463,1782,2245,7,24,31,190,1013,1203,1,22,23,661,2841,3502,7357664798.591052,3999238.0431472175,0.002426252859611273
UKM82,Glasgow City,Scotland,351,2096,1952,4048,21,16,37,408,1016,1424,2,33,35,2527,3017,5544,174622045.629852,135573.393985495,0.003840989678379468
UKM83,East Renfrewshire,Scotland,997,8846,2325,11171,75,22,97,5655,1261,6916,3,27,30,14579,3635,18214,597686734.004089,305044.8518799725,0.012619009019120424
UKM84,North Lanarkshire,Scotland,352,737,1555,2292,4,14,18,205,758,963,1,17,18,947,2344,3291,472298223.955948,163983.319889321,0.0022800680071332667
UKM91,Scottish Borders,Scotland,334,197,757,954,2,12,14,79,445,524,1,13,14,279,1227,1506,4739166535.68079,514368.510110611,0.0010433857243216953
UKM92,Dumfries and Galloway,Scotland,322,231,603,834,1,1,2,85,385,470,0,6,6,317,995,1312,6436567194.68687,1207331.30286274,0.0009089787983466562
UKM93,East Ayrshire,Scotland,655,455,1184,1639,6,10,16,95,544,639,0,21,21,556,1759,2315,2155630106.297258,691318.32918705,0.0016038764620217296
UKM94,South Ayrshire,Scotland,336,213,632,845,1,4,5,84,355,439,0,15,15,298,1006,1304,1224367576.00628,334928.359876579,0.000903436244698201
UKM95,South Lanarkshire,Scotland,337,820,2025,2845,5,19,24,251,1036,1287,1,21,22,1077,3101,4178,1773890203.27654,284613.8566307,0.002894598642905739
UKN06,Belfast,Northern Ireland,312,3341,767,4108,23,9,32,2271,475,2746,3,22,25,5638,1273,6911,137716652.025108,65866.7852260913,0.004788073533059254
UKN07,"Armagh City, Banbridge and Craigavon",Northern Ireland,311,466,604,1070,2,5,7,192,294,486,0,8,8,660,911,1571,1437068573.07787,242954.335395177,0.001088418972715394
UKN08,"Newry, Mourne and Down",Northern Ireland,319,330,477,807,7,8,15,126,225,351,0,9,9,463,719,1182,1682340596.67157,379481.25491599,0.0008189123015592589
UKN09,Ards and North Down,Northern Ireland,320,418,778,1196,0,10,10,98,421,519,1,17,18,517,1226,1743,566472991.274521,203349.301102071,0.0012075838761571812
UKN0A,Derry City and Strabane,Northern Ireland,314,261,255,516,2,3,5,41,174,215,0,7,7,304,439,743,1251241580.2269,271397.40327128,0.0005147646701002787
UKN0B,Mid Ulster,Northern Ireland,318,300,252,552,1,4,5,119,132,251,1,8,9,421,396,817,1957293776.36245,318306.174447411,0.0005660332913484895
UKN0C,Causeway Coast and Glens,Northern Ireland,313,267,318,585,1,4,5,69,173,242,0,11,11,337,506,843,1985534670.71793,381026.18387915,0.0005840465907059689
UKN0D,Antrim and Newtownabbey,Northern Ireland,310,1027,545,1572,14,1,15,649,250,899,0,10,10,1690,806,2496,728186534.01133,165066.961090158,0.001729276738318029
UKN0E,Lisburn and Castlereagh,Northern Ireland,316,825,711,1536,6,5,11,544,421,965,2,11,13,1377,1148,2525,510438048.321739,167278.148593367,0.0017493684952936792
UKN0F,Mid and East Antrim,Northern Ireland,317,312,404,716,0,1,1,70,211,281,3,12,15,385,628,1013,1061355460.9354,234604.730290033,0.0007018258557356424
UKN0G,Fermanagh and Omagh,Northern Ireland,315,150,192,342,1,2,3,55,125,180,0,5,5,206,324,530,3012114892.36445,426437.771573504,0.00036719417921015837
