FID,ONScode,ONSname,Region,BodyType,Battery electric (Company),Battery electric (Private),Battery electric (Total),Plug-in hybrid electric (petrol) (Company),Plug-in hybrid electric (petrol) (Total),Total (Company),Total (Private),Total (Total),Shape__Area,Shape__Length
1,E06000001,Hartlepool,North East,Motorcycles,0,3,3,0,0,0,3,3,93717028.4689178,70995.1737762769
2,E06000002,Middlesbrough,North East,Motorcycles,0,3,3,0,0,0,3,3,53881558.2759247,44479.6463704945
3,E06000003,Redcar and Cleveland,North East,Motorcycles,75,5,80,0,0,75,5,80,245069510.006897,96703.5106544218
4,E06000004,Stockton-on-Tees,North East,Motorcycles,0,11,11,0,0,0,11,11,204932934.937302,123404.959102325
5,E06000005,Darlington,North East,Motorcycles,0,6,6,0,0,0,6,6,197477753.555023,107202.299425244
6,E06000006,Halton,North West,Motorcycles,6,10,16,0,0,6,10,16,79084021.970459,77769.8366156168
7,E06000007,Warrington,North West,Motorcycles,2,22,24,0,0,2,22,24,180627983.012016,114688.093563908
8,E06000008,Blackburn with Darwen,North West,Motorcycles,4,12,16,0,0,4,12,16,137022093.525848,65284.3735150369
9,E06000009,Blackpool,North West,Motorcycles,0,16,16,0,0,0,16,16,34870852.2283325,34480.7839275111
10,E06000010,"Kingston upon Hull, City of",Yorkshire and The Humber,Motorcycles,2,33,35,0,0,2,33,35,71583595.6552734,64680.530906749
11,E06000011,East Riding of Yorkshire,Yorkshire and The Humber,Motorcycles,3,45,48,0,0,3,45,48,2404768954.86182,504120.094305933
12,E06000012,North East Lincolnshire,Yorkshire and The Humber,Motorcycles,5,15,20,0,0,5,15,20,192622985.584915,93246.2876540841
13,E06000013,North Lincolnshire,Yorkshire and The Humber,Motorcycles,36,24,60,0,0,36,24,60,846540125.376923,244546.761114545
14,E06000014,York,Yorkshire and The Humber,Motorcycles,0,31,31,0,0,0,31,31,271931454.715424,102020.797435209
15,E06000015,Derby,East Midlands,Motorcycles,0,27,27,0,0,0,27,27,78031107.3557892,50036.3185804889
16,E06000016,Leicester,East Midlands,Motorcycles,29,16,45,0,0,29,16,45,73342034.1657257,51929.4942082033
17,E06000017,Rutland,East Midlands,Motorcycles,3,7,10,0,0,3,7,10,393748938.333481,125879.320087916
18,E06000018,Nottingham,East Midlands,Motorcycles,41,25,66,0,0,41,25,66,74613549.3099365,58723.7427401093
19,E06000019,"Herefordshire, County of",West Midlands,Motorcycles,2,43,45,0,0,2,43,45,2179708317.85796,349869.988254535
20,E06000020,Telford and Wrekin,West Midlands,Motorcycles,1,9,10,0,0,1,9,10,290313536.554543,118775.749483715
21,E06000021,Stoke-on-Trent,West Midlands,Motorcycles,1,25,26,0,0,1,25,26,93448551.6496658,63971.3417170554
22,E06000022,Bath and North East Somerset,South West,Motorcycles,6,77,83,0,0,6,77,83,351123167.510914,141674.070852301
23,E06000023,"Bristol, City of",South West,Motorcycles,9,144,153,0,0,9,144,153,109666892.551918,109531.617064517
24,E06000024,North Somerset,South West,Motorcycles,5,52,57,0,0,5,52,57,374637219.77409,154748.225043695
25,E06000025,South Gloucestershire,South West,Motorcycles,3,83,86,0,0,3,83,86,497050998.431568,143098.847233425
26,E06000026,Plymouth,South West,Motorcycles,39,84,123,0,0,39,84,123,79849695.3191061,92644.2442555715
27,E06000027,Torbay,South West,Motorcycles,5,47,52,0,0,5,47,52,62886738.7989531,77909.5315513595
28,E06000030,Swindon,South West,Motorcycles,1,27,28,0,0,1,27,28,230093343.90052,103011.758683882
29,E06000031,Peterborough,East of England,Motorcycles,7,14,21,0,0,7,14,21,343378153.586609,112674.360200151
30,E06000032,Luton,East of England,Motorcycles,1,16,17,0,0,1,16,17,43352485.6740799,34569.1847138739
31,E06000033,Southend-on-Sea,East of England,Motorcycles,0,30,30,0,0,0,30,30,41673985.9965286,57782.8327652349
32,E06000034,Thurrock,East of England,Motorcycles,0,11,11,0,0,0,11,11,163837060.033562,115990.648083053
33,E06000035,Medway,South East,Motorcycles,2,31,33,0,0,2,31,33,193714210.347961,249512.121639654
34,E06000036,Bracknell Forest,South East,Motorcycles,8,18,26,0,0,8,18,26,109384217.921951,62507.6688894678
35,E06000037,West Berkshire,South East,Motorcycles,0,43,43,0,0,0,43,43,704182731.436508,166818.256909513
36,E06000038,Reading,South East,Motorcycles,12,27,39,0,0,12,27,39,40397937.1150055,39327.6361285706
37,E06000039,Slough,South East,Motorcycles,11,8,19,0,0,11,8,19,32542015.6781998,44179.9803340002
38,E06000040,Windsor and Maidenhead,South East,Motorcycles,3,21,24,0,0,3,21,24,198427158.641678,114827.85425453
39,E06000041,Wokingham,South East,Motorcycles,0,26,26,0,0,0,26,26,178969062.886101,86869.6892364658
40,E06000042,Milton Keynes,South East,Motorcycles,155,22,177,0,0,155,22,177,308626721.690674,102957.957280917
41,E06000043,Brighton and Hove,South East,Motorcycles,9,76,85,0,0,9,76,85,82832986.3240891,59517.9984461413
42,E06000044,Portsmouth,South East,Motorcycles,8,35,43,1,1,9,35,44,40381702.3692169,62708.2022736547
43,E06000045,Southampton,South East,Motorcycles,7,37,44,0,0,7,37,44,49880631.5834122,61542.7955829543
44,E06000046,Isle of Wight,South East,Motorcycles,6,44,50,0,0,6,44,50,379620110.286783,210137.73230538
45,E06000047,County Durham,North East,Motorcycles,16,41,57,0,0,16,41,57,2231432414.12584,315226.483631744
46,E06000049,Cheshire East,North West,Motorcycles,3,66,69,0,0,3,66,69,1166357340.22478,301202.123887001
47,E06000050,Cheshire West and Chester,North West,Motorcycles,1,35,36,0,0,1,35,36,920018024.621178,335602.059504914
48,E06000051,Shropshire,West Midlands,Motorcycles,3,31,34,0,0,3,31,34,3197275322.15964,580599.506306279
49,E06000052,Cornwall,South West,Motorcycles,10,186,196,0,0,10,186,196,3548939126.92263,1241696.51353641
50,E06000053,Isles of Scilly,South West,Motorcycles,0,1,1,0,0,0,1,1,16317752.1032921,117979.163844593
51,E06000054,Wiltshire,South West,Motorcycles,29,106,135,0,0,29,106,135,3255338105.52649,401997.073738198
52,E06000055,Bedford,East of England,Motorcycles,2,38,40,0,0,2,38,40,476408313.581512,131719.277394327
53,E06000056,Central Bedfordshire,East of England,Motorcycles,5,42,47,0,0,5,42,47,715665436.200249,232685.180099795
54,E06000057,Northumberland,North East,Motorcycles,9,19,28,0,0,9,19,28,5032312670.59779,606236.97163611
55,E06000058,"Bournemouth, Christchurch and Poole",South West,Motorcycles,20,85,105,0,0,20,85,105,162070069.443581,169170.190930922
56,E06000059,Dorset,South West,Motorcycles,7,81,88,0,0,7,81,88,2490956549.68954,594350.704732187
57,E06000060,Buckinghamshire,South East,Motorcycles,6,93,99,0,0,6,93,99,1564937984.73737,361907.474854908
58,E06000061,North Northamptonshire,East Midlands,Motorcycles,2,46,48,0,0,2,46,48,986594539.219704,210624.116197611
59,E06000062,West Northamptonshire,East Midlands,Motorcycles,10,49,59,0,0,10,49,59,1380395590.74594,263780.515769498
60,E07000008,Cambridge,East of England,Motorcycles,0,29,29,0,0,0,29,29,40698821.5531006,37169.1755199722
61,E07000009,East Cambridgeshire,East of England,Motorcycles,0,18,18,0,0,0,18,18,651285998.080215,234186.37804255
62,E07000010,Fenland,East of England,Motorcycles,1,16,17,0,0,1,16,17,546450116.18045,187880.713056672
63,E07000011,Huntingdonshire,East of England,Motorcycles,1,34,35,0,0,1,34,35,912455230.935448,223334.105789929
64,E07000012,South Cambridgeshire,East of England,Motorcycles,4,41,45,0,0,4,41,45,901624749.081009,257074.63199472
65,E07000026,Allerdale,North West,Motorcycles,0,11,11,0,0,0,11,11,1258309894.67578,326487.424636605
66,E07000027,Barrow-in-Furness,North West,Motorcycles,0,11,11,0,0,0,11,11,77897003.596817,146479.945788182
67,E07000028,Carlisle,North West,Motorcycles,1,15,16,0,0,1,15,16,1038296843.15015,278387.275851956
68,E07000029,Copeland,North West,Motorcycles,0,5,5,0,0,0,5,5,737632415.012833,252310.172150818
69,E07000030,Eden,North West,Motorcycles,1,6,7,0,0,1,6,7,2156479430.46436,268766.165774266
70,E07000031,South Lakeland,North West,Motorcycles,3,24,27,0,0,3,24,27,1554926499.52023,381791.631485935
71,E07000032,Amber Valley,East Midlands,Motorcycles,0,23,23,0,0,0,23,23,265437895.569733,109015.606044319
72,E07000033,Bolsover,East Midlands,Motorcycles,0,5,5,0,0,0,5,5,160334643.513474,96233.3664932635
73,E07000034,Chesterfield,East Midlands,Motorcycles,3,10,13,0,0,3,10,13,66035323.1428528,52615.4706045034
74,E07000035,Derbyshire Dales,East Midlands,Motorcycles,0,14,14,0,0,0,14,14,795318009.745445,245455.056178363
75,E07000036,Erewash,East Midlands,Motorcycles,8,17,25,0,0,8,17,25,109630039.364151,73544.8394314227
76,E07000037,High Peak,East Midlands,Motorcycles,2,15,17,0,0,2,15,17,540254001.172287,159628.494883945
77,E07000038,North East Derbyshire,East Midlands,Motorcycles,0,17,17,0,0,0,17,17,275623494.267426,161225.071207051
78,E07000039,South Derbyshire,East Midlands,Motorcycles,0,19,19,0,0,0,19,19,338126978.455208,166687.786160215
79,E07000040,East Devon,South West,Motorcycles,5,43,48,0,0,5,43,48,814238085.476988,219898.795348358
80,E07000041,Exeter,South West,Motorcycles,9,42,51,0,0,9,42,51,47033060.6327896,50236.9824915719
81,E07000042,Mid Devon,South West,Motorcycles,2,20,22,0,0,2,20,22,912900687.437094,246619.14811547
82,E07000043,North Devon,South West,Motorcycles,6,24,30,0,0,6,24,30,1085892202.46388,321506.402041659
83,E07000044,South Hams,South West,Motorcycles,3,43,46,0,0,3,43,46,886546852.068371,478785.950013974
84,E07000045,Teignbridge,South West,Motorcycles,6,50,56,0,0,6,50,56,673759624.001635,191462.662144763
85,E07000046,Torridge,South West,Motorcycles,1,8,9,0,0,1,8,9,985260246.945179,316896.681147026
86,E07000047,West Devon,South West,Motorcycles,1,8,9,0,0,1,8,9,1161110790.80115,254084.548041845
87,E07000061,Eastbourne,South East,Motorcycles,0,15,15,0,0,0,15,15,44161445.7946434,38031.9095181751
88,E07000062,Hastings,South East,Motorcycles,1,17,18,0,0,1,17,18,29796100.2023735,34101.6320304622
89,E07000063,Lewes,South East,Motorcycles,1,14,15,0,0,1,14,15,292106824.947899,168355.61556881
90,E07000064,Rother,South East,Motorcycles,3,29,32,0,0,3,29,32,511753821.206711,180525.083767321
91,E07000065,Wealden,South East,Motorcycles,2,32,34,0,0,2,32,34,834948480.554298,225861.743423267
92,E07000066,Basildon,East of England,Motorcycles,0,18,18,0,0,0,18,18,110001020.082626,85629.1291694682
93,E07000067,Braintree,East of England,Motorcycles,3,31,34,0,0,3,31,34,611708022.086105,168682.860674143
94,E07000068,Brentwood,East of England,Motorcycles,0,6,6,0,0,0,6,6,153124041.91967,72338.721114412
95,E07000069,Castle Point,East of England,Motorcycles,0,9,9,0,0,0,9,9,44673534.0900345,163436.439279142
96,E07000070,Chelmsford,East of England,Motorcycles,9,33,42,0,0,9,33,42,342227524.020721,126392.216101991
97,E07000071,Colchester,East of England,Motorcycles,0,28,28,0,0,0,28,28,332325207.81015,318166.219922529
98,E07000072,Epping Forest,East of England,Motorcycles,3,20,23,0,0,3,20,23,338984118.261093,123269.197706998
99,E07000073,Harlow,East of England,Motorcycles,1,9,10,0,0,1,9,10,30537927.558403,28513.3707443894
100,E07000074,Maldon,East of England,Motorcycles,4,7,11,0,0,4,7,11,357815646.392914,469755.638206894
101,E07000075,Rochford,East of England,Motorcycles,2,12,14,0,0,2,12,14,167092773.086838,234542.198085804
102,E07000076,Tendring,East of England,Motorcycles,1,22,23,0,0,1,22,23,336324365.655441,442534.709440991
103,E07000077,Uttlesford,East of England,Motorcycles,1,21,22,0,0,1,21,22,641182884.0028,166503.257259225
104,E07000078,Cheltenham,South West,Motorcycles,5,34,39,0,0,5,34,39,46596063.962883,38220.6903355067
105,E07000079,Cotswold,South West,Motorcycles,1,22,23,0,0,1,22,23,1164524434.81,332430.632142207
106,E07000080,Forest of Dean,South West,Motorcycles,1,4,5,0,0,1,4,5,525902205.293377,190123.946392423
107,E07000081,Gloucester,South West,Motorcycles,1,15,16,0,0,1,15,16,40553067.1238632,33535.1384359469
108,E07000082,Stroud,South West,Motorcycles,0,28,28,0,0,0,28,28,460541932.840958,172776.05769481
109,E07000083,Tewkesbury,South West,Motorcycles,0,28,28,0,0,0,28,28,414414331.620384,204816.828317149
110,E07000084,Basingstoke and Deane,South East,Motorcycles,1,29,30,0,0,1,29,30,633808768.307358,143445.561610085
111,E07000085,East Hampshire,South East,Motorcycles,1,20,21,0,0,1,20,21,514427244.742657,144529.50155922
112,E07000086,Eastleigh,South East,Motorcycles,0,25,25,0,0,0,25,25,79691534.0207672,75969.3701259384
113,E07000087,Fareham,South East,Motorcycles,10,19,29,0,0,10,19,29,74252568.8639069,66391.3182765974
114,E07000088,Gosport,South East,Motorcycles,1,16,17,0,0,1,16,17,25373863.5987015,40198.9526446878
115,E07000089,Hart,South East,Motorcycles,0,13,13,0,0,0,13,13,215265062.888855,77846.4171414185
116,E07000090,Havant,South East,Motorcycles,1,16,17,0,0,1,16,17,55740863.552475,115656.001782131
117,E07000091,New Forest,South East,Motorcycles,4,43,47,0,0,4,43,47,752175282.793148,332040.78546347
118,E07000092,Rushmoor,South East,Motorcycles,1,16,17,0,0,1,16,17,39045031.351738,31890.6799933273
119,E07000093,Test Valley,South East,Motorcycles,0,17,17,0,0,0,17,17,627605428.903973,190861.039845632
120,E07000094,Winchester,South East,Motorcycles,7,40,47,0,0,7,40,47,660970784.217972,172284.74960649
121,E07000095,Broxbourne,East of England,Motorcycles,0,12,12,0,0,0,12,12,51442323.4619751,39066.0781406614
122,E07000096,Dacorum,East of England,Motorcycles,2,23,25,0,0,2,23,25,212476384.667572,110099.851922617
123,E07000098,Hertsmere,East of England,Motorcycles,14,13,27,0,0,14,13,27,101128118.175667,61226.9755336206
124,E07000099,North Hertfordshire,East of England,Motorcycles,2,12,14,0,0,2,12,14,375382263.828629,168304.522402386
125,E07000102,Three Rivers,East of England,Motorcycles,24,23,47,0,0,24,23,47,88824130.6230011,74110.379284116
126,E07000103,Watford,East of England,Motorcycles,2,9,11,0,0,2,9,11,21430353.2294617,26390.2208397151
127,E07000105,Ashford,South East,Motorcycles,1,21,22,0,0,1,21,22,580617311.897118,149444.582577307
128,E07000106,Canterbury,South East,Motorcycles,3,20,23,0,0,3,20,23,308752611.633759,134480.530270857
129,E07000107,Dartford,South East,Motorcycles,2,9,11,0,0,2,9,11,72725607.8161087,57308.8677406833
130,E07000108,Dover,South East,Motorcycles,3,11,14,0,0,3,11,14,315337913.662262,148158.331321105
131,E07000109,Gravesham,South East,Motorcycles,6,7,13,0,0,6,7,13,98991343.5061035,60514.4099095587
132,E07000110,Maidstone,South East,Motorcycles,8,29,37,0,0,8,29,37,393329500.961746,122978.78174292
133,E07000111,Sevenoaks,South East,Motorcycles,3,23,26,0,0,3,23,26,370347002.872887,134424.857442803
134,E07000112,Folkestone and Hythe,South East,Motorcycles,2,27,29,0,0,2,27,29,356921043.861404,148967.53012936
135,E07000113,Swale,South East,Motorcycles,2,21,23,0,0,2,21,23,373436666.723366,347822.333690706
136,E07000114,Thanet,South East,Motorcycles,2,15,17,0,0,2,15,17,103609162.256866,65351.0575122022
137,E07000115,Tonbridge and Malling,South East,Motorcycles,4,29,33,0,0,4,29,33,240114170.735138,133207.598464157
138,E07000116,Tunbridge Wells,South East,Motorcycles,4,20,24,0,0,4,20,24,331328785.658195,150582.555352952
139,E07000117,Burnley,North West,Motorcycles,0,7,7,0,0,0,7,7,110683988.566406,57758.3849479255
140,E07000118,Chorley,North West,Motorcycles,8,15,23,0,0,8,15,23,202762183.401443,114512.346233295
141,E07000119,Fylde,North West,Motorcycles,1,16,17,0,0,1,16,17,165697311.171219,138362.744300761
142,E07000120,Hyndburn,North West,Motorcycles,1,11,12,0,0,1,11,12,73006531.9950256,42725.5895458216
143,E07000121,Lancaster,North West,Motorcycles,5,17,22,0,0,5,17,22,566931388.429276,345316.924214594
144,E07000122,Pendle,North West,Motorcycles,3,7,10,0,0,3,7,10,169380123.60495,79240.7874487146
145,E07000123,Preston,North West,Motorcycles,101,9,110,0,0,101,9,110,142284174.215057,82800.2153872617
146,E07000124,Ribble Valley,North West,Motorcycles,5,16,21,0,0,5,16,21,584462410.81546,150567.848726777
147,E07000125,Rossendale,North West,Motorcycles,0,10,10,0,0,0,10,10,138040945.395981,71146.5805886302
148,E07000126,South Ribble,North West,Motorcycles,1,11,12,0,0,1,11,12,113141836.473007,105349.841184343
149,E07000127,West Lancashire,North West,Motorcycles,3,17,20,0,0,3,17,20,346632972.355667,227318.107045886
150,E07000128,Wyre,North West,Motorcycles,4,22,26,0,0,4,22,26,282164343.394623,212915.423835105
151,E07000129,Blaby,East Midlands,Motorcycles,1,10,11,0,0,1,10,11,130468683.748283,100814.853323911
152,E07000130,Charnwood,East Midlands,Motorcycles,7,17,24,0,0,7,17,24,279042271.32692,115467.998574257
153,E07000131,Harborough,East Midlands,Motorcycles,20,10,30,0,0,20,10,30,592692009.022011,185943.110691819
154,E07000132,Hinckley and Bosworth,East Midlands,Motorcycles,9,17,26,0,0,9,17,26,297351522.794861,111542.038513824
155,E07000133,Melton,East Midlands,Motorcycles,0,11,11,0,0,0,11,11,481380450.704636,140624.572169108
156,E07000134,North West Leicestershire,East Midlands,Motorcycles,1,25,26,0,0,1,25,26,279328099.664093,116450.135016811
157,E07000135,Oadby and Wigston,East Midlands,Motorcycles,0,7,7,0,0,0,7,7,23526168.5615234,31168.1447108195
158,E07000136,Boston,East Midlands,Motorcycles,0,8,8,0,0,0,8,8,364008505.483185,440525.756968777
159,E07000137,East Lindsey,East Midlands,Motorcycles,5,19,24,0,0,5,19,24,1766773262.65205,373174.569529616
160,E07000138,Lincoln,East Midlands,Motorcycles,3,15,18,0,0,3,15,18,35690262.1727448,32968.7309952948
161,E07000139,North Kesteven,East Midlands,Motorcycles,1,19,20,0,0,1,19,20,922471413.921478,181805.062441591
162,E07000140,South Holland,East Midlands,Motorcycles,0,11,11,0,0,0,11,11,750076198.639008,438382.414635444
163,E07000141,South Kesteven,East Midlands,Motorcycles,1,18,19,0,0,1,18,19,942585741.048859,209809.642173754
164,E07000142,West Lindsey,East Midlands,Motorcycles,2,9,11,0,0,2,9,11,1155731948.82578,249626.336213677
165,E07000143,Breckland,East of England,Motorcycles,25,17,42,0,0,25,17,42,1305116636.27957,239522.366983952
166,E07000144,Broadland,East of England,Motorcycles,2,37,39,0,0,2,37,39,552060685.638245,219123.105970655
167,E07000145,Great Yarmouth,East of England,Motorcycles,1,14,15,0,0,1,14,15,174314084.185471,145906.026155804
168,E07000146,King's Lynn and West Norfolk,East of England,Motorcycles,3,21,24,0,0,3,21,24,1439522769.9068,695919.962988732
169,E07000147,North Norfolk,East of England,Motorcycles,3,24,27,0,0,3,24,27,967553234.861084,600210.929292212
170,E07000148,Norwich,East of England,Motorcycles,6,30,36,0,0,6,30,36,39021876.966095,52684.4387944125
171,E07000149,South Norfolk,East of England,Motorcycles,4,20,24,0,0,4,20,24,907576576.146591,266869.497485678
172,E07000163,Craven,Yorkshire and The Humber,Motorcycles,1,11,12,0,0,1,11,12,1178807535.3551,199881.375346452
173,E07000164,Hambleton,Yorkshire and The Humber,Motorcycles,2,11,13,0,0,2,11,13,1311256293.98462,298682.454054928
174,E07000165,Harrogate,Yorkshire and The Humber,Motorcycles,0,18,18,0,0,0,18,18,1309117875.80103,246981.310508245
175,E07000166,Richmondshire,Yorkshire and The Humber,Motorcycles,1,3,4,0,0,1,3,4,1318702662.09824,221692.587160329
176,E07000167,Ryedale,Yorkshire and The Humber,Motorcycles,5,9,14,0,0,5,9,14,1506530701.19722,250881.622441998
177,E07000168,Scarborough,Yorkshire and The Humber,Motorcycles,2,13,15,0,0,2,13,15,816241280.322708,242694.579503398
178,E07000169,Selby,Yorkshire and The Humber,Motorcycles,0,11,11,0,0,0,11,11,599315573.923569,264845.034329299
179,E07000170,Ashfield,East Midlands,Motorcycles,0,11,11,0,0,0,11,11,109557954.123535,69168.0549787649
180,E07000171,Bassetlaw,East Midlands,Motorcycles,2,11,13,0,0,2,11,13,637803606.42421,159728.455054285
181,E07000172,Broxtowe,East Midlands,Motorcycles,3,11,14,0,0,3,11,14,80098843.9173431,65996.6218856484
182,E07000173,Gedling,East Midlands,Motorcycles,1,13,14,0,0,1,13,14,119981502.24617,69750.8310113412
183,E07000174,Mansfield,East Midlands,Motorcycles,1,12,13,0,0,1,12,13,76696927.4926605,51089.9016277906
184,E07000175,Newark and Sherwood,East Midlands,Motorcycles,3,17,20,0,0,3,17,20,651340476.370392,187413.7482207
185,E07000176,Rushcliffe,East Midlands,Motorcycles,0,17,17,0,0,0,17,17,409231546.466995,123321.322043074
186,E07000177,Cherwell,South East,Motorcycles,2,28,30,0,0,2,28,30,588745404.830795,225617.395164138
187,E07000178,Oxford,South East,Motorcycles,44,43,87,0,0,44,43,87,45602825.5069656,34993.844626057
188,E07000179,South Oxfordshire,South East,Motorcycles,0,50,50,0,0,0,50,50,678492168.0867,205550.098477864
189,E07000180,Vale of White Horse,South East,Motorcycles,0,39,39,0,0,0,39,39,578679719.457848,176033.370660927
190,E07000181,West Oxfordshire,South East,Motorcycles,2,25,27,0,0,2,25,27,714422037.287323,160237.256592195
191,E07000187,Mendip,South West,Motorcycles,0,37,37,0,0,0,37,37,739435455.84145,198844.392404697
192,E07000188,Sedgemoor,South West,Motorcycles,2,26,28,0,0,2,26,28,564223822.301853,258005.444665784
193,E07000189,South Somerset,South West,Motorcycles,5,30,35,0,0,5,30,35,959053025.863747,241548.032961482
194,E07000192,Cannock Chase,West Midlands,Motorcycles,2,8,10,0,0,2,8,10,78882578.3519669,50125.8394489737
195,E07000193,East Staffordshire,West Midlands,Motorcycles,2,12,14,0,0,2,12,14,389987122.843025,183691.288895755
196,E07000194,Lichfield,West Midlands,Motorcycles,2,11,13,0,0,2,11,13,331294321.205109,127463.170739768
197,E07000195,Newcastle-under-Lyme,West Midlands,Motorcycles,2,13,15,0,0,2,13,15,210957295.971909,108251.653778863
198,E07000196,South Staffordshire,West Midlands,Motorcycles,1,19,20,0,0,1,19,20,407322353.328491,184884.661607311
199,E07000197,Stafford,West Midlands,Motorcycles,2,30,32,0,0,2,30,32,598172189.401169,159072.547255002
200,E07000198,Staffordshire Moorlands,West Midlands,Motorcycles,2,17,19,0,0,2,17,19,575849809.00811,152441.966463739
201,E07000199,Tamworth,West Midlands,Motorcycles,0,8,8,0,0,0,8,8,30850724.0121002,30729.4523914775
202,E07000200,Babergh,East of England,Motorcycles,1,13,14,0,0,1,13,14,595116582.503052,210443.312612023
203,E07000202,Ipswich,East of England,Motorcycles,3,41,44,0,0,3,41,44,39509771.4361115,45341.496541064
204,E07000203,Mid Suffolk,East of England,Motorcycles,8,24,32,0,0,8,24,32,871070710.020721,191151.730303906
205,E07000207,Elmbridge,South East,Motorcycles,4,47,51,0,0,4,47,51,96334273.0766754,52204.4385998147
206,E07000208,Epsom and Ewell,South East,Motorcycles,0,17,17,0,0,0,17,17,34079154.5370331,28503.8092975754
207,E07000209,Guildford,South East,Motorcycles,34,30,64,0,0,34,30,64,270931144.02079,128412.382018558
208,E07000210,Mole Valley,South East,Motorcycles,0,26,26,0,0,0,26,26,258321090.604195,105397.031980434
209,E07000211,Reigate and Banstead,South East,Motorcycles,6,40,46,0,0,6,40,46,129143817.748154,79917.0905767468
210,E07000212,Runnymede,South East,Motorcycles,9,16,25,0,0,9,16,25,78040680.6398315,45677.007524902
211,E07000213,Spelthorne,South East,Motorcycles,3,20,23,0,0,3,20,23,51161350.4098892,44131.1428612105
212,E07000214,Surrey Heath,South East,Motorcycles,2,15,17,0,0,2,15,17,95092963.0002747,53557.764578556
213,E07000215,Tandridge,South East,Motorcycles,0,15,15,0,0,0,15,15,248194582.980942,83131.8930481927
214,E07000216,Waverley,South East,Motorcycles,1,33,34,0,0,1,33,34,345170238.491543,125428.597835176
215,E07000217,Woking,South East,Motorcycles,8,15,23,0,0,8,15,23,63603608.294426,54780.2122292832
216,E07000218,North Warwickshire,West Midlands,Motorcycles,0,4,4,0,0,0,4,4,284261518.649086,113228.85783183
217,E07000219,Nuneaton and Bedworth,West Midlands,Motorcycles,3,17,20,0,0,3,17,20,78950267.1659927,48147.0588079889
218,E07000220,Rugby,West Midlands,Motorcycles,3,16,19,0,0,3,16,19,353557317.712494,115087.24363392
219,E07000221,Stratford-on-Avon,West Midlands,Motorcycles,6,34,40,0,0,6,34,40,977869032.994003,261369.031234585
220,E07000222,Warwick,West Midlands,Motorcycles,3,22,25,0,0,3,22,25,282882324.589981,116714.078810518
221,E07000223,Adur,South East,Motorcycles,99,22,121,0,0,99,22,121,42065500.7971153,60515.2393173462
222,E07000224,Arun,South East,Motorcycles,1,24,25,0,0,1,24,25,220991208.823517,156496.558931363
223,E07000225,Chichester,South East,Motorcycles,7,38,45,0,0,7,38,45,786194915.21093,297267.271791169
224,E07000226,Crawley,South East,Motorcycles,0,14,14,0,0,0,14,14,44971227.3985825,38798.5820994218
225,E07000227,Horsham,South East,Motorcycles,1,13,14,0,0,1,13,14,530278329.223454,215754.884714148
226,E07000228,Mid Sussex,South East,Motorcycles,0,28,28,0,0,0,28,28,334029216.736504,132901.26791811
227,E07000229,Worthing,South East,Motorcycles,0,16,16,0,0,0,16,16,32521006.014946,29461.7156766559
228,E07000234,Bromsgrove,West Midlands,Motorcycles,2,8,10,0,0,2,8,10,216968441.120949,113128.333688222
229,E07000235,Malvern Hills,West Midlands,Motorcycles,0,19,19,0,0,0,19,19,577070951.886055,230594.571309952
230,E07000236,Redditch,West Midlands,Motorcycles,0,7,7,0,0,0,7,7,54250908.2603149,41300.3373143932
231,E07000237,Worcester,West Midlands,Motorcycles,10,11,21,0,0,10,11,21,33278111.1236725,31261.2304343563
232,E07000238,Wychavon,West Midlands,Motorcycles,1,18,19,0,0,1,18,19,663542007.469109,219510.915753207
233,E07000239,Wyre Forest,West Midlands,Motorcycles,0,11,11,0,0,0,11,11,195403730.262199,100861.152767908
234,E07000240,St Albans,East of England,Motorcycles,2,33,35,0,0,2,33,35,161205788.992043,72941.6954485127
235,E07000241,Welwyn Hatfield,East of England,Motorcycles,22,13,35,0,0,22,13,35,129536962.915245,82383.3616268959
236,E07000242,East Hertfordshire,East of England,Motorcycles,6,24,30,0,0,6,24,30,475669142.173576,135178.027176787
237,E07000243,Stevenage,East of England,Motorcycles,0,14,14,0,0,0,14,14,25969247.2625275,28585.161430964
238,E07000244,East Suffolk,East of England,Motorcycles,2,73,75,0,0,2,73,75,1260989491.10616,584787.924048438
239,E07000245,West Suffolk,East of England,Motorcycles,9,32,41,0,0,9,32,41,1034675737.77446,274539.879009978
240,E07000246,Somerset West and Taunton,South West,Motorcycles,1,36,37,0,0,1,36,37,1189066301.1416,288889.206722841
241,E08000001,Bolton,North West,Motorcycles,2,17,19,0,0,2,17,19,139792040.674789,82643.5197746864
242,E08000002,Bury,North West,Motorcycles,9,18,27,0,0,9,18,27,99460098.088501,68535.7621537225
243,E08000003,Manchester,North West,Motorcycles,19,35,54,0,0,19,35,54,115648443.590103,86841.9510631882
244,E08000004,Oldham,North West,Motorcycles,2,25,27,0,0,2,25,27,142344867.617081,71145.2166053481
245,E08000005,Rochdale,North West,Motorcycles,12,16,28,0,0,12,16,28,158128218.886078,82706.3709034793
246,E08000006,Salford,North West,Motorcycles,1,11,12,0,0,1,11,12,97197259.633194,63262.7594028187
247,E08000007,Stockport,North West,Motorcycles,1,21,22,0,0,1,21,22,126040348.490097,73631.0890907973
248,E08000008,Tameside,North West,Motorcycles,1,21,22,0,0,1,21,22,103154247.722641,55973.0550571155
249,E08000009,Trafford,North West,Motorcycles,2,25,27,0,0,2,25,27,106044604.785675,60714.9991313479
250,E08000010,Wigan,North West,Motorcycles,2,35,37,0,0,2,35,37,188171014.795837,88682.4116794718
251,E08000011,Knowsley,North West,Motorcycles,1,6,7,0,0,1,6,7,86500031.7274017,68163.8832839651
252,E08000012,Liverpool,North West,Motorcycles,1,23,24,0,0,1,23,24,111835593.626411,62696.5993588289
253,E08000013,St. Helens,North West,Motorcycles,1,8,9,0,0,1,8,9,136358780.853088,76379.812216368
254,E08000014,Sefton,North West,Motorcycles,2,22,24,0,0,2,22,24,156578258.79126,130341.257310849
255,E08000015,Wirral,North West,Motorcycles,45,43,88,0,0,45,43,88,160922004.907288,133924.121231149
256,E08000016,Barnsley,Yorkshire and The Humber,Motorcycles,1,24,25,0,0,1,24,25,329077576.743942,126418.480693044
257,E08000017,Doncaster,Yorkshire and The Humber,Motorcycles,12,31,43,0,0,12,31,43,568006431.217484,171113.010006791
258,E08000018,Rotherham,Yorkshire and The Humber,Motorcycles,0,25,25,0,0,0,25,25,286534378.866501,106146.658844867
259,E08000019,Sheffield,Yorkshire and The Humber,Motorcycles,4,43,47,0,0,4,43,47,367929997.213348,132824.242952116
260,E08000021,Newcastle upon Tyne,North East,Motorcycles,0,17,17,0,0,0,17,17,113451801.243317,65213.8280471217
261,E08000022,North Tyneside,North East,Motorcycles,1,22,23,0,0,1,22,23,82300621.1451874,65595.8023921869
262,E08000023,South Tyneside,North East,Motorcycles,1,10,11,0,0,1,10,11,64420334.6034393,51335.0171606378
263,E08000024,Sunderland,North East,Motorcycles,5,19,24,0,0,5,19,24,137436290.144424,99821.9690448938
264,E08000025,Birmingham,West Midlands,Motorcycles,35,65,100,0,0,35,65,100,267791151.73967,106250.794014248
265,E08000026,Coventry,West Midlands,Motorcycles,47,22,69,0,0,47,22,69,98639088.6562881,54052.4494128151
266,E08000027,Dudley,West Midlands,Motorcycles,2,31,33,0,0,2,31,33,97958229.5149384,75372.2907122196
267,E08000028,Sandwell,West Midlands,Motorcycles,0,19,19,0,0,0,19,19,85558906.1847763,59201.6852450065
268,E08000029,Solihull,West Midlands,Motorcycles,21,21,42,0,0,21,21,42,178282023.161247,101023.266819082
269,E08000030,Walsall,West Midlands,Motorcycles,0,25,25,0,0,0,25,25,103973530.000946,59399.7390444176
270,E08000031,Wolverhampton,West Midlands,Motorcycles,2,14,16,0,0,2,14,16,69436685.1266327,56050.1278266087
271,E08000032,Bradford,Yorkshire and The Humber,Motorcycles,2,45,47,0,0,2,45,47,366419689.51532,135914.965732405
272,E08000033,Calderdale,Yorkshire and The Humber,Motorcycles,1,17,18,0,0,1,17,18,363960946.597305,107684.893783348
273,E08000034,Kirklees,Yorkshire and The Humber,Motorcycles,3,50,53,0,0,3,50,53,408551667.407288,125665.908370181
274,E08000035,Leeds,Yorkshire and The Humber,Motorcycles,4,69,73,0,0,4,69,73,551706498.093048,161516.600530211
275,E08000036,Wakefield,Yorkshire and The Humber,Motorcycles,0,53,53,0,0,0,53,53,338619719.483505,109444.438663069
276,E08000037,Gateshead,North East,Motorcycles,4,19,23,0,0,4,19,23,142339149.241318,90175.8152669966
277,E09000001,City of London,London,Motorcycles,101,3,104,0,0,101,3,104,2890318.44403076,9377.81467502522
278,E09000002,Barking and Dagenham,London,Motorcycles,12,18,30,0,0,12,18,30,36101455.4189529,40898.4282753648
279,E09000003,Barnet,London,Motorcycles,8,39,47,0,0,8,39,47,86748227.8831329,50815.5975177389
280,E09000004,Bexley,London,Motorcycles,2,28,30,0,0,2,28,30,60578408.1245193,47931.4230818983
281,E09000005,Brent,London,Motorcycles,33,54,87,0,0,33,54,87,43232684.1274872,38331.001751277
282,E09000006,Bromley,London,Motorcycles,5,58,63,0,0,5,58,63,150130427.159538,76141.6277070387
283,E09000007,Camden,London,Motorcycles,14,55,69,0,0,14,55,69,21789308.595253,26149.495598481
284,E09000008,Croydon,London,Motorcycles,60,65,125,0,0,60,65,125,86496808.3293228,58688.2842361555
285,E09000009,Ealing,London,Motorcycles,238,58,296,0,0,238,58,296,55544376.032196,47432.5829098616
286,E09000010,Enfield,London,Motorcycles,5,29,34,0,0,5,29,34,82200174.297287,41061.1111768429
287,E09000011,Greenwich,London,Motorcycles,16,41,57,0,0,16,41,57,47307031.4329834,47566.9752848355
288,E09000012,Hackney,London,Motorcycles,23,30,53,0,0,23,30,53,19046912.9773788,25374.028868182
289,E09000013,Hammersmith and Fulham,London,Motorcycles,316,87,403,0,0,316,87,403,16403545.8968506,23966.1399241039
290,E09000014,Haringey,London,Motorcycles,23,66,89,0,0,23,66,89,29598417.6468964,29011.100205627
291,E09000015,Harrow,London,Motorcycles,11,27,38,0,0,11,27,38,50463307.3829956,33734.608106147
292,E09000016,Havering,London,Motorcycles,2,12,14,0,0,2,12,14,112341328.142738,63706.9860246864
293,E09000017,Hillingdon,London,Motorcycles,51,44,95,0,0,51,44,95,115700600.050133,63883.1561402854
294,E09000018,Hounslow,London,Motorcycles,24,38,62,0,0,24,38,62,55970470.8641586,64471.2436618718
295,E09000019,Islington,London,Motorcycles,60,60,120,0,0,60,60,120,14856680.6578674,20720.1949694478
296,E09000020,Kensington and Chelsea,London,Motorcycles,121,64,185,0,0,121,64,185,12125528.5328598,20963.4584035467
297,E09000021,Kingston upon Thames,London,Motorcycles,0,51,51,0,0,0,51,51,37265392.9152222,37527.9493942753
298,E09000022,Lambeth,London,Motorcycles,21,90,111,0,0,21,90,111,26807914.5192261,33999.8604751881
299,E09000023,Lewisham,London,Motorcycles,14,61,75,0,0,14,61,75,35148365.9241028,41158.0294216116
300,E09000024,Merton,London,Motorcycles,21,45,66,0,0,21,45,66,37624746.5277786,32340.3771201137
301,E09000025,Newham,London,Motorcycles,23,17,40,0,0,23,17,40,36198118.0374069,35772.3133095239
302,E09000026,Redbridge,London,Motorcycles,9,27,36,0,0,9,27,36,56403472.4249954,50426.1191048432
303,E09000027,Richmond upon Thames,London,Motorcycles,350,89,439,0,0,350,89,439,57393447.9808273,68787.7012682714
304,E09000028,Southwark,London,Motorcycles,1195,52,1247,0,0,1195,52,1247,28876525.9301224,34570.9765509178
305,E09000029,Sutton,London,Motorcycles,4,44,48,0,0,4,44,48,43842789.962265,39804.2153145852
306,E09000030,Tower Hamlets,London,Motorcycles,114,33,147,0,0,114,33,147,19770856.8000107,28746.8910481568
307,E09000031,Waltham Forest,London,Motorcycles,9,23,32,0,0,9,23,32,38807995.9513626,33326.6907765963
308,E09000032,Wandsworth,London,Motorcycles,23,112,135,0,0,23,112,135,34257039.1979294,38789.7703657056
309,E09000033,Westminster,London,Motorcycles,9,38,47,0,0,9,38,47,21477144.2528915,27425.6050038667
310,N09000001,Antrim and Newtownabbey,Northern Ireland,Motorcycles,3,10,13,0,0,3,10,13,728186534.01133,165066.961090158
311,N09000002,"Armagh City, Banbridge and Craigavon",Northern Ireland,Motorcycles,0,4,4,0,0,0,4,4,1437068573.07787,242954.335395177
312,N09000003,Belfast,Northern Ireland,Motorcycles,2,18,20,0,0,2,18,20,137716652.025108,65866.7852260913
313,N09000004,Causeway Coast and Glens,Northern Ireland,Motorcycles,0,4,4,0,0,0,4,4,1985534670.71793,381026.18387915
314,N09000005,Derry City and Strabane,Northern Ireland,Motorcycles,0,4,4,0,0,0,4,4,1251241580.2269,271397.40327128
315,N09000006,Fermanagh and Omagh,Northern Ireland,Motorcycles,0,3,3,0,0,0,3,3,3012114892.36445,426437.771573504
316,N09000007,Lisburn and Castlereagh,Northern Ireland,Motorcycles,0,3,3,0,0,0,3,3,510438048.321739,167278.148593367
317,N09000008,Mid and East Antrim,Northern Ireland,Motorcycles,3,3,6,0,0,3,3,6,1061355460.9354,234604.730290033
318,N09000009,Mid Ulster,Northern Ireland,Motorcycles,0,2,2,0,0,0,2,2,1957293776.36245,318306.174447411
319,N09000010,"Newry, Mourne and Down",Northern Ireland,Motorcycles,0,5,5,0,0,0,5,5,1682340596.67157,379481.25491599
320,N09000011,Ards and North Down,Northern Ireland,Motorcycles,1,2,3,0,0,1,2,3,566472991.274521,203349.301102071
321,S12000005,Clackmannanshire,Scotland,Motorcycles,1,6,7,0,0,1,6,7,159184968.76619,96933.0750418422
322,S12000006,Dumfries and Galloway,Scotland,Motorcycles,1,10,11,0,0,1,10,11,6436567194.68687,1207331.30286274
323,S12000008,East Ayrshire,Scotland,Motorcycles,2,14,16,0,0,2,14,16,1270345623.57393,341126.501410668
324,S12000010,East Lothian,Scotland,Motorcycles,0,21,21,0,0,0,21,21,679240459.691589,202120.828124236
325,S12000011,East Renfrewshire,Scotland,Motorcycles,0,8,8,0,0,0,8,8,174247286.301239,93982.4588278508
326,S12000013,Na h-Eileanan Siar,Scotland,Motorcycles,0,0,0,0,0,0,0,0,3096614423.02372,3871025.95969535
327,S12000014,Falkirk,Scotland,Motorcycles,0,5,5,0,0,0,5,5,297137422.788071,169016.307883955
328,S12000017,Highland,Scotland,Motorcycles,2,18,20,0,0,2,18,20,26158740580.2084,5228318.65637805
329,S12000018,Inverclyde,Scotland,Motorcycles,0,9,9,0,0,0,9,9,161948610.940994,79316.9463659007
330,S12000019,Midlothian,Scotland,Motorcycles,3,28,31,0,0,3,28,31,355272051.807449,126464.604454531
331,S12000020,Moray,Scotland,Motorcycles,1,4,5,0,0,1,4,5,2237555713.50238,463319.000621918
332,S12000021,North Ayrshire,Scotland,Motorcycles,0,12,12,0,0,0,12,12,885284482.723328,350191.827776382
333,S12000023,Orkney Islands,Scotland,Motorcycles,0,2,2,0,0,0,2,2,1015036066.02127,1203102.77977173
334,S12000026,Scottish Borders,Scotland,Motorcycles,0,11,11,0,0,0,11,11,4739166535.68079,514368.510110611
335,S12000027,Shetland Islands,Scotland,Motorcycles,0,2,2,0,0,0,2,2,1468514139.09113,2321846.76573869
336,S12000028,South Ayrshire,Scotland,Motorcycles,1,7,8,0,0,1,7,8,1224367576.00628,334928.359876579
337,S12000029,South Lanarkshire,Scotland,Motorcycles,3,25,28,0,0,3,25,28,1773890203.27654,284613.8566307
338,S12000030,Stirling,Scotland,Motorcycles,3,9,12,0,0,3,9,12,2252534182.27551,374959.25805914
339,S12000033,Aberdeen City,Scotland,Motorcycles,0,33,33,0,0,0,33,33,185571286.389832,123488.10079458
340,S12000034,Aberdeenshire,Scotland,Motorcycles,1,22,23,0,0,1,22,23,6318005998.97935,795098.949301964
341,S12000035,Argyll and Bute,Scotland,Motorcycles,1,12,13,0,0,1,12,13,7005856181.79671,3795934.4124369
342,S12000036,City of Edinburgh,Scotland,Motorcycles,10,127,137,0,0,10,127,137,263395003.679382,110355.561123041
343,S12000038,Renfrewshire,Scotland,Motorcycles,1,8,9,0,0,1,8,9,261490836.761856,131745.446686221
344,S12000039,West Dunbartonshire,Scotland,Motorcycles,0,5,5,0,0,0,5,5,177319583.18425,103710.998122334
345,S12000040,West Lothian,Scotland,Motorcycles,0,25,25,0,0,0,25,25,428769481.686554,134930.310291464
346,S12000041,Angus,Scotland,Motorcycles,0,12,12,0,0,0,12,12,2184982978.68718,328940.561902964
347,S12000042,Dundee City,Scotland,Motorcycles,0,17,17,0,0,0,17,17,59800679.97612,47831.2069158876
348,S12000045,East Dunbartonshire,Scotland,Motorcycles,3,15,18,0,0,3,15,18,174489033.610092,99592.6325879833
349,S12000047,Fife,Scotland,Motorcycles,5,42,47,0,0,5,42,47,1325190262.60379,358324.912814313
350,S12000048,Perth and Kinross,Scotland,Motorcycles,3,20,23,0,0,3,20,23,5383770929.93335,633248.172986055
351,S12000049,Glasgow City,Scotland,Motorcycles,6,35,41,0,0,6,35,41,174622045.629852,135573.393985495
352,S12000050,North Lanarkshire,Scotland,Motorcycles,5,20,25,0,0,5,20,25,472298223.955948,163983.319889321
353,W06000001,Isle of Anglesey,Wales,Motorcycles,0,4,4,0,0,0,4,4,715212551.920387,378960.671414204
354,W06000002,Gwynedd,Wales,Motorcycles,1,5,6,0,0,1,5,6,2548292895.11299,643030.305858802
355,W06000003,Conwy,Wales,Motorcycles,0,10,10,0,0,0,10,10,1130179030.87906,283263.119395945
356,W06000004,Denbighshire,Wales,Motorcycles,1,10,11,0,0,1,10,11,838716213.358932,228749.239059247
357,W06000005,Flintshire,Wales,Motorcycles,1,24,25,0,0,1,24,25,439830286.385391,239003.212626092
358,W06000006,Wrexham,Wales,Motorcycles,2,12,14,0,0,2,12,14,503773535.230103,190023.448114477
359,W06000008,Ceredigion,Wales,Motorcycles,1,8,9,0,0,1,8,9,1788379261.89556,382131.522913247
360,W06000009,Pembrokeshire,Wales,Motorcycles,6,12,18,0,0,6,12,18,1618344480.35981,743250.249529533
361,W06000010,Carmarthenshire,Wales,Motorcycles,3,25,28,0,0,3,25,28,2371104028.24967,591756.508359416
362,W06000011,Swansea,Wales,Motorcycles,10,31,41,0,0,10,31,41,377614544.98658,270825.582117602
363,W06000012,Neath Port Talbot,Wales,Motorcycles,1,12,13,0,0,1,12,13,442272629.118,182182.731934738
364,W06000013,Bridgend,Wales,Motorcycles,3,17,20,0,0,3,17,20,250785314.083366,93180.2520200993
365,W06000014,Vale of Glamorgan,Wales,Motorcycles,4,19,23,0,0,4,19,23,331261382.621326,108400.387481918
366,W06000015,Cardiff,Wales,Motorcycles,9,51,60,0,0,9,51,60,142303613.187145,79616.4688690008
367,W06000016,Rhondda Cynon Taf,Wales,Motorcycles,0,23,23,0,0,0,23,23,424150476.006226,130225.273793906
368,W06000018,Caerphilly,Wales,Motorcycles,11,20,31,0,0,11,20,31,277387807.112293,116195.727849562
369,W06000019,Blaenau Gwent,Wales,Motorcycles,0,6,6,0,0,0,6,6,108728046.067421,65601.5677696128
370,W06000020,Torfaen,Wales,Motorcycles,2,14,16,0,0,2,14,16,126239929.82222,82540.0392973317
371,W06000021,Monmouthshire,Wales,Motorcycles,1,13,14,0,0,1,13,14,850327720.788227,224909.141029611
372,W06000022,Newport,Wales,Motorcycles,2,19,21,0,0,2,19,21,190431147.336025,153213.179655943
373,W06000023,Powys,Wales,Motorcycles,1,19,20,0,0,1,19,20,5195311063.63076,610076.853820174
374,W06000024,Merthyr Tydfil,Wales,Motorcycles,0,7,7,0,0,0,7,7,111956970.938263,66689.0810594782
