FID,ONScode,ONSname,Region,BodyType,Battery electric (Company),Battery electric (Private),Battery electric (Total),Plug-in hybrid electric (diesel) (Private),Plug-in hybrid electric (diesel) (Total),Plug-in hybrid electric (petrol) (Company),Plug-in hybrid electric (petrol) (Private),Plug-in hybrid electric (petrol) (Total),Range extended electric (Company),Range extended electric (Private),Range extended electric (Total),Total (Company),Total (Private),Total (Total),Shape__Area,Shape__Length
1,E06000001,Hartlepool,North East,Light goods vehicles,6,2,8,0,0,0,0,0,0,0,0,6,2,8,93717028.4689178,70995.1737762769
2,E06000002,Middlesbrough,North East,Light goods vehicles,23,3,26,0,0,1,0,1,0,0,0,24,3,27,53881558.2759247,44479.6463704945
3,E06000003,Redcar and Cleveland,North East,Light goods vehicles,39,6,45,0,0,0,0,0,1,0,1,40,6,46,245069510.006897,96703.5106544218
4,E06000004,Stockton-on-Tees,North East,Light goods vehicles,39,4,43,0,0,2,0,2,1,0,1,42,4,46,204932934.937302,123404.959102325
5,E06000005,Darlington,North East,Light goods vehicles,1179,4,1183,0,0,1,0,1,11,0,11,1191,4,1195,197477753.555023,107202.299425244
6,E06000006,Halton,North West,Light goods vehicles,207,4,211,0,0,0,0,0,0,0,0,207,4,211,79084021.970459,77769.8366156168
7,E06000007,Warrington,North West,Light goods vehicles,159,13,172,0,0,0,0,0,3,0,3,162,13,175,180627983.012016,114688.093563908
8,E06000008,Blackburn with Darwen,North West,Light goods vehicles,48,7,55,0,0,0,0,0,1,0,1,49,7,56,137022093.525848,65284.3735150369
9,E06000009,Blackpool,North West,Light goods vehicles,32,9,41,0,0,2,0,2,1,0,1,35,9,44,34870852.2283325,34480.7839275111
10,E06000010,"Kingston upon Hull, City of",Yorkshire and The Humber,Light goods vehicles,91,9,100,0,0,0,0,0,1,0,1,92,9,101,71583595.6552734,64680.530906749
11,E06000011,East Riding of Yorkshire,Yorkshire and The Humber,Light goods vehicles,52,19,71,0,0,1,1,2,1,0,1,54,20,74,2404768954.86182,504120.094305933
12,E06000012,North East Lincolnshire,Yorkshire and The Humber,Light goods vehicles,43,3,46,0,0,1,0,1,2,1,3,46,4,50,192622985.584915,93246.2876540841
13,E06000013,North Lincolnshire,Yorkshire and The Humber,Light goods vehicles,18,3,21,0,0,1,0,1,0,0,0,19,3,22,846540125.376923,244546.761114545
14,E06000014,York,Yorkshire and The Humber,Light goods vehicles,195,13,208,0,0,0,0,0,2,1,3,197,14,211,271931454.715424,102020.797435209
15,E06000015,Derby,East Midlands,Light goods vehicles,236,3,239,0,0,2,0,2,2,1,3,240,4,244,78031107.3557892,50036.3185804889
16,E06000016,Leicester,East Midlands,Light goods vehicles,57,4,61,0,0,0,0,0,50,0,50,107,4,111,73342034.1657257,51929.4942082033
17,E06000017,Rutland,East Midlands,Light goods vehicles,2,2,4,0,0,1,0,1,0,0,0,3,2,5,393748938.333481,125879.320087916
18,E06000018,Nottingham,East Midlands,Light goods vehicles,194,13,207,0,0,0,1,1,2,0,2,196,14,210,74613549.3099365,58723.7427401093
19,E06000019,"Herefordshire, County of",West Midlands,Light goods vehicles,27,11,38,0,0,4,0,4,1,0,1,32,11,43,2179708317.85796,349869.988254535
20,E06000020,Telford and Wrekin,West Midlands,Light goods vehicles,135,8,143,0,0,0,0,0,2,0,2,137,8,145,290313536.554543,118775.749483715
21,E06000021,Stoke-on-Trent,West Midlands,Light goods vehicles,111,3,114,0,0,1,0,1,1,0,1,113,3,116,93448551.6496658,63971.3417170554
22,E06000022,Bath and North East Somerset,South West,Light goods vehicles,69,29,98,0,0,1,0,1,3,0,3,73,29,102,351123167.510914,141674.070852301
23,E06000023,"Bristol, City of",South West,Light goods vehicles,624,31,655,0,0,1,0,1,3,0,3,628,31,659,109666892.551918,109531.617064517
24,E06000024,North Somerset,South West,Light goods vehicles,183,18,201,0,0,2,3,5,1,1,2,186,22,208,374637219.77409,154748.225043695
25,E06000025,South Gloucestershire,South West,Light goods vehicles,834,26,860,0,0,5,1,6,149,1,150,988,28,1016,497050998.431568,143098.847233425
26,E06000026,Plymouth,South West,Light goods vehicles,70,5,75,0,0,0,2,2,2,1,3,72,8,80,79849695.3191061,92644.2442555715
27,E06000027,Torbay,South West,Light goods vehicles,15,7,22,0,0,0,0,0,0,0,0,15,7,22,62886738.7989531,77909.5315513595
28,E06000030,Swindon,South West,Light goods vehicles,857,5,862,0,0,29,0,29,20,0,20,906,5,911,230093343.90052,103011.758683882
29,E06000031,Peterborough,East of England,Light goods vehicles,1199,5,1204,0,0,197,0,197,117,1,118,1513,6,1519,343378153.586609,112674.360200151
30,E06000032,Luton,East of England,Light goods vehicles,25,5,30,0,0,1,0,1,0,1,1,26,6,32,43352485.6740799,34569.1847138739
31,E06000033,Southend-on-Sea,East of England,Light goods vehicles,7,7,14,0,0,0,1,1,0,0,0,7,8,15,41673985.9965286,57782.8327652349
32,E06000034,Thurrock,East of England,Light goods vehicles,111,6,117,0,0,1,0,1,5,1,6,117,7,124,163837060.033562,115990.648083053
33,E06000035,Medway,South East,Light goods vehicles,147,14,161,0,0,1,0,1,4,1,5,152,15,167,193714210.347961,249512.121639654
34,E06000036,Bracknell Forest,South East,Light goods vehicles,109,7,116,0,0,2,0,2,1,0,1,112,7,119,109384217.921951,62507.6688894678
35,E06000037,West Berkshire,South East,Light goods vehicles,29,13,42,0,0,1,0,1,2,0,2,32,13,45,704182731.436508,166818.256909513
36,E06000038,Reading,South East,Light goods vehicles,52,7,59,0,0,1,1,2,1,0,1,54,8,62,40397937.1150055,39327.6361285706
37,E06000039,Slough,South East,Light goods vehicles,2923,6,2929,0,0,62,1,63,54,0,54,3039,7,3046,32542015.6781998,44179.9803340002
38,E06000040,Windsor and Maidenhead,South East,Light goods vehicles,1964,7,1971,0,0,2,0,2,1,0,1,1967,7,1974,198427158.641678,114827.85425453
39,E06000041,Wokingham,South East,Light goods vehicles,19,11,30,0,0,4,0,4,0,0,0,23,11,34,178969062.886101,86869.6892364658
40,E06000042,Milton Keynes,South East,Light goods vehicles,2162,10,2172,0,0,0,0,0,62,0,62,2224,10,2234,308626721.690674,102957.957280917
41,E06000043,Brighton and Hove,South East,Light goods vehicles,119,14,133,0,0,0,1,1,1,1,2,120,16,136,82832986.3240891,59517.9984461413
42,E06000044,Portsmouth,South East,Light goods vehicles,784,7,791,0,0,0,0,0,18,0,18,802,7,809,40381702.3692169,62708.2022736547
43,E06000045,Southampton,South East,Light goods vehicles,123,10,133,0,0,1,1,2,4,0,4,128,11,139,49880631.5834122,61542.7955829543
44,E06000046,Isle of Wight,South East,Light goods vehicles,22,23,45,0,0,15,0,15,0,0,0,37,23,60,379620110.286783,210137.73230538
45,E06000047,County Durham,North East,Light goods vehicles,82,18,100,0,0,3,1,4,1,1,2,86,20,106,2231432414.12584,315226.483631744
46,E06000049,Cheshire East,North West,Light goods vehicles,74,33,107,0,0,1,1,2,1,0,1,76,34,110,1166357340.22478,301202.123887001
47,E06000050,Cheshire West and Chester,North West,Light goods vehicles,151,15,166,0,0,2,0,2,3,0,3,156,15,171,920018024.621178,335602.059504914
48,E06000051,Shropshire,West Midlands,Light goods vehicles,45,18,63,0,0,2,0,2,5,1,6,52,19,71,3197275322.15964,580599.506306279
49,E06000052,Cornwall,South West,Light goods vehicles,176,75,251,0,0,2,0,2,2,2,4,180,77,257,3548939126.92263,1241696.51353641
50,E06000053,Isles of Scilly,South West,Light goods vehicles,19,9,28,0,0,0,0,0,0,0,0,19,9,28,16317752.1032921,117979.163844593
51,E06000054,Wiltshire,South West,Light goods vehicles,4701,40,4741,0,0,18,4,22,37,0,37,4756,44,4800,3255338105.52649,401997.073738198
52,E06000055,Bedford,East of England,Light goods vehicles,73,9,82,0,0,1,2,3,2,1,3,76,12,88,476408313.581512,131719.277394327
53,E06000056,Central Bedfordshire,East of England,Light goods vehicles,108,19,127,0,0,6,1,7,12,0,12,126,20,146,715665436.200249,232685.180099795
54,E06000057,Northumberland,North East,Light goods vehicles,84,29,113,0,0,3,1,4,1,0,1,88,30,118,5032312670.59779,606236.97163611
55,E06000058,"Bournemouth, Christchurch and Poole",South West,Light goods vehicles,149,19,168,0,0,2,1,3,2,0,2,153,20,173,162070069.443581,169170.190930922
56,E06000059,Dorset,South West,Light goods vehicles,128,34,162,0,0,6,1,7,6,2,8,140,37,177,2490956549.68954,594350.704732187
57,E06000060,Buckinghamshire,South East,Light goods vehicles,284,32,316,0,0,4,1,5,14,2,16,302,35,337,1564937984.73737,361907.474854908
58,E06000061,North Northamptonshire,East Midlands,Light goods vehicles,191,19,210,0,0,17,1,18,3,0,3,211,20,231,986594539.219704,210624.116197611
59,E06000062,West Northamptonshire,East Midlands,Light goods vehicles,166,22,188,0,0,3,1,4,17,1,18,186,24,210,1380395590.74594,263780.515769498
60,E07000008,Cambridge,East of England,Light goods vehicles,490,6,496,0,0,0,0,0,1,0,1,491,6,497,40698821.5531006,37169.1755199722
61,E07000009,East Cambridgeshire,East of England,Light goods vehicles,9,6,15,0,0,1,0,1,0,0,0,10,6,16,651285998.080215,234186.37804255
62,E07000010,Fenland,East of England,Light goods vehicles,10,8,18,0,0,6,1,7,0,0,0,16,9,25,546450116.18045,187880.713056672
63,E07000011,Huntingdonshire,East of England,Light goods vehicles,80,11,91,0,0,2,1,3,1,0,1,83,12,95,912455230.935448,223334.105789929
64,E07000012,South Cambridgeshire,East of England,Light goods vehicles,57,11,68,0,0,1,2,3,1,1,2,59,14,73,901624749.081009,257074.63199472
65,E07000026,Allerdale,North West,Light goods vehicles,14,2,16,0,0,0,0,0,1,0,1,15,2,17,1258309894.67578,326487.424636605
66,E07000027,Barrow-in-Furness,North West,Light goods vehicles,8,3,11,0,0,0,0,0,0,0,0,8,3,11,77897003.596817,146479.945788182
67,E07000028,Carlisle,North West,Light goods vehicles,34,6,40,0,0,0,0,0,1,0,1,35,6,41,1038296843.15015,278387.275851956
68,E07000029,Copeland,North West,Light goods vehicles,8,2,10,0,0,0,0,0,0,0,0,8,2,10,737632415.012833,252310.172150818
69,E07000030,Eden,North West,Light goods vehicles,6,3,9,0,0,1,0,1,0,0,0,7,3,10,2156479430.46436,268766.165774266
70,E07000031,South Lakeland,North West,Light goods vehicles,31,8,39,0,0,2,0,2,0,0,0,33,8,41,1554926499.52023,381791.631485935
71,E07000032,Amber Valley,East Midlands,Light goods vehicles,25,4,29,0,0,2,0,2,0,0,0,27,4,31,265437895.569733,109015.606044319
72,E07000033,Bolsover,East Midlands,Light goods vehicles,17,4,21,0,0,0,0,0,4,0,4,21,4,25,160334643.513474,96233.3664932635
73,E07000034,Chesterfield,East Midlands,Light goods vehicles,5346,15,5361,0,0,0,0,0,6,0,6,5352,15,5367,66035323.1428528,52615.4706045034
74,E07000035,Derbyshire Dales,East Midlands,Light goods vehicles,16,6,22,0,0,1,0,1,2,0,2,19,6,25,795318009.745445,245455.056178363
75,E07000036,Erewash,East Midlands,Light goods vehicles,28,6,34,0,0,2,1,3,1,0,1,31,7,38,109630039.364151,73544.8394314227
76,E07000037,High Peak,East Midlands,Light goods vehicles,11,10,21,0,0,1,0,1,0,0,0,12,10,22,540254001.172287,159628.494883945
77,E07000038,North East Derbyshire,East Midlands,Light goods vehicles,14,7,21,0,0,3,0,3,1,0,1,18,7,25,275623494.267426,161225.071207051
78,E07000039,South Derbyshire,East Midlands,Light goods vehicles,16,8,24,0,0,0,0,0,1,1,2,17,9,26,338126978.455208,166687.786160215
79,E07000040,East Devon,South West,Light goods vehicles,45,15,60,0,0,0,2,2,1,0,1,46,17,63,814238085.476988,219898.795348358
80,E07000041,Exeter,South West,Light goods vehicles,139,3,142,0,0,1,0,1,1,0,1,141,3,144,47033060.6327896,50236.9824915719
81,E07000042,Mid Devon,South West,Light goods vehicles,18,5,23,0,0,3,1,4,0,0,0,21,6,27,912900687.437094,246619.14811547
82,E07000043,North Devon,South West,Light goods vehicles,39,7,46,0,0,0,1,1,1,1,2,40,9,49,1085892202.46388,321506.402041659
83,E07000044,South Hams,South West,Light goods vehicles,36,16,52,0,0,0,1,1,2,1,3,38,18,56,886546852.068371,478785.950013974
84,E07000045,Teignbridge,South West,Light goods vehicles,36,21,57,0,0,3,1,4,0,1,1,39,23,62,673759624.001635,191462.662144763
85,E07000046,Torridge,South West,Light goods vehicles,21,12,33,0,0,0,0,0,1,0,1,22,12,34,985260246.945179,316896.681147026
86,E07000047,West Devon,South West,Light goods vehicles,14,10,24,0,0,0,1,1,0,0,0,14,11,25,1161110790.80115,254084.548041845
87,E07000061,Eastbourne,South East,Light goods vehicles,28,1,29,0,0,0,0,0,0,0,0,28,1,29,44161445.7946434,38031.9095181751
88,E07000062,Hastings,South East,Light goods vehicles,4,5,9,0,0,0,1,1,0,2,2,4,8,12,29796100.2023735,34101.6320304622
89,E07000063,Lewes,South East,Light goods vehicles,32,16,48,0,0,0,1,1,1,0,1,33,17,50,292106824.947899,168355.61556881
90,E07000064,Rother,South East,Light goods vehicles,12,6,18,0,0,2,0,2,1,0,1,15,6,21,511753821.206711,180525.083767321
91,E07000065,Wealden,South East,Light goods vehicles,82,8,90,0,0,0,0,0,3,1,4,85,9,94,834948480.554298,225861.743423267
92,E07000066,Basildon,East of England,Light goods vehicles,141,7,148,0,0,1,1,2,22,0,22,164,8,172,110001020.082626,85629.1291694682
93,E07000067,Braintree,East of England,Light goods vehicles,22,5,27,0,0,3,1,4,1,0,1,26,6,32,611708022.086105,168682.860674143
94,E07000068,Brentwood,East of England,Light goods vehicles,17,5,22,0,0,1,1,2,2,0,2,20,6,26,153124041.91967,72338.721114412
95,E07000069,Castle Point,East of England,Light goods vehicles,16,3,19,0,0,1,0,1,3,0,3,20,3,23,44673534.0900345,163436.439279142
96,E07000070,Chelmsford,East of England,Light goods vehicles,29,10,39,0,0,2,1,3,0,2,2,31,13,44,342227524.020721,126392.216101991
97,E07000071,Colchester,East of England,Light goods vehicles,40,8,48,0,0,1,0,1,0,1,1,41,9,50,332325207.81015,318166.219922529
98,E07000072,Epping Forest,East of England,Light goods vehicles,46,8,54,0,0,1,0,1,7,0,7,54,8,62,338984118.261093,123269.197706998
99,E07000073,Harlow,East of England,Light goods vehicles,17,3,20,0,0,2,0,2,0,0,0,19,3,22,30537927.558403,28513.3707443894
100,E07000074,Maldon,East of England,Light goods vehicles,16,3,19,0,0,4,0,4,2,0,2,22,3,25,357815646.392914,469755.638206894
101,E07000075,Rochford,East of England,Light goods vehicles,11,7,18,0,0,2,0,2,0,0,0,13,7,20,167092773.086838,234542.198085804
102,E07000076,Tendring,East of England,Light goods vehicles,20,14,34,0,0,2,0,2,0,0,0,22,14,36,336324365.655441,442534.709440991
103,E07000077,Uttlesford,East of England,Light goods vehicles,31,9,40,0,0,2,1,3,2,0,2,35,10,45,641182884.0028,166503.257259225
104,E07000078,Cheltenham,South West,Light goods vehicles,52,4,56,0,0,0,0,0,1,1,2,53,5,58,46596063.962883,38220.6903355067
105,E07000079,Cotswold,South West,Light goods vehicles,32,3,35,0,0,2,1,3,0,0,0,34,4,38,1164524434.81,332430.632142207
106,E07000080,Forest of Dean,South West,Light goods vehicles,13,6,19,0,0,2,0,2,0,1,1,15,7,22,525902205.293377,190123.946392423
107,E07000081,Gloucester,South West,Light goods vehicles,23,1,24,0,0,0,0,0,0,0,0,23,1,24,40553067.1238632,33535.1384359469
108,E07000082,Stroud,South West,Light goods vehicles,28,9,37,0,0,0,1,1,1,0,1,29,10,39,460541932.840958,172776.05769481
109,E07000083,Tewkesbury,South West,Light goods vehicles,31,7,38,0,0,0,0,0,4,0,4,35,7,42,414414331.620384,204816.828317149
110,E07000084,Basingstoke and Deane,South East,Light goods vehicles,29,5,34,0,0,3,1,4,1,1,2,33,7,40,633808768.307358,143445.561610085
111,E07000085,East Hampshire,South East,Light goods vehicles,25,11,36,0,0,0,0,0,1,0,1,26,11,37,514427244.742657,144529.50155922
112,E07000086,Eastleigh,South East,Light goods vehicles,37,6,43,0,0,1,0,1,0,0,0,38,6,44,79691534.0207672,75969.3701259384
113,E07000087,Fareham,South East,Light goods vehicles,39,12,51,0,0,0,0,0,0,0,0,39,12,51,74252568.8639069,66391.3182765974
114,E07000088,Gosport,South East,Light goods vehicles,2,3,5,0,0,0,0,0,1,0,1,3,3,6,25373863.5987015,40198.9526446878
115,E07000089,Hart,South East,Light goods vehicles,61,10,71,0,0,1,0,1,1,0,1,63,10,73,215265062.888855,77846.4171414185
116,E07000090,Havant,South East,Light goods vehicles,71,3,74,0,0,0,0,0,0,0,0,71,3,74,55740863.552475,115656.001782131
117,E07000091,New Forest,South East,Light goods vehicles,71,11,82,0,0,2,0,2,1,0,1,74,11,85,752175282.793148,332040.78546347
118,E07000092,Rushmoor,South East,Light goods vehicles,1052,4,1056,0,0,6,0,6,69,0,69,1127,4,1131,39045031.351738,31890.6799933273
119,E07000093,Test Valley,South East,Light goods vehicles,40,7,47,0,0,1,0,1,0,1,1,41,8,49,627605428.903973,190861.039845632
120,E07000094,Winchester,South East,Light goods vehicles,71,5,76,0,0,2,0,2,0,1,1,73,6,79,660970784.217972,172284.74960649
121,E07000095,Broxbourne,East of England,Light goods vehicles,71,13,84,0,0,0,1,1,3,1,4,74,15,89,51442323.4619751,39066.0781406614
122,E07000096,Dacorum,East of England,Light goods vehicles,30,12,42,0,0,1,1,2,3,3,6,34,16,50,212476384.667572,110099.851922617
123,E07000098,Hertsmere,East of England,Light goods vehicles,28,12,40,0,0,1,0,1,5,1,6,34,13,47,101128118.175667,61226.9755336206
124,E07000099,North Hertfordshire,East of England,Light goods vehicles,56,6,62,0,0,4,0,4,1,0,1,61,6,67,375382263.828629,168304.522402386
125,E07000102,Three Rivers,East of England,Light goods vehicles,48,8,56,0,0,3,2,5,4,1,5,55,11,66,88824130.6230011,74110.379284116
126,E07000103,Watford,East of England,Light goods vehicles,19,7,26,0,0,0,0,0,3,1,4,22,8,30,21430353.2294617,26390.2208397151
127,E07000105,Ashford,South East,Light goods vehicles,18,5,23,0,0,0,1,1,1,1,2,19,7,26,580617311.897118,149444.582577307
128,E07000106,Canterbury,South East,Light goods vehicles,48,5,53,0,0,0,0,0,2,0,2,50,5,55,308752611.633759,134480.530270857
129,E07000107,Dartford,South East,Light goods vehicles,54,7,61,0,0,1,2,3,6,1,7,61,10,71,72725607.8161087,57308.8677406833
130,E07000108,Dover,South East,Light goods vehicles,7,9,16,0,0,0,0,0,0,0,0,7,9,16,315337913.662262,148158.331321105
131,E07000109,Gravesham,South East,Light goods vehicles,25,3,28,0,0,1,0,1,1,0,1,27,3,30,98991343.5061035,60514.4099095587
132,E07000110,Maidstone,South East,Light goods vehicles,33,10,43,0,0,1,2,3,6,1,7,40,13,53,393329500.961746,122978.78174292
133,E07000111,Sevenoaks,South East,Light goods vehicles,33,10,43,0,0,3,0,3,2,0,2,38,10,48,370347002.872887,134424.857442803
134,E07000112,Folkestone and Hythe,South East,Light goods vehicles,15,8,23,0,0,1,0,1,1,0,1,17,8,25,356921043.861404,148967.53012936
135,E07000113,Swale,South East,Light goods vehicles,41,6,47,0,0,0,0,0,3,0,3,44,6,50,373436666.723366,347822.333690706
136,E07000114,Thanet,South East,Light goods vehicles,8,7,15,0,0,0,0,0,1,0,1,9,7,16,103609162.256866,65351.0575122022
137,E07000115,Tonbridge and Malling,South East,Light goods vehicles,42,7,49,0,0,1,0,1,1,0,1,44,7,51,240114170.735138,133207.598464157
138,E07000116,Tunbridge Wells,South East,Light goods vehicles,25,6,31,0,0,0,1,1,0,1,1,25,8,33,331328785.658195,150582.555352952
139,E07000117,Burnley,North West,Light goods vehicles,10,2,12,0,0,0,1,1,1,0,1,11,3,14,110683988.566406,57758.3849479255
140,E07000118,Chorley,North West,Light goods vehicles,22,7,29,0,0,0,0,0,1,0,1,23,7,30,202762183.401443,114512.346233295
141,E07000119,Fylde,North West,Light goods vehicles,6,5,11,0,0,0,1,1,0,0,0,6,6,12,165697311.171219,138362.744300761
142,E07000120,Hyndburn,North West,Light goods vehicles,6,3,9,0,0,0,1,1,1,0,1,7,4,11,73006531.9950256,42725.5895458216
143,E07000121,Lancaster,North West,Light goods vehicles,86,6,92,0,0,0,0,0,1,0,1,87,6,93,566931388.429276,345316.924214594
144,E07000122,Pendle,North West,Light goods vehicles,12,8,20,0,0,0,0,0,0,0,0,12,8,20,169380123.60495,79240.7874487146
145,E07000123,Preston,North West,Light goods vehicles,24,3,27,0,0,0,1,1,1,0,1,25,4,29,142284174.215057,82800.2153872617
146,E07000124,Ribble Valley,North West,Light goods vehicles,7,4,11,0,0,1,0,1,1,0,1,9,4,13,584462410.81546,150567.848726777
147,E07000125,Rossendale,North West,Light goods vehicles,8,4,12,0,0,0,0,0,0,0,0,8,4,12,138040945.395981,71146.5805886302
148,E07000126,South Ribble,North West,Light goods vehicles,22,8,30,0,0,0,0,0,1,0,1,23,8,31,113141836.473007,105349.841184343
149,E07000127,West Lancashire,North West,Light goods vehicles,47,4,51,0,0,3,0,3,0,0,0,50,4,54,346632972.355667,227318.107045886
150,E07000128,Wyre,North West,Light goods vehicles,22,4,26,0,0,1,0,1,0,0,0,23,4,27,282164343.394623,212915.423835105
151,E07000129,Blaby,East Midlands,Light goods vehicles,17,7,24,0,0,1,0,1,2,0,2,20,7,27,130468683.748283,100814.853323911
152,E07000130,Charnwood,East Midlands,Light goods vehicles,185,4,189,0,0,3,1,4,4,0,4,192,5,197,279042271.32692,115467.998574257
153,E07000131,Harborough,East Midlands,Light goods vehicles,20,5,25,0,0,0,2,2,1,0,1,21,7,28,592692009.022011,185943.110691819
154,E07000132,Hinckley and Bosworth,East Midlands,Light goods vehicles,14,9,23,0,0,0,0,0,2,0,2,16,9,25,297351522.794861,111542.038513824
155,E07000133,Melton,East Midlands,Light goods vehicles,7,3,10,0,0,2,0,2,0,0,0,9,3,12,481380450.704636,140624.572169108
156,E07000134,North West Leicestershire,East Midlands,Light goods vehicles,29,4,33,0,0,1,0,1,0,0,0,30,4,34,279328099.664093,116450.135016811
157,E07000135,Oadby and Wigston,East Midlands,Light goods vehicles,5,0,5,0,0,1,0,1,0,0,0,6,0,6,23526168.5615234,31168.1447108195
158,E07000136,Boston,East Midlands,Light goods vehicles,12,5,17,0,0,0,0,0,0,0,0,12,5,17,364008505.483185,440525.756968777
159,E07000137,East Lindsey,East Midlands,Light goods vehicles,23,10,33,0,0,1,0,1,0,0,0,24,10,34,1766773262.65205,373174.569529616
160,E07000138,Lincoln,East Midlands,Light goods vehicles,21,5,26,0,0,0,0,0,0,0,0,21,5,26,35690262.1727448,32968.7309952948
161,E07000139,North Kesteven,East Midlands,Light goods vehicles,20,3,23,0,0,1,1,2,4,0,4,25,4,29,922471413.921478,181805.062441591
162,E07000140,South Holland,East Midlands,Light goods vehicles,10,6,16,0,0,1,0,1,0,0,0,11,6,17,750076198.639008,438382.414635444
163,E07000141,South Kesteven,East Midlands,Light goods vehicles,14,3,17,0,0,0,1,1,0,0,0,14,4,18,942585741.048859,209809.642173754
164,E07000142,West Lindsey,East Midlands,Light goods vehicles,11,3,14,0,0,1,0,1,1,0,1,13,3,16,1155731948.82578,249626.336213677
165,E07000143,Breckland,East of England,Light goods vehicles,66,14,80,0,0,0,1,1,1,0,1,67,15,82,1305116636.27957,239522.366983952
166,E07000144,Broadland,East of England,Light goods vehicles,28,5,33,0,0,0,0,0,3,0,3,31,5,36,552060685.638245,219123.105970655
167,E07000145,Great Yarmouth,East of England,Light goods vehicles,2,2,4,0,0,0,0,0,0,0,0,2,2,4,174314084.185471,145906.026155804
168,E07000146,King's Lynn and West Norfolk,East of England,Light goods vehicles,21,7,28,0,0,2,0,2,1,0,1,24,7,31,1439522769.9068,695919.962988732
169,E07000147,North Norfolk,East of England,Light goods vehicles,26,6,32,0,0,1,2,3,1,0,1,28,8,36,967553234.861084,600210.929292212
170,E07000148,Norwich,East of England,Light goods vehicles,29,4,33,0,0,0,0,0,2,0,2,31,4,35,39021876.966095,52684.4387944125
171,E07000149,South Norfolk,East of England,Light goods vehicles,30,10,40,0,0,1,0,1,2,1,3,33,11,44,907576576.146591,266869.497485678
172,E07000163,Craven,Yorkshire and The Humber,Light goods vehicles,12,4,16,0,0,0,1,1,1,0,1,13,5,18,1178807535.3551,199881.375346452
173,E07000164,Hambleton,Yorkshire and The Humber,Light goods vehicles,25,5,30,0,0,0,0,0,0,0,0,25,5,30,1311256293.98462,298682.454054928
174,E07000165,Harrogate,Yorkshire and The Humber,Light goods vehicles,70,6,76,0,0,2,1,3,3,0,3,75,7,82,1309117875.80103,246981.310508245
175,E07000166,Richmondshire,Yorkshire and The Humber,Light goods vehicles,5,3,8,0,0,0,0,0,0,0,0,5,3,8,1318702662.09824,221692.587160329
176,E07000167,Ryedale,Yorkshire and The Humber,Light goods vehicles,27,8,35,0,0,0,0,0,0,0,0,27,8,35,1506530701.19722,250881.622441998
177,E07000168,Scarborough,Yorkshire and The Humber,Light goods vehicles,11,7,18,0,0,0,0,0,1,0,1,12,7,19,816241280.322708,242694.579503398
178,E07000169,Selby,Yorkshire and The Humber,Light goods vehicles,4,3,7,0,0,0,0,0,0,0,0,4,3,7,599315573.923569,264845.034329299
179,E07000170,Ashfield,East Midlands,Light goods vehicles,9,3,12,0,0,0,0,0,4,0,4,13,3,16,109557954.123535,69168.0549787649
180,E07000171,Bassetlaw,East Midlands,Light goods vehicles,22,8,30,0,0,1,0,1,0,0,0,23,8,31,637803606.42421,159728.455054285
181,E07000172,Broxtowe,East Midlands,Light goods vehicles,23,4,27,0,0,0,0,0,1,0,1,24,4,28,80098843.9173431,65996.6218856484
182,E07000173,Gedling,East Midlands,Light goods vehicles,17,7,24,0,0,1,0,1,0,0,0,18,7,25,119981502.24617,69750.8310113412
183,E07000174,Mansfield,East Midlands,Light goods vehicles,17,7,24,0,0,0,0,0,1,0,1,18,7,25,76696927.4926605,51089.9016277906
184,E07000175,Newark and Sherwood,East Midlands,Light goods vehicles,77,8,85,0,0,4,1,5,2,0,2,83,9,92,651340476.370392,187413.7482207
185,E07000176,Rushcliffe,East Midlands,Light goods vehicles,5,6,11,0,0,0,0,0,3,0,3,8,6,14,409231546.466995,123321.322043074
186,E07000177,Cherwell,South East,Light goods vehicles,113,11,124,0,0,3,1,4,2,0,2,118,12,130,588745404.830795,225617.395164138
187,E07000178,Oxford,South East,Light goods vehicles,113,4,117,0,0,0,0,0,0,0,0,113,4,117,45602825.5069656,34993.844626057
188,E07000179,South Oxfordshire,South East,Light goods vehicles,35,17,52,0,0,1,0,1,2,0,2,38,17,55,678492168.0867,205550.098477864
189,E07000180,Vale of White Horse,South East,Light goods vehicles,68,15,83,0,0,0,0,0,5,1,6,73,16,89,578679719.457848,176033.370660927
190,E07000181,West Oxfordshire,South East,Light goods vehicles,31,4,35,0,0,2,0,2,3,0,3,36,4,40,714422037.287323,160237.256592195
191,E07000187,Mendip,South West,Light goods vehicles,17,6,23,0,0,1,0,1,3,0,3,21,6,27,739435455.84145,198844.392404697
192,E07000188,Sedgemoor,South West,Light goods vehicles,30,11,41,0,0,2,0,2,0,0,0,32,11,43,564223822.301853,258005.444665784
193,E07000189,South Somerset,South West,Light goods vehicles,57,17,74,0,0,1,0,1,7,1,8,65,18,83,959053025.863747,241548.032961482
194,E07000192,Cannock Chase,West Midlands,Light goods vehicles,92,0,92,0,0,1,0,1,1,0,1,94,0,94,78882578.3519669,50125.8394489737
195,E07000193,East Staffordshire,West Midlands,Light goods vehicles,37,3,40,0,0,2,0,2,0,0,0,39,3,42,389987122.843025,183691.288895755
196,E07000194,Lichfield,West Midlands,Light goods vehicles,40,9,49,0,0,0,0,0,0,0,0,40,9,49,331294321.205109,127463.170739768
197,E07000195,Newcastle-under-Lyme,West Midlands,Light goods vehicles,37,4,41,0,0,2,1,3,3,0,3,42,5,47,210957295.971909,108251.653778863
198,E07000196,South Staffordshire,West Midlands,Light goods vehicles,44,10,54,0,0,0,0,0,0,0,0,44,10,54,407322353.328491,184884.661607311
199,E07000197,Stafford,West Midlands,Light goods vehicles,38,8,46,0,0,0,1,1,0,0,0,38,9,47,598172189.401169,159072.547255002
200,E07000198,Staffordshire Moorlands,West Midlands,Light goods vehicles,6,1,7,0,0,1,2,3,0,0,0,7,3,10,575849809.00811,152441.966463739
201,E07000199,Tamworth,West Midlands,Light goods vehicles,7,2,9,0,0,0,0,0,8,1,9,15,3,18,30850724.0121002,30729.4523914775
202,E07000200,Babergh,East of England,Light goods vehicles,16,5,21,0,0,0,0,0,0,0,0,16,5,21,595116582.503052,210443.312612023
203,E07000202,Ipswich,East of England,Light goods vehicles,83,4,87,0,0,0,1,1,2,0,2,85,5,90,39509771.4361115,45341.496541064
204,E07000203,Mid Suffolk,East of England,Light goods vehicles,363,7,370,0,0,1,1,2,0,0,0,364,8,372,871070710.020721,191151.730303906
205,E07000207,Elmbridge,South East,Light goods vehicles,44,6,50,0,0,1,0,1,0,0,0,45,6,51,96334273.0766754,52204.4385998147
206,E07000208,Epsom and Ewell,South East,Light goods vehicles,25,13,38,0,0,0,0,0,1,0,1,26,13,39,34079154.5370331,28503.8092975754
207,E07000209,Guildford,South East,Light goods vehicles,69,12,81,0,0,2,1,3,1,0,1,72,13,85,270931144.02079,128412.382018558
208,E07000210,Mole Valley,South East,Light goods vehicles,22,9,31,0,0,1,0,1,0,0,0,23,9,32,258321090.604195,105397.031980434
209,E07000211,Reigate and Banstead,South East,Light goods vehicles,174,18,192,0,0,3,1,4,9,1,10,186,20,206,129143817.748154,79917.0905767468
210,E07000212,Runnymede,South East,Light goods vehicles,68,4,72,0,0,0,0,0,2,0,2,70,4,74,78040680.6398315,45677.007524902
211,E07000213,Spelthorne,South East,Light goods vehicles,48,4,52,0,0,0,0,0,1,0,1,49,4,53,51161350.4098892,44131.1428612105
212,E07000214,Surrey Heath,South East,Light goods vehicles,526,4,530,0,0,3,0,3,4,0,4,533,4,537,95092963.0002747,53557.764578556
213,E07000215,Tandridge,South East,Light goods vehicles,31,9,40,0,0,1,0,1,5,0,5,37,9,46,248194582.980942,83131.8930481927
214,E07000216,Waverley,South East,Light goods vehicles,33,78,111,0,0,0,0,0,1,0,1,34,78,112,345170238.491543,125428.597835176
215,E07000217,Woking,South East,Light goods vehicles,38,3,41,0,0,0,0,0,122,0,122,160,3,163,63603608.294426,54780.2122292832
216,E07000218,North Warwickshire,West Midlands,Light goods vehicles,42,2,44,0,0,1,0,1,0,0,0,43,2,45,284261518.649086,113228.85783183
217,E07000219,Nuneaton and Bedworth,West Midlands,Light goods vehicles,27,8,35,0,0,0,0,0,128,0,128,155,8,163,78950267.1659927,48147.0588079889
218,E07000220,Rugby,West Midlands,Light goods vehicles,85,5,90,0,0,0,0,0,20,0,20,105,5,110,353557317.712494,115087.24363392
219,E07000221,Stratford-on-Avon,West Midlands,Light goods vehicles,18,6,24,0,0,3,1,4,2,0,2,23,7,30,977869032.994003,261369.031234585
220,E07000222,Warwick,West Midlands,Light goods vehicles,65,9,74,0,0,0,0,0,47,1,48,112,10,122,282882324.589981,116714.078810518
221,E07000223,Adur,South East,Light goods vehicles,23,3,26,0,0,0,0,0,2,0,2,25,3,28,42065500.7971153,60515.2393173462
222,E07000224,Arun,South East,Light goods vehicles,18,13,31,0,0,0,0,0,0,1,1,18,14,32,220991208.823517,156496.558931363
223,E07000225,Chichester,South East,Light goods vehicles,34,11,45,0,0,5,1,6,1,0,1,40,12,52,786194915.21093,297267.271791169
224,E07000226,Crawley,South East,Light goods vehicles,96,1,97,0,0,1,0,1,0,0,0,97,1,98,44971227.3985825,38798.5820994218
225,E07000227,Horsham,South East,Light goods vehicles,43,18,61,0,0,0,0,0,1,0,1,44,18,62,530278329.223454,215754.884714148
226,E07000228,Mid Sussex,South East,Light goods vehicles,32,17,49,0,0,2,0,2,6,1,7,40,18,58,334029216.736504,132901.26791811
227,E07000229,Worthing,South East,Light goods vehicles,31,4,35,0,0,0,1,1,1,0,1,32,5,37,32521006.014946,29461.7156766559
228,E07000234,Bromsgrove,West Midlands,Light goods vehicles,16,6,22,0,0,0,0,0,1,0,1,17,6,23,216968441.120949,113128.333688222
229,E07000235,Malvern Hills,West Midlands,Light goods vehicles,16,4,20,0,0,0,0,0,0,0,0,16,4,20,577070951.886055,230594.571309952
230,E07000236,Redditch,West Midlands,Light goods vehicles,186,1,187,0,0,0,0,0,1,0,1,187,1,188,54250908.2603149,41300.3373143932
231,E07000237,Worcester,West Midlands,Light goods vehicles,31,4,35,0,0,1,1,2,0,0,0,32,5,37,33278111.1236725,31261.2304343563
232,E07000238,Wychavon,West Midlands,Light goods vehicles,21,8,29,0,0,1,0,1,0,0,0,22,8,30,663542007.469109,219510.915753207
233,E07000239,Wyre Forest,West Midlands,Light goods vehicles,9,8,17,0,0,1,1,2,1,1,2,11,10,21,195403730.262199,100861.152767908
234,E07000240,St Albans,East of England,Light goods vehicles,30,9,39,0,0,5,0,5,3,1,4,38,10,48,161205788.992043,72941.6954485127
235,E07000241,Welwyn Hatfield,East of England,Light goods vehicles,126,5,131,0,0,0,0,0,1,0,1,127,5,132,129536962.915245,82383.3616268959
236,E07000242,East Hertfordshire,East of England,Light goods vehicles,27,14,41,0,0,0,0,0,6,2,8,33,16,49,475669142.173576,135178.027176787
237,E07000243,Stevenage,East of England,Light goods vehicles,34,2,36,0,0,0,0,0,1,0,1,35,2,37,25969247.2625275,28585.161430964
238,E07000244,East Suffolk,East of England,Light goods vehicles,30,16,46,0,0,2,0,2,2,2,4,34,18,52,1260989491.10616,584787.924048438
239,E07000245,West Suffolk,East of England,Light goods vehicles,89,10,99,0,0,8,0,8,2,0,2,99,10,109,1034675737.77446,274539.879009978
240,E07000246,Somerset West and Taunton,South West,Light goods vehicles,28,13,41,0,0,0,0,0,3,0,3,31,13,44,1189066301.1416,288889.206722841
241,E08000001,Bolton,North West,Light goods vehicles,26,6,32,0,0,0,1,1,1,1,2,27,8,35,139792040.674789,82643.5197746864
242,E08000002,Bury,North West,Light goods vehicles,35,8,43,0,0,2,0,2,1,0,1,38,8,46,99460098.088501,68535.7621537225
243,E08000003,Manchester,North West,Light goods vehicles,265,10,275,0,0,0,1,1,20,0,20,285,11,296,115648443.590103,86841.9510631882
244,E08000004,Oldham,North West,Light goods vehicles,26,6,32,0,0,1,0,1,1,0,1,28,6,34,142344867.617081,71145.2166053481
245,E08000005,Rochdale,North West,Light goods vehicles,60,7,67,0,0,1,0,1,0,0,0,61,7,68,158128218.886078,82706.3709034793
246,E08000006,Salford,North West,Light goods vehicles,103,9,112,0,0,0,0,0,0,0,0,103,9,112,97197259.633194,63262.7594028187
247,E08000007,Stockport,North West,Light goods vehicles,3813,16,3829,0,0,42,2,44,29,0,29,3884,18,3902,126040348.490097,73631.0890907973
248,E08000008,Tameside,North West,Light goods vehicles,26,12,38,0,0,0,0,0,1,0,1,27,12,39,103154247.722641,55973.0550571155
249,E08000009,Trafford,North West,Light goods vehicles,40,7,47,0,0,1,0,1,3,2,5,44,9,53,106044604.785675,60714.9991313479
250,E08000010,Wigan,North West,Light goods vehicles,34,9,43,0,0,0,0,0,1,1,2,35,10,45,188171014.795837,88682.4116794718
251,E08000011,Knowsley,North West,Light goods vehicles,66,3,69,0,0,0,1,1,0,0,0,66,4,70,86500031.7274017,68163.8832839651
252,E08000012,Liverpool,North West,Light goods vehicles,495,13,508,0,0,1,0,1,0,2,2,496,15,511,111835593.626411,62696.5993588289
253,E08000013,St. Helens,North West,Light goods vehicles,42,5,47,0,0,1,1,2,1,0,1,44,6,50,136358780.853088,76379.812216368
254,E08000014,Sefton,North West,Light goods vehicles,116,11,127,0,0,0,1,1,0,0,0,116,12,128,156578258.79126,130341.257310849
255,E08000015,Wirral,North West,Light goods vehicles,121,14,135,0,0,0,0,0,4,2,6,125,16,141,160922004.907288,133924.121231149
256,E08000016,Barnsley,Yorkshire and The Humber,Light goods vehicles,45,6,51,0,0,3,2,5,1,0,1,49,8,57,329077576.743942,126418.480693044
257,E08000017,Doncaster,Yorkshire and The Humber,Light goods vehicles,54,7,61,0,0,1,0,1,11,0,11,66,7,73,568006431.217484,171113.010006791
258,E08000018,Rotherham,Yorkshire and The Humber,Light goods vehicles,23,9,32,0,0,0,0,0,0,1,1,23,10,33,286534378.866501,106146.658844867
259,E08000019,Sheffield,Yorkshire and The Humber,Light goods vehicles,214,39,253,0,0,3,0,3,2,0,2,219,39,258,367929997.213348,132824.242952116
260,E08000021,Newcastle upon Tyne,North East,Light goods vehicles,110,6,116,0,0,1,0,1,1,0,1,112,6,118,113451801.243317,65213.8280471217
261,E08000022,North Tyneside,North East,Light goods vehicles,110,10,120,0,0,0,0,0,19,2,21,129,12,141,82300621.1451874,65595.8023921869
262,E08000023,South Tyneside,North East,Light goods vehicles,49,6,55,0,0,0,0,0,0,0,0,49,6,55,64420334.6034393,51335.0171606378
263,E08000024,Sunderland,North East,Light goods vehicles,58,6,64,0,0,1,0,1,1,1,2,60,7,67,137436290.144424,99821.9690448938
264,E08000025,Birmingham,West Midlands,Light goods vehicles,112,27,139,0,0,3,4,7,15,0,15,130,31,161,267791151.73967,106250.794014248
265,E08000026,Coventry,West Midlands,Light goods vehicles,142,11,153,0,0,1,0,1,3,0,3,146,11,157,98639088.6562881,54052.4494128151
266,E08000027,Dudley,West Midlands,Light goods vehicles,45,6,51,0,0,1,1,2,1,0,1,47,7,54,97958229.5149384,75372.2907122196
267,E08000028,Sandwell,West Midlands,Light goods vehicles,2818,7,2825,0,0,1,0,1,2,0,2,2821,7,2828,85558906.1847763,59201.6852450065
268,E08000029,Solihull,West Midlands,Light goods vehicles,5329,10,5339,0,0,4,0,4,34,0,34,5367,10,5377,178282023.161247,101023.266819082
269,E08000030,Walsall,West Midlands,Light goods vehicles,43,5,48,0,0,0,0,0,1,0,1,44,5,49,103973530.000946,59399.7390444176
270,E08000031,Wolverhampton,West Midlands,Light goods vehicles,40,8,48,0,0,0,0,0,0,0,0,40,8,48,69436685.1266327,56050.1278266087
271,E08000032,Bradford,Yorkshire and The Humber,Light goods vehicles,425,37,462,0,0,1,0,1,4,1,5,430,38,468,366419689.51532,135914.965732405
272,E08000033,Calderdale,Yorkshire and The Humber,Light goods vehicles,51,6,57,0,0,0,0,0,1,0,1,52,6,58,363960946.597305,107684.893783348
273,E08000034,Kirklees,Yorkshire and The Humber,Light goods vehicles,86,14,100,0,0,0,0,0,3,0,3,89,14,103,408551667.407288,125665.908370181
274,E08000035,Leeds,Yorkshire and The Humber,Light goods vehicles,1434,27,1461,0,0,18,0,18,34,2,36,1486,29,1515,551706498.093048,161516.600530211
275,E08000036,Wakefield,Yorkshire and The Humber,Light goods vehicles,121,11,132,0,0,3,0,3,2,0,2,126,11,137,338619719.483505,109444.438663069
276,E08000037,Gateshead,North East,Light goods vehicles,82,4,86,0,0,0,0,0,0,1,1,82,5,87,142339149.241318,90175.8152669966
277,E09000001,City of London,London,Light goods vehicles,26,0,26,0,0,3,0,3,2,0,2,31,0,31,2890318.44403076,9377.81467502522
278,E09000002,Barking and Dagenham,London,Light goods vehicles,32,7,39,0,0,1,0,1,1,0,1,34,7,41,36101455.4189529,40898.4282753648
279,E09000003,Barnet,London,Light goods vehicles,96,59,155,0,0,2,2,4,7,2,9,105,63,168,86748227.8831329,50815.5975177389
280,E09000004,Bexley,London,Light goods vehicles,65,30,95,0,0,2,1,3,5,0,5,72,31,103,60578408.1245193,47931.4230818983
281,E09000005,Brent,London,Light goods vehicles,105,32,137,0,0,2,1,3,6,0,6,113,33,146,43232684.1274872,38331.001751277
282,E09000006,Bromley,London,Light goods vehicles,91,34,125,0,0,1,1,2,4,2,6,96,37,133,150130427.159538,76141.6277070387
283,E09000007,Camden,London,Light goods vehicles,89,16,105,0,0,1,0,1,2,0,2,92,16,108,21789308.595253,26149.495598481
284,E09000008,Croydon,London,Light goods vehicles,79,55,134,0,0,1,1,2,2,0,2,82,56,138,86496808.3293228,58688.2842361555
285,E09000009,Ealing,London,Light goods vehicles,342,37,379,0,0,4,2,6,5,1,6,351,40,391,55544376.032196,47432.5829098616
286,E09000010,Enfield,London,Light goods vehicles,158,39,197,0,0,5,0,5,15,1,16,178,40,218,82200174.297287,41061.1111768429
287,E09000011,Greenwich,London,Light goods vehicles,76,17,93,0,0,1,0,1,4,0,4,81,17,98,47307031.4329834,47566.9752848355
288,E09000012,Hackney,London,Light goods vehicles,84,18,102,0,0,1,0,1,5,0,5,90,18,108,19046912.9773788,25374.028868182
289,E09000013,Hammersmith and Fulham,London,Light goods vehicles,101,18,119,0,0,1,1,2,4,1,5,106,20,126,16403545.8968506,23966.1399241039
290,E09000014,Haringey,London,Light goods vehicles,69,23,92,0,0,2,0,2,1,2,3,72,25,97,29598417.6468964,29011.100205627
291,E09000015,Harrow,London,Light goods vehicles,74,16,90,0,0,0,1,1,2,1,3,76,18,94,50463307.3829956,33734.608106147
292,E09000016,Havering,London,Light goods vehicles,57,33,90,0,0,5,0,5,2,1,3,64,34,98,112341328.142738,63706.9860246864
293,E09000017,Hillingdon,London,Light goods vehicles,163,20,183,0,0,1,1,2,0,3,3,164,24,188,115700600.050133,63883.1561402854
294,E09000018,Hounslow,London,Light goods vehicles,249,31,280,0,0,4,2,6,7,2,9,260,35,295,55970470.8641586,64471.2436618718
295,E09000019,Islington,London,Light goods vehicles,265,25,290,0,0,2,0,2,8,0,8,275,25,300,14856680.6578674,20720.1949694478
296,E09000020,Kensington and Chelsea,London,Light goods vehicles,68,30,98,0,0,0,1,1,1,2,3,69,33,102,12125528.5328598,20963.4584035467
297,E09000021,Kingston upon Thames,London,Light goods vehicles,46,22,68,0,0,1,1,2,3,0,3,50,23,73,37265392.9152222,37527.9493942753
298,E09000022,Lambeth,London,Light goods vehicles,128,32,160,0,0,4,1,5,4,1,5,136,34,170,26807914.5192261,33999.8604751881
299,E09000023,Lewisham,London,Light goods vehicles,39,30,69,0,0,1,0,1,5,2,7,45,32,77,35148365.9241028,41158.0294216116
300,E09000024,Merton,London,Light goods vehicles,92,39,131,0,0,1,1,2,6,0,6,99,40,139,37624746.5277786,32340.3771201137
301,E09000025,Newham,London,Light goods vehicles,90,21,111,0,0,2,0,2,0,0,0,92,21,113,36198118.0374069,35772.3133095239
302,E09000026,Redbridge,London,Light goods vehicles,54,19,73,0,0,0,2,2,4,1,5,58,22,80,56403472.4249954,50426.1191048432
303,E09000027,Richmond upon Thames,London,Light goods vehicles,99,16,115,0,0,1,0,1,6,1,7,106,17,123,57393447.9808273,68787.7012682714
304,E09000028,Southwark,London,Light goods vehicles,153,23,176,0,0,3,1,4,5,1,6,161,25,186,28876525.9301224,34570.9765509178
305,E09000029,Sutton,London,Light goods vehicles,91,35,126,0,0,2,1,3,0,2,2,93,38,131,43842789.962265,39804.2153145852
306,E09000030,Tower Hamlets,London,Light goods vehicles,96,20,116,0,0,0,0,0,21,0,21,117,20,137,19770856.8000107,28746.8910481568
307,E09000031,Waltham Forest,London,Light goods vehicles,60,13,73,0,0,1,0,1,1,1,2,62,14,76,38807995.9513626,33326.6907765963
308,E09000032,Wandsworth,London,Light goods vehicles,116,30,146,0,0,4,1,5,8,0,8,128,31,159,34257039.1979294,38789.7703657056
309,E09000033,Westminster,London,Light goods vehicles,429,25,454,0,0,0,0,0,8,1,9,437,26,463,21477144.2528915,27425.6050038667
310,N09000001,Antrim and Newtownabbey,Northern Ireland,Light goods vehicles,83,6,89,0,0,0,0,0,0,0,0,83,6,89,728186534.01133,165066.961090158
311,N09000002,"Armagh City, Banbridge and Craigavon",Northern Ireland,Light goods vehicles,20,6,26,0,0,1,0,1,0,1,1,21,7,28,1437068573.07787,242954.335395177
312,N09000003,Belfast,Northern Ireland,Light goods vehicles,328,7,335,0,0,0,0,0,0,0,0,328,7,335,137716652.025108,65866.7852260913
313,N09000004,Causeway Coast and Glens,Northern Ireland,Light goods vehicles,13,7,20,0,0,1,0,1,0,0,0,14,7,21,1985534670.71793,381026.18387915
314,N09000005,Derry City and Strabane,Northern Ireland,Light goods vehicles,36,4,40,0,0,0,0,0,12,0,12,48,4,52,1251241580.2269,271397.40327128
315,N09000006,Fermanagh and Omagh,Northern Ireland,Light goods vehicles,24,4,28,0,0,0,0,0,0,0,0,24,4,28,3012114892.36445,426437.771573504
316,N09000007,Lisburn and Castlereagh,Northern Ireland,Light goods vehicles,32,5,37,0,0,0,0,0,0,0,0,32,5,37,510438048.321739,167278.148593367
317,N09000008,Mid and East Antrim,Northern Ireland,Light goods vehicles,26,2,28,0,0,0,0,0,0,0,0,26,2,28,1061355460.9354,234604.730290033
318,N09000009,Mid Ulster,Northern Ireland,Light goods vehicles,17,9,26,0,0,1,0,1,0,0,0,18,9,27,1957293776.36245,318306.174447411
319,N09000010,"Newry, Mourne and Down",Northern Ireland,Light goods vehicles,9,5,14,0,0,0,0,0,0,0,0,9,5,14,1682340596.67157,379481.25491599
320,N09000011,Ards and North Down,Northern Ireland,Light goods vehicles,13,6,19,0,0,0,0,0,0,0,0,13,6,19,566472991.274521,203349.301102071
321,S12000005,Clackmannanshire,Scotland,Light goods vehicles,9,1,10,0,0,0,0,0,0,0,0,9,1,10,159184968.76619,96933.0750418422
322,S12000006,Dumfries and Galloway,Scotland,Light goods vehicles,40,15,55,0,0,0,0,0,0,0,0,40,15,55,6436567194.68687,1207331.30286274
323,S12000008,East Ayrshire,Scotland,Light goods vehicles,59,4,63,0,0,0,1,1,0,0,0,59,5,64,1270345623.57393,341126.501410668
324,S12000010,East Lothian,Scotland,Light goods vehicles,41,11,52,0,0,2,0,2,0,1,1,43,12,55,679240459.691589,202120.828124236
325,S12000011,East Renfrewshire,Scotland,Light goods vehicles,4,7,11,0,0,0,0,0,0,0,0,4,7,11,174247286.301239,93982.4588278508
326,S12000013,Na h-Eileanan Siar,Scotland,Light goods vehicles,14,4,18,0,0,0,0,0,0,0,0,14,4,18,3096614423.02372,3871025.95969535
327,S12000014,Falkirk,Scotland,Light goods vehicles,109,9,118,0,0,1,0,1,0,0,0,110,9,119,297137422.788071,169016.307883955
328,S12000017,Highland,Scotland,Light goods vehicles,131,12,143,0,0,1,2,3,0,0,0,132,14,146,26158740580.2084,5228318.65637805
329,S12000018,Inverclyde,Scotland,Light goods vehicles,42,2,44,0,0,0,0,0,0,0,0,42,2,44,161948610.940994,79316.9463659007
330,S12000019,Midlothian,Scotland,Light goods vehicles,40,12,52,0,0,0,0,0,4,0,4,44,12,56,355272051.807449,126464.604454531
331,S12000020,Moray,Scotland,Light goods vehicles,30,9,39,0,0,0,1,1,0,0,0,30,10,40,2237555713.50238,463319.000621918
332,S12000021,North Ayrshire,Scotland,Light goods vehicles,55,3,58,0,0,3,0,3,1,1,2,59,4,63,885284482.723328,350191.827776382
333,S12000023,Orkney Islands,Scotland,Light goods vehicles,60,23,83,0,0,3,1,4,1,0,1,64,24,88,1015036066.02127,1203102.77977173
334,S12000026,Scottish Borders,Scotland,Light goods vehicles,28,6,34,0,0,1,1,2,0,0,0,29,7,36,4739166535.68079,514368.510110611
335,S12000027,Shetland Islands,Scotland,Light goods vehicles,14,4,18,0,0,1,0,1,0,0,0,15,4,19,1468514139.09113,2321846.76573869
336,S12000028,South Ayrshire,Scotland,Light goods vehicles,15,4,19,0,0,0,0,0,2,0,2,17,4,21,1224367576.00628,334928.359876579
337,S12000029,South Lanarkshire,Scotland,Light goods vehicles,50,14,64,0,0,2,0,2,0,0,0,52,14,66,1773890203.27654,284613.8566307
338,S12000030,Stirling,Scotland,Light goods vehicles,178,7,185,0,0,1,0,1,3,0,3,182,7,189,2252534182.27551,374959.25805914
339,S12000033,Aberdeen City,Scotland,Light goods vehicles,75,9,84,0,0,2,2,4,2,1,3,79,12,91,185571286.389832,123488.10079458
340,S12000034,Aberdeenshire,Scotland,Light goods vehicles,60,19,79,0,0,4,0,4,3,0,3,67,19,86,6318005998.97935,795098.949301964
341,S12000035,Argyll and Bute,Scotland,Light goods vehicles,27,11,38,0,0,1,0,1,2,0,2,30,11,41,7005856181.79671,3795934.4124369
342,S12000036,City of Edinburgh,Scotland,Light goods vehicles,175,28,203,0,0,9,1,10,8,2,10,192,31,223,263395003.679382,110355.561123041
343,S12000038,Renfrewshire,Scotland,Light goods vehicles,464,7,471,0,0,3,0,3,5,0,5,472,7,479,261490836.761856,131745.446686221
344,S12000039,West Dunbartonshire,Scotland,Light goods vehicles,67,3,70,0,0,2,0,2,0,0,0,69,3,72,177319583.18425,103710.998122334
345,S12000040,West Lothian,Scotland,Light goods vehicles,32,10,42,0,0,1,1,2,1,0,1,34,11,45,428769481.686554,134930.310291464
346,S12000041,Angus,Scotland,Light goods vehicles,27,5,32,0,0,2,0,2,2,0,2,31,5,36,2184982978.68718,328940.561902964
347,S12000042,Dundee City,Scotland,Light goods vehicles,119,8,127,0,0,1,0,1,0,0,0,120,8,128,59800679.97612,47831.2069158876
348,S12000045,East Dunbartonshire,Scotland,Light goods vehicles,17,5,22,0,0,0,1,1,0,0,0,17,6,23,174489033.610092,99592.6325879833
349,S12000047,Fife,Scotland,Light goods vehicles,91,25,116,0,0,14,0,14,3,0,3,108,25,133,1325190262.60379,358324.912814313
350,S12000048,Perth and Kinross,Scotland,Light goods vehicles,36,9,45,0,0,1,1,2,0,1,1,37,11,48,5383770929.93335,633248.172986055
351,S12000049,Glasgow City,Scotland,Light goods vehicles,281,16,297,0,0,1,2,3,2,0,2,284,18,302,174622045.629852,135573.393985495
352,S12000050,North Lanarkshire,Scotland,Light goods vehicles,128,14,142,0,0,1,0,1,6,1,7,135,15,150,472298223.955948,163983.319889321
353,W06000001,Isle of Anglesey,Wales,Light goods vehicles,15,5,20,0,0,0,0,0,0,0,0,15,5,20,715212551.920387,378960.671414204
354,W06000002,Gwynedd,Wales,Light goods vehicles,46,19,65,0,0,3,0,3,0,1,1,49,20,69,2548292895.11299,643030.305858802
355,W06000003,Conwy,Wales,Light goods vehicles,37,9,46,0,0,0,2,2,0,0,0,37,11,48,1130179030.87906,283263.119395945
356,W06000004,Denbighshire,Wales,Light goods vehicles,73,4,77,0,0,0,0,0,0,0,0,73,4,77,838716213.358932,228749.239059247
357,W06000005,Flintshire,Wales,Light goods vehicles,18,8,26,0,0,1,0,1,4,0,4,23,8,31,439830286.385391,239003.212626092
358,W06000006,Wrexham,Wales,Light goods vehicles,30,14,44,0,0,0,0,0,0,0,0,30,14,44,503773535.230103,190023.448114477
359,W06000008,Ceredigion,Wales,Light goods vehicles,6,16,22,0,0,0,0,0,0,0,0,6,16,22,1788379261.89556,382131.522913247
360,W06000009,Pembrokeshire,Wales,Light goods vehicles,77,12,89,0,0,0,3,3,0,0,0,77,15,92,1618344480.35981,743250.249529533
361,W06000010,Carmarthenshire,Wales,Light goods vehicles,23,13,36,0,0,0,0,0,1,0,1,24,13,37,2371104028.24967,591756.508359416
362,W06000011,Swansea,Wales,Light goods vehicles,532,10,542,0,0,22,0,22,32,1,33,586,11,597,377614544.98658,270825.582117602
363,W06000012,Neath Port Talbot,Wales,Light goods vehicles,31,3,34,0,0,2,0,2,0,0,0,33,3,36,442272629.118,182182.731934738
364,W06000013,Bridgend,Wales,Light goods vehicles,69,4,73,0,0,2,0,2,4,0,4,75,4,79,250785314.083366,93180.2520200993
365,W06000014,Vale of Glamorgan,Wales,Light goods vehicles,20,8,28,0,0,1,0,1,1,0,1,22,8,30,331261382.621326,108400.387481918
366,W06000015,Cardiff,Wales,Light goods vehicles,150,7,157,0,0,0,0,0,0,1,1,150,8,158,142303613.187145,79616.4688690008
367,W06000016,Rhondda Cynon Taf,Wales,Light goods vehicles,77,3,80,0,0,1,0,1,1,0,1,79,3,82,424150476.006226,130225.273793906
368,W06000018,Caerphilly,Wales,Light goods vehicles,42,4,46,0,0,0,0,0,0,0,0,42,4,46,277387807.112293,116195.727849562
369,W06000019,Blaenau Gwent,Wales,Light goods vehicles,10,1,11,0,0,0,0,0,0,0,0,10,1,11,108728046.067421,65601.5677696128
370,W06000020,Torfaen,Wales,Light goods vehicles,19,6,25,0,0,2,0,2,2,0,2,23,6,29,126239929.82222,82540.0392973317
371,W06000021,Monmouthshire,Wales,Light goods vehicles,24,5,29,0,0,1,0,1,1,0,1,26,5,31,850327720.788227,224909.141029611
372,W06000022,Newport,Wales,Light goods vehicles,35,5,40,0,0,1,0,1,1,0,1,37,5,42,190431147.336025,153213.179655943
373,W06000023,Powys,Wales,Light goods vehicles,15,14,29,0,0,2,2,4,1,0,1,18,16,34,5195311063.63076,610076.853820174
374,W06000024,Merthyr Tydfil,Wales,Light goods vehicles,20,0,20,0,0,0,0,0,0,0,0,20,0,20,111956970.938263,66689.0810594782
