FID,ONScode,ONSname,Region,BodyType,Battery electric (Company),Battery electric (Private),Battery electric (Total),Plug-in hybrid electric (diesel) (Company),Plug-in hybrid electric (diesel) (Private),Plug-in hybrid electric (diesel) (Total),Plug-in hybrid electric (petrol) (Company),Plug-in hybrid electric (petrol) (Private),Plug-in hybrid electric (petrol) (Total),Range extended electric (Company),Range extended electric (Private),Range extended electric (Total),Total (Company),Total (Private),Total (Total),Shape__Area,Shape__Length
1,E06000001,Hartlepool,North East,Cars,139,280,419,1,1,2,36,181,217,0,4,4,176,466,642,93717028.4689178,70995.1737762769
2,E06000002,Middlesbrough,North East,Cars,186,301,487,1,4,5,63,194,257,2,3,5,252,502,754,53881558.2759247,44479.6463704945
3,E06000003,Redcar and Cleveland,North East,Cars,178,410,588,2,4,6,34,228,262,0,9,9,214,651,865,245069510.006897,96703.5106544218
4,E06000004,Stockton-on-Tees,North East,Cars,409,893,1302,6,13,19,180,478,658,1,9,10,596,1393,1989,204932934.937302,123404.959102325
5,E06000005,Darlington,North East,Cars,311,480,791,0,4,4,147,281,428,0,8,8,458,773,1231,197477753.555023,107202.299425244
6,E06000006,Halton,North West,Cars,1193,532,1725,1,5,6,95,326,421,0,6,6,1289,869,2158,79084021.970459,77769.8366156168
7,E06000007,Warrington,North West,Cars,569,1424,1993,7,14,21,256,843,1099,2,20,22,834,2301,3135,180627983.012016,114688.093563908
8,E06000008,Blackburn with Darwen,North West,Cars,311,498,809,18,4,22,161,363,524,0,3,3,490,868,1358,137022093.525848,65284.3735150369
9,E06000009,Blackpool,North West,Cars,301,307,608,2,6,8,61,197,258,0,6,6,364,516,880,34870852.2283325,34480.7839275111
10,E06000010,"Kingston upon Hull, City of",Yorkshire and The Humber,Cars,416,414,830,19,7,26,190,318,508,0,5,5,625,744,1369,71583595.6552734,64680.530906749
11,E06000011,East Riding of Yorkshire,Yorkshire and The Humber,Cars,691,1888,2579,8,32,40,316,1441,1757,1,39,40,1016,3400,4416,2404768954.86182,504120.094305933
12,E06000012,North East Lincolnshire,Yorkshire and The Humber,Cars,343,446,789,2,10,12,158,320,478,0,8,8,503,784,1287,192622985.584915,93246.2876540841
13,E06000013,North Lincolnshire,Yorkshire and The Humber,Cars,400,651,1051,8,13,21,233,496,729,1,14,15,642,1174,1816,846540125.376923,244546.761114545
14,E06000014,York,Yorkshire and The Humber,Cars,434,1050,1484,1,8,9,199,672,871,1,19,20,635,1749,2384,271931454.715424,102020.797435209
15,E06000015,Derby,East Midlands,Cars,1525,943,2468,26,10,36,1508,666,2174,1,23,24,3060,1642,4702,78031107.3557892,50036.3185804889
16,E06000016,Leicester,East Midlands,Cars,2187,705,2892,34,10,44,3228,684,3912,2,29,31,5451,1428,6879,73342034.1657257,51929.4942082033
17,E06000017,Rutland,East Midlands,Cars,85,360,445,1,2,3,32,309,341,1,5,6,119,676,795,393748938.333481,125879.320087916
18,E06000018,Nottingham,East Midlands,Cars,661,789,1450,5,7,12,264,582,846,1,19,20,931,1397,2328,74613549.3099365,58723.7427401093
19,E06000019,"Herefordshire, County of",West Midlands,Cars,385,1307,1692,1,11,12,179,825,1004,0,44,44,565,2187,2752,2179708317.85796,349869.988254535
20,E06000020,Telford and Wrekin,West Midlands,Cars,430,917,1347,2,3,5,137,538,675,0,14,14,569,1472,2041,290313536.554543,118775.749483715
21,E06000021,Stoke-on-Trent,West Midlands,Cars,576,668,1244,9,4,13,212,464,676,5,11,16,802,1147,1949,93448551.6496658,63971.3417170554
22,E06000022,Bath and North East Somerset,South West,Cars,376,1633,2009,4,25,29,115,1051,1166,4,57,61,499,2766,3265,351123167.510914,141674.070852301
23,E06000023,"Bristol, City of",South West,Cars,808,1830,2638,8,19,27,331,1318,1649,3,70,73,1150,3237,4387,109666892.551918,109531.617064517
24,E06000024,North Somerset,South West,Cars,602,1877,2479,12,17,29,232,1161,1393,7,61,68,853,3116,3969,374637219.77409,154748.225043695
25,E06000025,South Gloucestershire,South West,Cars,31337,2152,33489,220,24,244,8538,1392,9930,3,56,59,40098,3624,43722,497050998.431568,143098.847233425
26,E06000026,Plymouth,South West,Cars,395,704,1099,4,7,11,102,412,514,0,26,26,501,1149,1650,79849695.3191061,92644.2442555715
27,E06000027,Torbay,South West,Cars,237,499,736,3,9,12,121,331,452,0,15,15,361,854,1215,62886738.7989531,77909.5315513595
28,E06000030,Swindon,South West,Cars,39277,1251,40528,265,13,278,16784,769,17553,1,27,28,56327,2060,58387,230093343.90052,103011.758683882
29,E06000031,Peterborough,East of England,Cars,20814,831,21645,184,12,196,19957,596,20553,45,28,73,41000,1467,42467,343378153.586609,112674.360200151
30,E06000032,Luton,East of England,Cars,258,652,910,3,25,28,112,764,876,0,20,20,373,1461,1834,43352485.6740799,34569.1847138739
31,E06000033,Southend-on-Sea,East of England,Cars,275,725,1000,0,11,11,60,530,590,2,27,29,337,1293,1630,41673985.9965286,57782.8327652349
32,E06000034,Thurrock,East of England,Cars,311,789,1100,5,26,31,126,882,1008,2,20,22,444,1717,2161,163837060.033562,115990.648083053
33,E06000035,Medway,South East,Cars,827,1155,1982,2,14,16,187,990,1177,1,34,35,1017,2193,3210,193714210.347961,249512.121639654
34,E06000036,Bracknell Forest,South East,Cars,318,1095,1413,1,18,19,251,718,969,0,27,27,570,1858,2428,109384217.921951,62507.6688894678
35,E06000037,West Berkshire,South East,Cars,495,1592,2087,15,14,29,414,950,1364,1,47,48,925,2603,3528,704182731.436508,166818.256909513
36,E06000038,Reading,South East,Cars,329,782,1111,2,14,16,120,499,619,1,22,23,452,1317,1769,40397937.1150055,39327.6361285706
37,E06000039,Slough,South East,Cars,29730,677,30407,614,28,642,14783,745,15528,2,13,15,45129,1463,46592,32542015.6781998,44179.9803340002
38,E06000040,Windsor and Maidenhead,South East,Cars,41350,1733,43083,32,20,52,8215,1285,9500,0,60,60,49597,3098,52695,198427158.641678,114827.85425453
39,E06000041,Wokingham,South East,Cars,434,2276,2710,3,16,19,113,1382,1495,1,46,47,551,3720,4271,178969062.886101,86869.6892364658
40,E06000042,Milton Keynes,South East,Cars,35266,2612,37878,791,26,817,14193,1311,15504,17,68,85,50267,4017,54284,308626721.690674,102957.957280917
41,E06000043,Brighton and Hove,South East,Cars,516,1303,1819,0,9,9,129,819,948,1,40,41,646,2171,2817,82832986.3240891,59517.9984461413
42,E06000044,Portsmouth,South East,Cars,8345,531,8876,127,12,139,5990,356,6346,5,8,13,14467,907,15374,40381702.3692169,62708.2022736547
43,E06000045,Southampton,South East,Cars,413,745,1158,2,4,6,109,456,565,3,18,21,527,1223,1750,49880631.5834122,61542.7955829543
44,E06000046,Isle of Wight,South East,Cars,242,770,1012,2,1,3,65,421,486,0,16,16,309,1208,1517,379620110.286783,210137.73230538
45,E06000047,County Durham,North East,Cars,903,2402,3305,6,20,26,229,1273,1502,2,32,34,1140,3727,4867,2231432414.12584,315226.483631744
46,E06000049,Cheshire East,North West,Cars,1323,3581,4904,54,53,107,1230,2361,3591,3,67,70,2610,6062,8672,1166357340.22478,301202.123887001
47,E06000050,Cheshire West and Chester,North West,Cars,903,2538,3441,13,20,33,409,1545,1954,5,37,42,1330,4140,5470,920018024.621178,335602.059504914
48,E06000051,Shropshire,West Midlands,Cars,712,1887,2599,3,19,22,326,1272,1598,2,52,54,1043,3230,4273,3197275322.15964,580599.506306279
49,E06000052,Cornwall,South West,Cars,1000,3159,4159,4,22,26,316,1503,1819,5,85,90,1325,4769,6094,3548939126.92263,1241696.51353641
50,E06000053,Isles of Scilly,South West,Cars,12,3,15,0,0,0,0,0,0,0,0,0,12,3,15,16317752.1032921,117979.163844593
51,E06000054,Wiltshire,South West,Cars,16234,3950,20184,412,56,468,7549,2394,9943,8,122,130,24203,6522,30725,3255338105.52649,401997.073738198
52,E06000055,Bedford,East of England,Cars,551,1277,1828,6,20,26,274,767,1041,3,36,39,834,2100,2934,476408313.581512,131719.277394327
53,E06000056,Central Bedfordshire,East of England,Cars,969,2672,3641,15,25,40,787,1549,2336,1,64,65,1772,4310,6082,715665436.200249,232685.180099795
54,E06000057,Northumberland,North East,Cars,582,2133,2715,3,23,26,151,1255,1406,1,29,30,737,3440,4177,5032312670.59779,606236.97163611
55,E06000058,"Bournemouth, Christchurch and Poole",South West,Cars,932,2155,3087,9,22,31,241,1420,1661,10,73,83,1192,3670,4862,162070069.443581,169170.190930922
56,E06000059,Dorset,South West,Cars,800,2685,3485,4,26,30,232,1623,1855,6,87,93,1042,4421,5463,2490956549.68954,594350.704732187
57,E06000060,Buckinghamshire,South East,Cars,1799,6264,8063,34,80,114,598,4332,4930,9,190,199,2440,10866,13306,1564937984.73737,361907.474854908
58,E06000061,North Northamptonshire,East Midlands,Cars,2039,2040,4079,24,26,50,1861,1376,3237,3,44,47,3927,3486,7413,986594539.219704,210624.116197611
59,E06000062,West Northamptonshire,East Midlands,Cars,1209,2713,3922,20,39,59,536,1840,2376,7,79,86,1772,4671,6443,1380395590.74594,263780.515769498
60,E07000008,Cambridge,East of England,Cars,192,904,1096,1,7,8,79,480,559,0,20,20,272,1411,1683,40698821.5531006,37169.1755199722
61,E07000009,East Cambridgeshire,East of England,Cars,168,831,999,9,4,13,124,425,549,1,19,20,302,1279,1581,651285998.080215,234186.37804255
62,E07000010,Fenland,East of England,Cars,160,423,583,2,6,8,97,292,389,0,3,3,259,724,983,546450116.18045,187880.713056672
63,E07000011,Huntingdonshire,East of England,Cars,895,1421,2316,11,13,24,1091,913,2004,2,28,30,1999,2375,4374,912455230.935448,223334.105789929
64,E07000012,South Cambridgeshire,East of England,Cars,461,2262,2723,5,19,24,159,1217,1376,0,54,54,625,3552,4177,901624749.081009,257074.63199472
65,E07000026,Allerdale,North West,Cars,108,381,489,0,4,4,32,236,268,0,8,8,140,629,769,1258309894.67578,326487.424636605
66,E07000027,Barrow-in-Furness,North West,Cars,60,167,227,0,4,4,27,129,156,0,0,0,87,300,387,77897003.596817,146479.945788182
67,E07000028,Carlisle,North West,Cars,243,345,588,5,5,10,142,229,371,0,9,9,390,588,978,1038296843.15015,278387.275851956
68,E07000029,Copeland,North West,Cars,57,281,338,0,2,2,11,187,198,0,9,9,68,479,547,737632415.012833,252310.172150818
69,E07000030,Eden,North West,Cars,70,275,345,2,3,5,74,175,249,0,7,7,146,460,606,2156479430.46436,268766.165774266
70,E07000031,South Lakeland,North West,Cars,228,674,902,2,7,9,102,454,556,2,19,21,334,1154,1488,1554926499.52023,381791.631485935
71,E07000032,Amber Valley,East Midlands,Cars,310,771,1081,3,8,11,109,521,630,4,13,17,426,1313,1739,265437895.569733,109015.606044319
72,E07000033,Bolsover,East Midlands,Cars,197,384,581,1,4,5,140,233,373,0,6,6,338,627,965,160334643.513474,96233.3664932635
73,E07000034,Chesterfield,East Midlands,Cars,1209,442,1651,16,6,22,930,322,1252,0,10,10,2155,780,2935,66035323.1428528,52615.4706045034
74,E07000035,Derbyshire Dales,East Midlands,Cars,138,606,744,1,10,11,60,495,555,0,15,15,199,1126,1325,795318009.745445,245455.056178363
75,E07000036,Erewash,East Midlands,Cars,210,545,755,1,5,6,118,381,499,2,12,14,331,943,1274,109630039.364151,73544.8394314227
76,E07000037,High Peak,East Midlands,Cars,151,562,713,1,7,8,42,378,420,0,15,15,194,962,1156,540254001.172287,159628.494883945
77,E07000038,North East Derbyshire,East Midlands,Cars,194,614,808,0,9,9,83,443,526,0,13,13,277,1079,1356,275623494.267426,161225.071207051
78,E07000039,South Derbyshire,East Midlands,Cars,196,772,968,3,12,15,96,581,677,2,32,34,297,1397,1694,338126978.455208,166687.786160215
79,E07000040,East Devon,South West,Cars,276,1068,1344,0,14,14,67,676,743,2,42,44,345,1800,2145,814238085.476988,219898.795348358
80,E07000041,Exeter,South West,Cars,1621,550,2171,4,4,8,1724,312,2036,0,7,7,3349,873,4222,47033060.6327896,50236.9824915719
81,E07000042,Mid Devon,South West,Cars,116,518,634,1,5,6,57,328,385,1,12,13,175,863,1038,912900687.437094,246619.14811547
82,E07000043,North Devon,South West,Cars,185,496,681,0,6,6,68,391,459,1,14,15,254,907,1161,1085892202.46388,321506.402041659
83,E07000044,South Hams,South West,Cars,201,798,999,0,7,7,42,403,445,0,33,33,243,1241,1484,886546852.068371,478785.950013974
84,E07000045,Teignbridge,South West,Cars,300,930,1230,1,7,8,83,485,568,2,32,34,386,1454,1840,673759624.001635,191462.662144763
85,E07000046,Torridge,South West,Cars,102,346,448,2,6,8,31,244,275,0,10,10,135,606,741,985260246.945179,316896.681147026
86,E07000047,West Devon,South West,Cars,77,377,454,0,4,4,21,201,222,1,9,10,99,591,690,1161110790.80115,254084.548041845
87,E07000061,Eastbourne,South East,Cars,212,357,569,1,4,5,45,258,303,1,12,13,259,631,890,44161445.7946434,38031.9095181751
88,E07000062,Hastings,South East,Cars,131,289,420,0,3,3,24,170,194,2,9,11,157,471,628,29796100.2023735,34101.6320304622
89,E07000063,Lewes,South East,Cars,184,753,937,1,5,6,38,464,502,1,43,44,224,1265,1489,292106824.947899,168355.61556881
90,E07000064,Rother,South East,Cars,152,657,809,1,7,8,33,456,489,1,20,21,187,1140,1327,511753821.206711,180525.083767321
91,E07000065,Wealden,South East,Cars,363,1508,1871,0,20,20,106,940,1046,5,49,54,474,2517,2991,834948480.554298,225861.743423267
92,E07000066,Basildon,East of England,Cars,980,796,1776,3,15,18,1685,853,2538,4,22,26,2672,1686,4358,110001020.082626,85629.1291694682
93,E07000067,Braintree,East of England,Cars,328,898,1226,3,12,15,117,653,770,6,15,21,454,1578,2032,611708022.086105,168682.860674143
94,E07000068,Brentwood,East of England,Cars,244,606,850,3,16,19,71,553,624,2,14,16,320,1189,1509,153124041.91967,72338.721114412
95,E07000069,Castle Point,East of England,Cars,122,385,507,5,3,8,37,351,388,0,9,9,164,748,912,44673534.0900345,163436.439279142
96,E07000070,Chelmsford,East of England,Cars,419,1426,1845,4,14,18,129,985,1114,1,18,19,553,2443,2996,342227524.020721,126392.216101991
97,E07000071,Colchester,East of England,Cars,423,1104,1527,4,11,15,264,674,938,2,17,19,693,1806,2499,332325207.81015,318166.219922529
98,E07000072,Epping Forest,East of England,Cars,423,1259,1682,7,17,24,175,945,1120,7,40,47,612,2261,2873,338984118.261093,123269.197706998
99,E07000073,Harlow,East of England,Cars,178,378,556,2,5,7,60,298,358,0,7,7,240,688,928,30537927.558403,28513.3707443894
100,E07000074,Maldon,East of England,Cars,155,468,623,1,4,5,61,384,445,1,4,5,218,860,1078,357815646.392914,469755.638206894
101,E07000075,Rochford,East of England,Cars,176,549,725,0,8,8,58,433,491,0,11,11,234,1001,1235,167092773.086838,234542.198085804
102,E07000076,Tendring,East of England,Cars,270,673,943,1,7,8,72,441,513,0,7,7,343,1128,1471,336324365.655441,442534.709440991
103,E07000077,Uttlesford,East of England,Cars,452,1088,1540,5,11,16,95,665,760,0,24,24,552,1788,2340,641182884.0028,166503.257259225
104,E07000078,Cheltenham,South West,Cars,273,767,1040,2,10,12,167,488,655,1,29,30,443,1294,1737,46596063.962883,38220.6903355067
105,E07000079,Cotswold,South West,Cars,244,967,1211,1,8,9,110,700,810,0,30,30,355,1705,2060,1164524434.81,332430.632142207
106,E07000080,Forest of Dean,South West,Cars,168,656,824,0,4,4,52,337,389,1,12,13,221,1009,1230,525902205.293377,190123.946392423
107,E07000081,Gloucester,South West,Cars,342,602,944,1,6,7,103,346,449,2,7,9,448,961,1409,40553067.1238632,33535.1384359469
108,E07000082,Stroud,South West,Cars,281,1280,1561,4,7,11,135,649,784,2,49,51,422,1985,2407,460541932.840958,172776.05769481
109,E07000083,Tewkesbury,South West,Cars,281,830,1111,2,9,11,115,535,650,0,28,28,398,1402,1800,414414331.620384,204816.828317149
110,E07000084,Basingstoke and Deane,South East,Cars,394,1631,2025,3,20,23,121,957,1078,1,45,46,519,2653,3172,633808768.307358,143445.561610085
111,E07000085,East Hampshire,South East,Cars,305,1454,1759,1,12,13,100,857,957,1,46,47,407,2369,2776,514427244.742657,144529.50155922
112,E07000086,Eastleigh,South East,Cars,497,1033,1530,5,10,15,192,619,811,2,19,21,696,1681,2377,79691534.0207672,75969.3701259384
113,E07000087,Fareham,South East,Cars,276,901,1177,4,15,19,126,554,680,0,25,25,406,1495,1901,74252568.8639069,66391.3182765974
114,E07000088,Gosport,South East,Cars,107,296,403,0,4,4,24,190,214,0,6,6,131,496,627,25373863.5987015,40198.9526446878
115,E07000089,Hart,South East,Cars,490,1113,1603,2,8,10,261,730,991,5,22,27,758,1873,2631,215265062.888855,77846.4171414185
116,E07000090,Havant,South East,Cars,347,710,1057,2,5,7,199,423,622,0,15,15,548,1153,1701,55740863.552475,115656.001782131
117,E07000091,New Forest,South East,Cars,356,1467,1823,2,21,23,90,990,1080,4,50,54,452,2528,2980,752175282.793148,332040.78546347
118,E07000092,Rushmoor,South East,Cars,2897,433,3330,30,4,34,4109,357,4466,3,10,13,7039,804,7843,39045031.351738,31890.6799933273
119,E07000093,Test Valley,South East,Cars,378,1272,1650,6,13,19,141,738,879,2,23,25,527,2046,2573,627605428.903973,190861.039845632
120,E07000094,Winchester,South East,Cars,450,1537,1987,4,26,30,87,936,1023,27,53,80,568,2552,3120,660970784.217972,172284.74960649
121,E07000095,Broxbourne,East of England,Cars,187,480,667,4,9,13,85,427,512,0,14,14,276,930,1206,51442323.4619751,39066.0781406614
122,E07000096,Dacorum,East of England,Cars,552,1318,1870,6,18,24,217,1021,1238,2,30,32,777,2387,3164,212476384.667572,110099.851922617
123,E07000098,Hertsmere,East of England,Cars,533,1198,1731,16,23,39,195,795,990,4,25,29,748,2041,2789,101128118.175667,61226.9755336206
124,E07000099,North Hertfordshire,East of England,Cars,440,1208,1648,3,16,19,160,728,888,0,34,34,603,1986,2589,375382263.828629,168304.522402386
125,E07000102,Three Rivers,East of England,Cars,336,1083,1419,1,20,21,68,774,842,1,24,25,406,1901,2307,88824130.6230011,74110.379284116
126,E07000103,Watford,East of England,Cars,408,532,940,2,14,16,211,483,694,3,14,17,624,1043,1667,21430353.2294617,26390.2208397151
127,E07000105,Ashford,South East,Cars,338,911,1249,0,13,13,135,615,750,1,16,17,474,1555,2029,580617311.897118,149444.582577307
128,E07000106,Canterbury,South East,Cars,365,911,1276,2,11,13,123,564,687,1,26,27,491,1512,2003,308752611.633759,134480.530270857
129,E07000107,Dartford,South East,Cars,315,766,1081,3,18,21,155,658,813,2,10,12,475,1452,1927,72725607.8161087,57308.8677406833
130,E07000108,Dover,South East,Cars,154,596,750,0,8,8,45,366,411,0,11,11,199,981,1180,315337913.662262,148158.331321105
131,E07000109,Gravesham,South East,Cars,308,509,817,2,10,12,170,454,624,0,15,15,480,988,1468,98991343.5061035,60514.4099095587
132,E07000110,Maidstone,South East,Cars,460,1184,1644,5,13,18,188,881,1069,0,20,20,653,2098,2751,393329500.961746,122978.78174292
133,E07000111,Sevenoaks,South East,Cars,356,1330,1686,17,17,34,224,1063,1287,1,33,34,598,2443,3041,370347002.872887,134424.857442803
134,E07000112,Folkestone and Hythe,South East,Cars,195,537,732,2,6,8,69,388,457,0,16,16,266,947,1213,356921043.861404,148967.53012936
135,E07000113,Swale,South East,Cars,240,675,915,7,7,14,88,541,629,1,17,18,336,1240,1576,373436666.723366,347822.333690706
136,E07000114,Thanet,South East,Cars,273,568,841,0,8,8,57,374,431,1,17,18,331,967,1298,103609162.256866,65351.0575122022
137,E07000115,Tonbridge and Malling,South East,Cars,520,1074,1594,7,11,18,249,834,1083,1,26,27,777,1945,2722,240114170.735138,133207.598464157
138,E07000116,Tunbridge Wells,South East,Cars,324,992,1316,1,8,9,124,840,964,0,29,29,449,1869,2318,331328785.658195,150582.555352952
139,E07000117,Burnley,North West,Cars,170,247,417,4,3,7,42,161,203,0,7,7,216,418,634,110683988.566406,57758.3849479255
140,E07000118,Chorley,North West,Cars,349,811,1160,1,6,7,63,439,502,1,9,10,414,1265,1679,202762183.401443,114512.346233295
141,E07000119,Fylde,North West,Cars,199,566,765,0,9,9,58,351,409,2,11,13,259,937,1196,165697311.171219,138362.744300761
142,E07000120,Hyndburn,North West,Cars,270,205,475,3,5,8,72,157,229,0,4,4,345,371,716,73006531.9950256,42725.5895458216
143,E07000121,Lancaster,North West,Cars,247,642,889,4,13,17,68,323,391,2,14,16,321,992,1313,566931388.429276,345316.924214594
144,E07000122,Pendle,North West,Cars,144,270,414,0,2,2,96,202,298,0,8,8,240,482,722,169380123.60495,79240.7874487146
145,E07000123,Preston,North West,Cars,436,567,1003,2,5,7,222,360,582,0,9,9,660,941,1601,142284174.215057,82800.2153872617
146,E07000124,Ribble Valley,North West,Cars,116,532,648,1,7,8,35,378,413,0,12,12,152,929,1081,584462410.81546,150567.848726777
147,E07000125,Rossendale,North West,Cars,132,356,488,0,6,6,51,261,312,0,15,15,183,638,821,138040945.395981,71146.5805886302
148,E07000126,South Ribble,North West,Cars,286,689,975,2,8,10,69,365,434,3,14,17,360,1076,1436,113141836.473007,105349.841184343
149,E07000127,West Lancashire,North West,Cars,387,688,1075,11,17,28,139,453,592,0,13,13,537,1171,1708,346632972.355667,227318.107045886
150,E07000128,Wyre,North West,Cars,221,630,851,1,6,7,56,347,403,0,15,15,278,998,1276,282164343.394623,212915.423835105
151,E07000129,Blaby,East Midlands,Cars,461,594,1055,19,5,24,291,432,723,1,14,15,772,1045,1817,130468683.748283,100814.853323911
152,E07000130,Charnwood,East Midlands,Cars,513,1104,1617,7,15,22,209,657,866,2,27,29,731,1803,2534,279042271.32692,115467.998574257
153,E07000131,Harborough,East Midlands,Cars,1181,871,2052,3,10,13,1645,640,2285,0,17,17,2829,1538,4367,592692009.022011,185943.110691819
154,E07000132,Hinckley and Bosworth,East Midlands,Cars,253,744,997,16,8,24,96,568,664,0,11,11,365,1331,1696,297351522.794861,111542.038513824
155,E07000133,Melton,East Midlands,Cars,118,375,493,1,5,6,41,276,317,0,4,4,160,660,820,481380450.704636,140624.572169108
156,E07000134,North West Leicestershire,East Midlands,Cars,308,744,1052,5,9,14,159,499,658,0,14,14,472,1266,1738,279328099.664093,116450.135016811
157,E07000135,Oadby and Wigston,East Midlands,Cars,135,288,423,0,4,4,45,241,286,0,5,5,180,538,718,23526168.5615234,31168.1447108195
158,E07000136,Boston,East Midlands,Cars,145,195,340,5,4,9,77,145,222,0,8,8,227,352,579,364008505.483185,440525.756968777
159,E07000137,East Lindsey,East Midlands,Cars,259,576,835,0,8,8,106,440,546,1,16,17,366,1040,1406,1766773262.65205,373174.569529616
160,E07000138,Lincoln,East Midlands,Cars,232,259,491,0,4,4,98,176,274,8,7,15,338,446,784,35690262.1727448,32968.7309952948
161,E07000139,North Kesteven,East Midlands,Cars,334,763,1097,2,9,11,171,526,697,5,15,20,512,1313,1825,922471413.921478,181805.062441591
162,E07000140,South Holland,East Midlands,Cars,202,483,685,2,3,5,77,334,411,0,20,20,281,840,1121,750076198.639008,438382.414635444
163,E07000141,South Kesteven,East Midlands,Cars,316,898,1214,2,16,18,133,642,775,1,21,22,452,1577,2029,942585741.048859,209809.642173754
164,E07000142,West Lindsey,East Midlands,Cars,195,624,819,3,11,14,83,411,494,0,20,20,281,1066,1347,1155731948.82578,249626.336213677
165,E07000143,Breckland,East of England,Cars,265,749,1014,1,6,7,85,453,538,0,20,20,351,1228,1579,1305116636.27957,239522.366983952
166,E07000144,Broadland,East of England,Cars,363,896,1259,1,9,10,139,554,693,2,19,21,505,1478,1983,552060685.638245,219123.105970655
167,E07000145,Great Yarmouth,East of England,Cars,145,312,457,2,5,7,31,180,211,0,5,5,178,502,680,174314084.185471,145906.026155804
168,E07000146,King's Lynn and West Norfolk,East of England,Cars,316,670,986,2,8,10,124,485,609,2,20,22,444,1183,1627,1439522769.9068,695919.962988732
169,E07000147,North Norfolk,East of England,Cars,171,647,818,3,6,9,44,355,399,1,17,18,219,1025,1244,967553234.861084,600210.929292212
170,E07000148,Norwich,East of England,Cars,389,363,752,4,2,6,106,230,336,2,13,15,501,608,1109,39021876.966095,52684.4387944125
171,E07000149,South Norfolk,East of England,Cars,300,1158,1458,1,10,11,82,616,698,2,22,24,385,1806,2191,907576576.146591,266869.497485678
172,E07000163,Craven,Yorkshire and The Humber,Cars,145,387,532,1,2,3,158,294,452,1,7,8,305,690,995,1178807535.3551,199881.375346452
173,E07000164,Hambleton,Yorkshire and The Humber,Cars,192,654,846,3,8,11,60,466,526,0,10,10,255,1138,1393,1311256293.98462,298682.454054928
174,E07000165,Harrogate,Yorkshire and The Humber,Cars,1566,1381,2947,8,22,30,641,1041,1682,1,27,28,2216,2471,4687,1309117875.80103,246981.310508245
175,E07000166,Richmondshire,Yorkshire and The Humber,Cars,84,243,327,0,6,6,18,204,222,0,8,8,102,461,563,1318702662.09824,221692.587160329
176,E07000167,Ryedale,Yorkshire and The Humber,Cars,103,366,469,2,5,7,47,227,274,0,12,12,152,610,762,1506530701.19722,250881.622441998
177,E07000168,Scarborough,Yorkshire and The Humber,Cars,169,340,509,1,5,6,43,291,334,0,10,10,213,646,859,816241280.322708,242694.579503398
178,E07000169,Selby,Yorkshire and The Humber,Cars,185,692,877,1,5,6,72,454,526,0,12,12,258,1163,1421,599315573.923569,264845.034329299
179,E07000170,Ashfield,East Midlands,Cars,270,517,787,3,7,10,93,296,389,0,9,9,366,829,1195,109557954.123535,69168.0549787649
180,E07000171,Bassetlaw,East Midlands,Cars,256,640,896,4,12,16,73,419,492,1,18,19,334,1089,1423,637803606.42421,159728.455054285
181,E07000172,Broxtowe,East Midlands,Cars,179,627,806,1,6,7,67,392,459,1,13,14,248,1038,1286,80098843.9173431,65996.6218856484
182,E07000173,Gedling,East Midlands,Cars,248,699,947,1,9,10,88,481,569,0,9,9,337,1198,1535,119981502.24617,69750.8310113412
183,E07000174,Mansfield,East Midlands,Cars,282,403,685,4,6,10,139,280,419,1,9,10,426,698,1124,76696927.4926605,51089.9016277906
184,E07000175,Newark and Sherwood,East Midlands,Cars,281,840,1121,0,9,9,111,581,692,1,17,18,393,1447,1840,651340476.370392,187413.7482207
185,E07000176,Rushcliffe,East Midlands,Cars,318,1361,1679,0,13,13,103,825,928,1,27,28,422,2226,2648,409231546.466995,123321.322043074
186,E07000177,Cherwell,South East,Cars,1519,1421,2940,6,17,23,1572,870,2442,6,50,56,3103,2358,5461,588745404.830795,225617.395164138
187,E07000178,Oxford,South East,Cars,370,797,1167,3,11,14,181,438,619,0,31,31,554,1277,1831,45602825.5069656,34993.844626057
188,E07000179,South Oxfordshire,South East,Cars,424,1827,2251,3,16,19,120,1123,1243,3,52,55,550,3018,3568,678492168.0867,205550.098477864
189,E07000180,Vale of White Horse,South East,Cars,334,1640,1974,4,18,22,122,921,1043,9,36,45,469,2615,3084,578679719.457848,176033.370660927
190,E07000181,West Oxfordshire,South East,Cars,264,1093,1357,2,8,10,151,720,871,4,32,36,421,1853,2274,714422037.287323,160237.256592195
191,E07000187,Mendip,South West,Cars,177,990,1167,2,6,8,40,493,533,1,37,38,220,1526,1746,739435455.84145,198844.392404697
192,E07000188,Sedgemoor,South West,Cars,190,743,933,4,5,9,51,442,493,1,23,24,246,1213,1459,564223822.301853,258005.444665784
193,E07000189,South Somerset,South West,Cars,337,1072,1409,3,10,13,123,647,770,1,26,27,464,1755,2219,959053025.863747,241548.032961482
194,E07000192,Cannock Chase,West Midlands,Cars,258,425,683,2,6,8,85,280,365,0,8,8,345,719,1064,78882578.3519669,50125.8394489737
195,E07000193,East Staffordshire,West Midlands,Cars,308,648,956,2,9,11,141,481,622,0,15,15,451,1153,1604,389987122.843025,183691.288895755
196,E07000194,Lichfield,West Midlands,Cars,392,891,1283,3,10,13,135,585,720,1,23,24,531,1509,2040,331294321.205109,127463.170739768
197,E07000195,Newcastle-under-Lyme,West Midlands,Cars,270,534,804,4,4,8,92,386,478,0,11,11,366,935,1301,210957295.971909,108251.653778863
198,E07000196,South Staffordshire,West Midlands,Cars,257,674,931,1,13,14,72,517,589,3,12,15,333,1216,1549,407322353.328491,184884.661607311
199,E07000197,Stafford,West Midlands,Cars,356,935,1291,2,9,11,191,644,835,0,14,14,549,1602,2151,598172189.401169,159072.547255002
200,E07000198,Staffordshire Moorlands,West Midlands,Cars,132,509,641,2,4,6,62,355,417,0,11,11,196,879,1075,575849809.00811,152441.966463739
201,E07000199,Tamworth,West Midlands,Cars,203,352,555,3,1,4,150,236,386,1,5,6,357,594,951,30850724.0121002,30729.4523914775
202,E07000200,Babergh,East of England,Cars,171,690,861,1,7,8,47,445,492,0,13,13,219,1155,1374,595116582.503052,210443.312612023
203,E07000202,Ipswich,East of England,Cars,404,401,805,3,3,6,157,272,429,0,10,10,564,686,1250,39509771.4361115,45341.496541064
204,E07000203,Mid Suffolk,East of England,Cars,295,765,1060,2,7,9,302,430,732,3,23,26,602,1225,1827,871070710.020721,191151.730303906
205,E07000207,Elmbridge,South East,Cars,845,2039,2884,1,26,27,244,1584,1828,4,61,65,1094,3710,4804,96334273.0766754,52204.4385998147
206,E07000208,Epsom and Ewell,South East,Cars,245,745,990,1,14,15,159,623,782,0,13,13,405,1395,1800,34079154.5370331,28503.8092975754
207,E07000209,Guildford,South East,Cars,503,1596,2099,6,27,33,154,1062,1216,3,49,52,666,2734,3400,270931144.02079,128412.382018558
208,E07000210,Mole Valley,South East,Cars,565,1076,1641,4,5,9,146,783,929,1,28,29,716,1892,2608,258321090.604195,105397.031980434
209,E07000211,Reigate and Banstead,South East,Cars,605,1443,2048,2,24,26,593,1122,1715,1,26,27,1201,2615,3816,129143817.748154,79917.0905767468
210,E07000212,Runnymede,South East,Cars,229,819,1048,2,12,14,98,547,645,0,20,20,329,1398,1727,78040680.6398315,45677.007524902
211,E07000213,Spelthorne,South East,Cars,199,696,895,3,15,18,111,588,699,0,21,21,313,1320,1633,51161350.4098892,44131.1428612105
212,E07000214,Surrey Heath,South East,Cars,256,988,1244,1,12,13,81,673,754,1,24,25,339,1697,2036,95092963.0002747,53557.764578556
213,E07000215,Tandridge,South East,Cars,250,924,1174,0,11,11,58,718,776,1,24,25,309,1677,1986,248194582.980942,83131.8930481927
214,E07000216,Waverley,South East,Cars,302,1702,2004,3,15,18,81,1134,1215,4,63,67,390,2914,3304,345170238.491543,125428.597835176
215,E07000217,Woking,South East,Cars,208,945,1153,2,21,23,63,769,832,1,33,34,274,1768,2042,63603608.294426,54780.2122292832
216,E07000218,North Warwickshire,West Midlands,Cars,153,342,495,1,2,3,104,274,378,0,10,10,258,628,886,284261518.649086,113228.85783183
217,E07000219,Nuneaton and Bedworth,West Midlands,Cars,257,549,806,3,4,7,97,389,486,1,15,16,358,957,1315,78950267.1659927,48147.0588079889
218,E07000220,Rugby,West Midlands,Cars,238,836,1074,4,10,14,113,515,628,1,25,26,356,1386,1742,353557317.712494,115087.24363392
219,E07000221,Stratford-on-Avon,West Midlands,Cars,612,1486,2098,11,17,28,238,944,1182,2,40,42,863,2487,3350,977869032.994003,261369.031234585
220,E07000222,Warwick,West Midlands,Cars,430,1280,1710,4,20,24,196,777,973,1,45,46,631,2122,2753,282882324.589981,116714.078810518
221,E07000223,Adur,South East,Cars,112,330,442,0,4,4,25,167,192,1,11,12,138,512,650,42065500.7971153,60515.2393173462
222,E07000224,Arun,South East,Cars,253,934,1187,1,7,8,83,620,703,1,22,23,338,1583,1921,220991208.823517,156496.558931363
223,E07000225,Chichester,South East,Cars,366,1084,1450,5,17,22,56,763,819,3,43,46,430,1907,2337,786194915.21093,297267.271791169
224,E07000226,Crawley,South East,Cars,263,520,783,0,18,18,101,342,443,2,8,10,366,888,1254,44971227.3985825,38798.5820994218
225,E07000227,Horsham,South East,Cars,410,1515,1925,10,16,26,131,996,1127,3,48,51,554,2575,3129,530278329.223454,215754.884714148
226,E07000228,Mid Sussex,South East,Cars,406,1536,1942,4,15,19,89,1000,1089,63,54,117,562,2605,3167,334029216.736504,132901.26791811
227,E07000229,Worthing,South East,Cars,192,518,710,0,6,6,48,334,382,2,12,14,242,870,1112,32521006.014946,29461.7156766559
228,E07000234,Bromsgrove,West Midlands,Cars,370,850,1220,6,7,13,306,607,913,3,16,19,685,1480,2165,216968441.120949,113128.333688222
229,E07000235,Malvern Hills,West Midlands,Cars,213,669,882,2,10,12,69,441,510,2,20,22,286,1140,1426,577070951.886055,230594.571309952
230,E07000236,Redditch,West Midlands,Cars,1765,423,2188,17,0,17,1481,269,1750,3,7,10,3266,699,3965,54250908.2603149,41300.3373143932
231,E07000237,Worcester,West Midlands,Cars,237,482,719,1,2,3,81,276,357,0,23,23,319,783,1102,33278111.1236725,31261.2304343563
232,E07000238,Wychavon,West Midlands,Cars,393,1143,1536,5,7,12,150,709,859,1,21,22,549,1880,2429,663542007.469109,219510.915753207
233,E07000239,Wyre Forest,West Midlands,Cars,214,461,675,2,6,8,91,362,453,0,12,12,307,841,1148,195403730.262199,100861.152767908
234,E07000240,St Albans,East of England,Cars,469,1843,2312,3,21,24,143,1229,1372,3,38,41,618,3131,3749,161205788.992043,72941.6954485127
235,E07000241,Welwyn Hatfield,East of England,Cars,386,933,1319,5,9,14,140,607,747,2,34,36,533,1583,2116,129536962.915245,82383.3616268959
236,E07000242,East Hertfordshire,East of England,Cars,481,1413,1894,3,17,20,166,966,1132,1,40,41,651,2436,3087,475669142.173576,135178.027176787
237,E07000243,Stevenage,East of England,Cars,138,325,463,6,4,10,66,268,334,2,11,13,212,608,820,25969247.2625275,28585.161430964
238,E07000244,East Suffolk,East of England,Cars,510,1451,1961,4,20,24,241,952,1193,1,34,35,756,2457,3213,1260989491.10616,584787.924048438
239,E07000245,West Suffolk,East of England,Cars,406,1071,1477,6,9,15,161,618,779,1,27,28,574,1725,2299,1034675737.77446,274539.879009978
240,E07000246,Somerset West and Taunton,South West,Cars,270,834,1104,4,9,13,100,512,612,0,27,27,374,1382,1756,1189066301.1416,288889.206722841
241,E08000001,Bolton,North West,Cars,631,1060,1691,12,24,36,298,821,1119,1,13,14,942,1918,2860,139792040.674789,82643.5197746864
242,E08000002,Bury,North West,Cars,703,840,1543,16,16,32,592,657,1249,0,10,10,1311,1523,2834,99460098.088501,68535.7621537225
243,E08000003,Manchester,North West,Cars,1874,1195,3069,8,20,28,275,975,1250,4,29,33,2161,2219,4380,115648443.590103,86841.9510631882
244,E08000004,Oldham,North West,Cars,472,711,1183,5,7,12,242,571,813,0,12,12,719,1301,2020,142344867.617081,71145.2166053481
245,E08000005,Rochdale,North West,Cars,399,779,1178,7,9,16,179,613,792,1,18,19,586,1419,2005,158128218.886078,82706.3709034793
246,E08000006,Salford,North West,Cars,516,807,1323,4,14,18,177,598,775,0,15,15,697,1434,2131,97197259.633194,63262.7594028187
247,E08000007,Stockport,North West,Cars,77853,1680,79533,1030,29,1059,42106,1219,43325,24,32,56,121013,2960,123973,126040348.490097,73631.0890907973
248,E08000008,Tameside,North West,Cars,365,671,1036,2,11,13,163,516,679,1,16,17,531,1214,1745,103154247.722641,55973.0550571155
249,E08000009,Trafford,North West,Cars,832,1611,2443,16,26,42,366,1089,1455,0,27,27,1214,2753,3967,106044604.785675,60714.9991313479
250,E08000010,Wigan,North West,Cars,539,1314,1853,4,10,14,232,834,1066,0,19,19,775,2177,2952,188171014.795837,88682.4116794718
251,E08000011,Knowsley,North West,Cars,265,465,730,11,6,17,115,376,491,0,7,7,391,854,1245,86500031.7274017,68163.8832839651
252,E08000012,Liverpool,North West,Cars,844,1128,1972,5,12,17,337,828,1165,0,19,19,1186,1987,3173,111835593.626411,62696.5993588289
253,E08000013,St. Helens,North West,Cars,336,661,997,0,2,2,132,453,585,0,7,7,468,1123,1591,136358780.853088,76379.812216368
254,E08000014,Sefton,North West,Cars,422,1124,1546,3,23,26,142,784,926,2,24,26,569,1955,2524,156578258.79126,130341.257310849
255,E08000015,Wirral,North West,Cars,552,1469,2021,7,17,24,173,847,1020,6,22,28,738,2355,3093,160922004.907288,133924.121231149
256,E08000016,Barnsley,Yorkshire and The Humber,Cars,522,995,1517,6,8,14,188,668,856,0,14,14,716,1685,2401,329077576.743942,126418.480693044
257,E08000017,Doncaster,Yorkshire and The Humber,Cars,1162,2158,3320,4,15,19,541,1269,1810,1,21,22,1708,3463,5171,568006431.217484,171113.010006791
258,E08000018,Rotherham,Yorkshire and The Humber,Cars,525,1108,1633,1,17,18,151,724,875,0,28,28,677,1877,2554,286534378.866501,106146.658844867
259,E08000019,Sheffield,Yorkshire and The Humber,Cars,1767,2293,4060,20,28,48,1815,1561,3376,1,53,54,3603,3935,7538,367929997.213348,132824.242952116
260,E08000021,Newcastle upon Tyne,North East,Cars,633,1093,1726,5,12,17,154,671,825,1,11,12,793,1787,2580,113451801.243317,65213.8280471217
261,E08000022,North Tyneside,North East,Cars,416,954,1370,5,12,17,188,485,673,0,13,13,609,1464,2073,82300621.1451874,65595.8023921869
262,E08000023,South Tyneside,North East,Cars,273,522,795,3,6,9,90,338,428,0,13,13,366,879,1245,64420334.6034393,51335.0171606378
263,E08000024,Sunderland,North East,Cars,418,1001,1419,3,15,18,117,508,625,1,12,13,539,1536,2075,137436290.144424,99821.9690448938
264,E08000025,Birmingham,West Midlands,Cars,1943,2899,4842,27,53,80,689,2630,3319,9,63,72,2668,5645,8313,267791151.73967,106250.794014248
265,E08000026,Coventry,West Midlands,Cars,1080,976,2056,4,10,14,1260,812,2072,2,23,25,2346,1821,4167,98639088.6562881,54052.4494128151
266,E08000027,Dudley,West Midlands,Cars,727,1097,1824,3,17,20,373,883,1256,1,13,14,1104,2010,3114,97958229.5149384,75372.2907122196
267,E08000028,Sandwell,West Midlands,Cars,654,556,1210,6,9,15,377,593,970,0,12,12,1037,1170,2207,85558906.1847763,59201.6852450065
268,E08000029,Solihull,West Midlands,Cars,3860,1419,5279,25,21,46,2100,1053,3153,1,28,29,5986,2521,8507,178282023.161247,101023.266819082
269,E08000030,Walsall,West Midlands,Cars,468,736,1204,3,19,22,199,689,888,1,16,17,671,1460,2131,103973530.000946,59399.7390444176
270,E08000031,Wolverhampton,West Midlands,Cars,565,614,1179,6,21,27,183,625,808,0,12,12,754,1272,2026,69436685.1266327,56050.1278266087
271,E08000032,Bradford,Yorkshire and The Humber,Cars,830,1669,2499,14,18,32,427,1741,2168,3,24,27,1274,3452,4726,366419689.51532,135914.965732405
272,E08000033,Calderdale,Yorkshire and The Humber,Cars,374,905,1279,3,10,13,219,765,984,4,13,17,600,1693,2293,363960946.597305,107684.893783348
273,E08000034,Kirklees,Yorkshire and The Humber,Cars,777,1803,2580,4,20,24,411,1579,1990,1,25,26,1193,3427,4620,408551667.407288,125665.908370181
274,E08000035,Leeds,Yorkshire and The Humber,Cars,32442,3579,36021,199,53,252,16484,2695,19179,4,61,65,49129,6388,55517,551706498.093048,161516.600530211
275,E08000036,Wakefield,Yorkshire and The Humber,Cars,732,1481,2213,10,23,33,445,1021,1466,0,22,22,1187,2547,3734,338619719.483505,109444.438663069
276,E08000037,Gateshead,North East,Cars,390,744,1134,3,5,8,111,385,496,1,17,18,505,1151,1656,142339149.241318,90175.8152669966
277,E09000001,City of London,London,Cars,357,64,421,1,0,1,114,61,175,1,3,4,473,128,601,2890318.44403076,9377.81467502522
278,E09000002,Barking and Dagenham,London,Cars,574,700,1274,8,33,41,198,1096,1294,0,17,17,780,1846,2626,36101455.4189529,40898.4282753648
279,E09000003,Barnet,London,Cars,1535,4381,5916,18,70,88,361,2735,3096,5,92,97,1919,7278,9197,86748227.8831329,50815.5975177389
280,E09000004,Bexley,London,Cars,466,1260,1726,1,18,19,317,1279,1596,1,27,28,785,2584,3369,60578408.1245193,47931.4230818983
281,E09000005,Brent,London,Cars,1829,1737,3566,37,49,86,509,1982,2491,4,50,54,2379,3818,6197,43232684.1274872,38331.001751277
282,E09000006,Bromley,London,Cars,738,2734,3472,2,53,55,225,2404,2629,3,59,62,968,5250,6218,150130427.159538,76141.6277070387
283,E09000007,Camden,London,Cars,756,2000,2756,11,25,36,168,1200,1368,3,59,62,938,3284,4222,21789308.595253,26149.495598481
284,E09000008,Croydon,London,Cars,666,2310,2976,12,41,53,249,2102,2351,2,55,57,929,4508,5437,86496808.3293228,58688.2842361555
285,E09000009,Ealing,London,Cars,3335,2038,5373,56,37,93,510,2256,2766,13,46,59,3914,4377,8291,55544376.032196,47432.5829098616
286,E09000010,Enfield,London,Cars,687,1550,2237,5,41,46,242,1625,1867,2,48,50,936,3264,4200,82200174.297287,41061.1111768429
287,E09000011,Greenwich,London,Cars,359,1241,1600,1,19,20,115,1214,1329,2,35,37,477,2509,2986,47307031.4329834,47566.9752848355
288,E09000012,Hackney,London,Cars,330,680,1010,2,18,20,102,756,858,3,27,30,437,1481,1918,19046912.9773788,25374.028868182
289,E09000013,Hammersmith and Fulham,London,Cars,3832,1316,5148,4,30,34,696,1168,1864,1,40,41,4533,2554,7087,16403545.8968506,23966.1399241039
290,E09000014,Haringey,London,Cars,452,1273,1725,12,21,33,364,1149,1513,0,45,45,828,2488,3316,29598417.6468964,29011.100205627
291,E09000015,Harrow,London,Cars,961,2004,2965,15,37,52,215,1813,2028,5,44,49,1196,3898,5094,50463307.3829956,33734.608106147
292,E09000016,Havering,London,Cars,683,1368,2051,15,33,48,241,1413,1654,0,39,39,939,2853,3792,112341328.142738,63706.9860246864
293,E09000017,Hillingdon,London,Cars,8369,1953,10322,29,34,63,1207,2039,3246,8,43,51,9613,4069,13682,115700600.050133,63883.1561402854
294,E09000018,Hounslow,London,Cars,907,1569,2476,13,38,51,307,1758,2065,8,40,48,1235,3405,4640,55970470.8641586,64471.2436618718
295,E09000019,Islington,London,Cars,431,954,1385,1,10,11,76,867,943,0,24,24,508,1855,2363,14856680.6578674,20720.1949694478
296,E09000020,Kensington and Chelsea,London,Cars,342,1948,2290,2,32,34,240,1515,1755,4,79,83,588,3574,4162,12125528.5328598,20963.4584035467
297,E09000021,Kingston upon Thames,London,Cars,361,1523,1884,2,12,14,104,1285,1389,0,36,36,467,2856,3323,37265392.9152222,37527.9493942753
298,E09000022,Lambeth,London,Cars,300,1195,1495,4,28,32,100,1188,1288,2,29,31,406,2440,2846,26807914.5192261,33999.8604751881
299,E09000023,Lewisham,London,Cars,299,1081,1380,3,19,22,55,1052,1107,2,33,35,359,2185,2544,35148365.9241028,41158.0294216116
300,E09000024,Merton,London,Cars,574,1524,2098,4,20,24,191,1494,1685,6,29,35,775,3067,3842,37624746.5277786,32340.3771201137
301,E09000025,Newham,London,Cars,307,841,1148,7,26,33,217,1481,1698,5,14,19,536,2362,2898,36198118.0374069,35772.3133095239
302,E09000026,Redbridge,London,Cars,575,1771,2346,6,49,55,263,1921,2184,5,42,47,849,3783,4632,56403472.4249954,50426.1191048432
303,E09000027,Richmond upon Thames,London,Cars,599,2154,2753,3,36,39,225,2017,2242,2,56,58,829,4263,5092,57393447.9808273,68787.7012682714
304,E09000028,Southwark,London,Cars,414,1298,1712,3,20,23,120,1133,1253,7,40,47,544,2491,3035,28876525.9301224,34570.9765509178
305,E09000029,Sutton,London,Cars,387,1372,1759,10,21,31,121,1283,1404,1,27,28,519,2703,3222,43842789.962265,39804.2153145852
306,E09000030,Tower Hamlets,London,Cars,430,732,1162,2,40,42,234,1262,1496,2,20,22,668,2054,2722,19770856.8000107,28746.8910481568
307,E09000031,Waltham Forest,London,Cars,305,833,1138,4,23,27,114,1111,1225,3,27,30,426,1994,2420,38807995.9513626,33326.6907765963
308,E09000032,Wandsworth,London,Cars,477,2056,2533,3,34,37,129,2120,2249,4,44,48,613,4254,4867,34257039.1979294,38789.7703657056
309,E09000033,Westminster,London,Cars,16407,2363,18770,9,33,42,359,1540,1899,4,66,70,16779,4002,20781,21477144.2528915,27425.6050038667
310,N09000001,Antrim and Newtownabbey,Northern Ireland,Cars,1027,545,1572,14,1,15,649,250,899,0,10,10,1690,806,2496,728186534.01133,165066.961090158
311,N09000002,"Armagh City, Banbridge and Craigavon",Northern Ireland,Cars,466,604,1070,2,5,7,192,294,486,0,8,8,660,911,1571,1437068573.07787,242954.335395177
312,N09000003,Belfast,Northern Ireland,Cars,3341,767,4108,23,9,32,2271,475,2746,3,22,25,5638,1273,6911,137716652.025108,65866.7852260913
313,N09000004,Causeway Coast and Glens,Northern Ireland,Cars,267,318,585,1,4,5,69,173,242,0,11,11,337,506,843,1985534670.71793,381026.18387915
314,N09000005,Derry City and Strabane,Northern Ireland,Cars,261,255,516,2,3,5,41,174,215,0,7,7,304,439,743,1251241580.2269,271397.40327128
315,N09000006,Fermanagh and Omagh,Northern Ireland,Cars,150,192,342,1,2,3,55,125,180,0,5,5,206,324,530,3012114892.36445,426437.771573504
316,N09000007,Lisburn and Castlereagh,Northern Ireland,Cars,825,711,1536,6,5,11,544,421,965,2,11,13,1377,1148,2525,510438048.321739,167278.148593367
317,N09000008,Mid and East Antrim,Northern Ireland,Cars,312,404,716,0,1,1,70,211,281,3,12,15,385,628,1013,1061355460.9354,234604.730290033
318,N09000009,Mid Ulster,Northern Ireland,Cars,300,252,552,1,4,5,119,132,251,1,8,9,421,396,817,1957293776.36245,318306.174447411
319,N09000010,"Newry, Mourne and Down",Northern Ireland,Cars,330,477,807,7,8,15,126,225,351,0,9,9,463,719,1182,1682340596.67157,379481.25491599
320,N09000011,Ards and North Down,Northern Ireland,Cars,418,778,1196,0,10,10,98,421,519,1,17,18,517,1226,1743,566472991.274521,203349.301102071
321,S12000005,Clackmannanshire,Scotland,Cars,73,312,385,0,3,3,15,125,140,0,4,4,88,444,532,159184968.76619,96933.0750418422
322,S12000006,Dumfries and Galloway,Scotland,Cars,231,603,834,1,1,2,85,385,470,0,6,6,317,995,1312,6436567194.68687,1207331.30286274
323,S12000008,East Ayrshire,Scotland,Cars,223,588,811,0,5,5,32,260,292,0,8,8,255,861,1116,1270345623.57393,341126.501410668
324,S12000010,East Lothian,Scotland,Cars,187,1008,1195,1,18,19,43,473,516,0,14,14,231,1513,1744,679240459.691589,202120.828124236
325,S12000011,East Renfrewshire,Scotland,Cars,231,1015,1246,0,9,9,49,546,595,2,13,15,282,1583,1865,174247286.301239,93982.4588278508
326,S12000013,Na h-Eileanan Siar,Scotland,Cars,29,82,111,0,1,1,6,61,67,0,2,2,35,146,181,3096614423.02372,3871025.95969535
327,S12000014,Falkirk,Scotland,Cars,341,904,1245,3,7,10,95,462,557,0,11,11,439,1384,1823,297137422.788071,169016.307883955
328,S12000017,Highland,Scotland,Cars,403,1159,1562,1,8,9,154,711,865,0,25,25,558,1903,2461,26158740580.2084,5228318.65637805
329,S12000018,Inverclyde,Scotland,Cars,103,303,406,0,0,0,23,189,212,1,3,4,127,495,622,161948610.940994,79316.9463659007
330,S12000019,Midlothian,Scotland,Cars,163,777,940,1,6,7,43,365,408,0,4,4,207,1152,1359,355272051.807449,126464.604454531
331,S12000020,Moray,Scotland,Cars,138,450,588,0,3,3,57,308,365,0,13,13,195,774,969,2237555713.50238,463319.000621918
332,S12000021,North Ayrshire,Scotland,Cars,232,596,828,6,5,11,63,284,347,0,13,13,301,898,1199,885284482.723328,350191.827776382
333,S12000023,Orkney Islands,Scotland,Cars,67,276,343,0,1,1,3,107,110,0,3,3,70,387,457,1015036066.02127,1203102.77977173
334,S12000026,Scottish Borders,Scotland,Cars,197,757,954,2,12,14,79,445,524,1,13,14,279,1227,1506,4739166535.68079,514368.510110611
335,S12000027,Shetland Islands,Scotland,Cars,45,100,145,0,1,1,9,67,76,0,1,1,54,169,223,1468514139.09113,2321846.76573869
336,S12000028,South Ayrshire,Scotland,Cars,213,632,845,1,4,5,84,355,439,0,15,15,298,1006,1304,1224367576.00628,334928.359876579
337,S12000029,South Lanarkshire,Scotland,Cars,820,2025,2845,5,19,24,251,1036,1287,1,21,22,1077,3101,4178,1773890203.27654,284613.8566307
338,S12000030,Stirling,Scotland,Cars,4640,919,5559,67,5,72,4511,386,4897,0,12,12,9218,1322,10540,2252534182.27551,374959.25805914
339,S12000033,Aberdeen City,Scotland,Cars,462,1118,1580,4,13,17,177,748,925,1,24,25,644,1903,2547,185571286.389832,123488.10079458
340,S12000034,Aberdeenshire,Scotland,Cars,490,2066,2556,3,25,28,136,1192,1328,2,32,34,631,3315,3946,6318005998.97935,795098.949301964
341,S12000035,Argyll and Bute,Scotland,Cars,104,465,569,0,6,6,32,305,337,0,11,11,136,787,923,7005856181.79671,3795934.4124369
342,S12000036,City of Edinburgh,Scotland,Cars,1320,2995,4315,11,45,56,368,1841,2209,8,46,54,1707,4927,6634,263395003.679382,110355.561123041
343,S12000038,Renfrewshire,Scotland,Cars,8512,1007,9519,75,13,88,5583,526,6109,0,11,11,14170,1557,15727,261490836.761856,131745.446686221
344,S12000039,West Dunbartonshire,Scotland,Cars,133,320,453,6,4,10,129,151,280,1,3,4,269,478,747,177319583.18425,103710.998122334
345,S12000040,West Lothian,Scotland,Cars,347,1356,1703,8,11,19,93,652,745,1,6,7,449,2025,2474,428769481.686554,134930.310291464
346,S12000041,Angus,Scotland,Cars,188,750,938,2,11,13,72,350,422,0,4,4,262,1115,1377,2184982978.68718,328940.561902964
347,S12000042,Dundee City,Scotland,Cars,384,747,1131,2,7,9,69,259,328,4,5,9,459,1018,1477,59800679.97612,47831.2069158876
348,S12000045,East Dunbartonshire,Scotland,Cars,226,997,1223,1,14,15,29,557,586,0,8,8,256,1576,1832,174489033.610092,99592.6325879833
349,S12000047,Fife,Scotland,Cars,630,2215,2845,8,28,36,165,1074,1239,1,23,24,804,3340,4144,1325190262.60379,358324.912814313
350,S12000048,Perth and Kinross,Scotland,Cars,354,1271,1625,3,11,14,129,687,816,1,20,21,487,1989,2476,5383770929.93335,633248.172986055
351,S12000049,Glasgow City,Scotland,Cars,2096,1952,4048,21,16,37,408,1016,1424,2,33,35,2527,3017,5544,174622045.629852,135573.393985495
352,S12000050,North Lanarkshire,Scotland,Cars,737,1555,2292,4,14,18,205,758,963,1,17,18,947,2344,3291,472298223.955948,163983.319889321
353,W06000001,Isle of Anglesey,Wales,Cars,124,270,394,0,2,2,63,184,247,0,7,7,187,463,650,715212551.920387,378960.671414204
354,W06000002,Gwynedd,Wales,Cars,149,387,536,0,5,5,39,247,286,0,10,10,188,649,837,2548292895.11299,643030.305858802
355,W06000003,Conwy,Wales,Cars,229,490,719,0,6,6,96,320,416,2,9,11,327,825,1152,1130179030.87906,283263.119395945
356,W06000004,Denbighshire,Wales,Cars,232,425,657,1,5,6,36,229,265,1,18,19,270,677,947,838716213.358932,228749.239059247
357,W06000005,Flintshire,Wales,Cars,279,707,986,3,4,7,79,394,473,2,11,13,363,1116,1479,439830286.385391,239003.212626092
358,W06000006,Wrexham,Wales,Cars,214,460,674,5,7,12,93,304,397,0,13,13,312,784,1096,503773535.230103,190023.448114477
359,W06000008,Ceredigion,Wales,Cars,139,337,476,1,1,2,30,201,231,0,7,7,170,546,716,1788379261.89556,382131.522913247
360,W06000009,Pembrokeshire,Wales,Cars,217,584,801,1,4,5,45,284,329,0,16,16,263,888,1151,1618344480.35981,743250.249529533
361,W06000010,Carmarthenshire,Wales,Cars,347,827,1174,1,6,7,122,413,535,1,15,16,471,1261,1732,2371104028.24967,591756.508359416
362,W06000011,Swansea,Wales,Cars,1361,903,2264,15,14,29,962,557,1519,0,19,19,2338,1493,3831,377614544.98658,270825.582117602
363,W06000012,Neath Port Talbot,Wales,Cars,256,417,673,4,4,8,88,234,322,0,3,3,348,658,1006,442272629.118,182182.731934738
364,W06000013,Bridgend,Wales,Cars,908,698,1606,16,6,22,636,335,971,15,11,26,1575,1050,2625,250785314.083366,93180.2520200993
365,W06000014,Vale of Glamorgan,Wales,Cars,251,864,1115,3,13,16,61,556,617,0,18,18,315,1451,1766,331261382.621326,108400.387481918
366,W06000015,Cardiff,Wales,Cars,712,1347,2059,7,23,30,250,926,1176,2,27,29,971,2323,3294,142303613.187145,79616.4688690008
367,W06000016,Rhondda Cynon Taf,Wales,Cars,330,673,1003,3,4,7,113,398,511,0,9,9,446,1084,1530,424150476.006226,130225.273793906
368,W06000018,Caerphilly,Wales,Cars,301,511,812,3,1,4,94,297,391,1,11,12,399,820,1219,277387807.112293,116195.727849562
369,W06000019,Blaenau Gwent,Wales,Cars,88,130,218,0,0,0,23,76,99,1,2,3,112,208,320,108728046.067421,65601.5677696128
370,W06000020,Torfaen,Wales,Cars,188,348,536,1,3,4,36,149,185,0,14,14,225,514,739,126239929.82222,82540.0392973317
371,W06000021,Monmouthshire,Wales,Cars,179,758,937,0,11,11,59,434,493,2,19,21,240,1222,1462,850327720.788227,224909.141029611
372,W06000022,Newport,Wales,Cars,330,717,1047,1,5,6,102,369,471,1,18,19,434,1109,1543,190431147.336025,153213.179655943
373,W06000023,Powys,Wales,Cars,205,632,837,1,4,5,106,396,502,1,30,31,313,1062,1375,5195311063.63076,610076.853820174
374,W06000024,Merthyr Tydfil,Wales,Cars,92,123,215,0,1,1,27,81,108,0,0,0,119,205,324,111956970.938263,66689.0810594782
