LineID,bus0,bus1,voltage,s_nom,r,x,b,length,under_construction
1,way/1307462736-275,way/86071326-275,275,921.668,2.200334,14.577213,0.00022811,55008.35,f
2,relation/7881280-400,relation/13110369-400,400,3574.953,0.420393,3.447219,0.00024301,28026.17,f
3,way/101077623-275,GB41-275,275,1843.335,0.046871,0.310518,1.94e-05,2343.53,f
4,way/95279334-400,way/103915328-400,400,3574.953,0.425859,3.492045,0.00024617,28390.61,f
5,way/111528318-220,GB8-220,220,1474.668,1.584632,7.949573,0.00093343,79231.62,f
6,way/292371992-275,way/48876730-275,275,921.668,0.740692,4.907082,7.68e-05,18517.29,f
7,way/292371992-400,way/48876730-400,400,1787.476,0.555003,4.551025,8.02e-05,18500.1,f
8,way/796648851-275,GB42-275,275,921.668,0.085154,0.564143,8.83e-06,2128.84,f
9,way/95338682-400,way/127184694-400,400,3574.953,0.702368,5.759421,0.00040601,46824.56,f
10,way/143398451-400,way/297840585-400,400,3574.953,0.526429,4.316717,0.0003043,35095.26,f
11,GB10-275,way/89836009-275,275,1843.335,0.035313,0.233946,1.46e-05,1765.63,f
12,GB64-220,way/25422135-220,220,491.556,2.198696,11.030127,0.0001439,36644.94,f
13,way/1153252242-275,way/153884024-275,275,921.668,0.499264,3.307621,5.18e-05,12481.59,f
14,way/142841192-400,GB25-400,400,1787.476,0.341155,2.79747,4.93e-05,11371.83,f
15,GB47-400,GB48-400,400,1787.476,0.041866,0.343305,6.05e-06,1395.55,f
16,way/102198808-400,GB16-400,400,3574.953,1.429,11.717799,0.00082604,95266.66,f
17,way/34205588-400,way/49922626-400,400,3574.953,0.602754,4.942583,0.00034842,40183.6,f
18,way/681875115-400,GB83-400,400,3574.953,0.038773,0.317937,2.24e-05,2584.85,f
19,way/25629803-400,way/209404646-400,400,3574.953,1.300409,10.663353,0.00075171,86693.93,f
20,way/90539508-400,way/101077623-400,400,1787.476,0.385506,3.161152,5.57e-05,12850.21,f
21,way/91010711-400,way/16582436-400,400,3574.953,0.089632,0.73498,5.18e-05,5975.45,f
22,way/1252341626-275,GB10-275,275,1843.335,1.571281,10.409739,0.0006516,78564.07,f
23,way/109730296-275,way/227495569-275,275,921.668,0.089792,0.594869,9.31e-06,2244.79,f
24,GB57-400,relation/7886014-400,400,3574.953,0.31405,2.57521,0.00018154,20936.67,f
25,relation/7886014-400,way/92458761-400,400,3574.953,0.370674,3.03953,0.00021427,24711.63,f
26,way/92529432-275,way/92737152-275,275,1843.335,0.170226,1.12775,7.06e-05,8511.32,f
27,relation/9598269-400,way/92419253-400,400,1787.476,0.931308,7.636726,0.00013459,31043.6,f
28,way/123037622-275,way/121820285-275,275,921.668,0.256442,1.698931,2.66e-05,6411.06,f
29,way/163036722-275,GB29-275,275,921.668,0.495854,3.285035,5.14e-05,12396.36,f
30,way/109463536-275,GB23-275,275,1843.335,0.476924,3.15962,0.00019778,23846.19,f
31,relation/10925187-275,way/90547674-275,275,1843.335,0.324193,2.147781,0.00013444,16209.67,f
32,way/43472283-275,way/43303585-275,275,921.668,0.469875,3.112923,4.87e-05,11746.88,f
33,way/43472283-400,way/43303585-400,400,1787.476,0.351126,2.879233,5.07e-05,11704.2,f
34,way/109730296-400,way/43303585-400,400,1787.476,0.306191,2.510765,4.43e-05,10206.36,f
35,way/227495569-275,way/43303585-275,275,921.668,0.308569,2.044271,3.2e-05,7714.23,f
36,way/193617444-400,way/313495269-400,400,3574.953,0.172143,1.41157,9.95e-05,11476.18,f
37,way/43303585-275,way/311840838-275,275,1843.335,0.153862,1.019336,6.38e-05,7693.1,f
38,way/97561542-275,way/227495569-275,275,1843.335,0.078805,0.522084,3.27e-05,3940.26,f
39,relation/9598269-400,way/159038999-400,400,3574.953,0.320467,2.627827,0.00018525,21364.45,f
40,way/4746208-275,way/4797228-275,275,1843.335,0.220839,1.463058,9.16e-05,11041.95,f
41,GB73-400,way/16582436-400,400,3574.953,0.066921,0.548751,3.87e-05,4461.39,f
42,way/90547674-400,GB25-400,400,1787.476,1.194772,9.797134,0.00017266,39825.75,f
43,way/142841192-275,way/90547674-275,275,921.668,2.048187,13.569238,0.00021234,51204.67,f
44,GB59-275,GB60-275,275,921.668,0.171544,1.136482,1.78e-05,4288.61,f
45,way/101365758-275,GB71-275,275,921.668,0.213254,1.412805,2.21e-05,5331.34,f
46,way/25492769-275,way/142841192-275,275,1843.335,0.437078,2.895643,0.00018125,21853.91,f
47,GB30-400,way/701436399-400,400,3574.953,0.514235,4.216725,0.00029725,34282.32,f
48,way/32075668-275,way/27332350-275,275,1843.335,0.062506,0.414102,2.59e-05,3125.3,f
49,way/28194931-275,way/167621580-275,275,1843.335,0.160732,1.06485,6.67e-05,8036.6,f
50,relation/7879831-275,way/295657862-275,275,921.668,0.726721,4.814528,7.53e-05,18168.03,f
51,way/295657862-275,way/121820285-275,275,921.668,0.502896,3.331686,5.21e-05,12572.4,f
52,way/97256377-400,relation/7894457-400,400,3574.953,0.202031,1.656654,0.00011678,13468.73,f
53,way/624256368-275,way/232319495-275,275,1843.335,0.369708,2.449316,0.00015331,18485.4,f
54,way/163036722-400,way/193617444-400,400,1787.476,2.21603,18.171444,0.00032025,73867.66,f
55,GB28-275,way/193617444-275,275,921.668,1.729448,11.457593,0.0001793,43236.2,f
56,way/167621580-275,way/25784732-275,275,921.668,0.221901,1.470093,2.3e-05,5547.52,f
57,GB56-400,way/49499923-400,400,1787.476,0.30142,2.471646,4.36e-05,10047.34,f
58,way/23059230-400,way/92340133-400,400,3574.953,0.549112,4.502716,0.00031742,36607.45,f
59,GB60-275,GB61-275,275,921.668,0.13643,0.903849,1.41e-05,3410.75,f
60,way/92458761-275,GB55-275,275,921.668,0.73544,4.87229,7.62e-05,18386.0,f
61,GB54-400,way/87204522-400,400,1787.476,0.447419,3.668834,6.47e-05,14913.96,f
62,GB57-400,GB54-400,400,1787.476,0.945815,7.755684,0.00013668,31527.17,f
63,GB55-275,way/87204522-275,275,921.668,1.404056,9.301874,0.00014556,35101.41,f
64,way/142845284-400,GB47-400,400,1787.476,0.937653,7.688757,0.0001355,31255.11,f
65,way/94543520-275,relation/7896785-275,275,1843.335,0.075282,0.498742,3.12e-05,3764.09,f
66,way/90534270-400,way/92340133-400,400,3574.953,1.291144,10.587379,0.00074635,86076.25,f
67,way/89038614-400,way/314338790-400,400,3574.953,2.033599,16.675516,0.00117553,135573.3,f
68,GB65-400,way/884174267-400,400,3574.953,0.395616,3.24405,0.00022869,26374.39,f
69,way/49499923-275,way/55284068-275,275,921.668,0.808898,5.358952,8.39e-05,20222.46,f
70,way/4746208-400,way/31015820-400,400,1787.476,0.592694,4.860094,8.57e-05,19756.48,f
71,way/49499923-400,GB51-400,400,1787.476,2.176827,17.849981,0.00031458,72560.9,f
72,way/55284068-275,relation/13110368-275,275,921.668,2.589785,17.157324,0.00026849,64744.62,f
73,way/730870685-275,way/422486984-275,275,1843.335,0.43241,2.864718,0.00017932,21620.51,f
74,way/186747788-275,GB23-275,275,1843.335,0.505808,3.350979,0.00020975,25290.41,f
75,relation/13110368-400,GB51-400,400,1787.476,0.36632,3.003825,5.29e-05,12210.67,f
76,relation/13110368-400,way/472164401-400,400,3574.953,0.37,3.033999,0.00021388,24666.66,f
77,way/624256368-275,way/630939126-275,275,1843.335,0.717619,4.754226,0.00029759,35880.95,f
78,way/730870685-275,way/119315534-275,275,1843.335,0.913911,6.054663,0.00037899,45695.57,f
79,way/241491759-275,way/118821349-275,275,1843.335,0.643724,4.26467,0.00026695,32186.19,f
80,way/23132983-275,way/264371625-275,275,1843.335,0.148989,0.987051,6.18e-05,7449.44,f
81,way/447301159-400,way/533670766-400,400,3574.953,0.103874,0.851768,6e-05,6924.94,f
82,way/533670766-400,way/23228362-400,400,3574.953,0.030132,0.24708,1.74e-05,2008.78,f
83,way/635829123-220,GB46-220,220,983.112,2.110338,10.586864,0.00055249,70344.61,f
84,way/701436399-220,GB24-220,220,1474.668,2.911708,14.607066,0.00171514,145585.38,f
85,way/94004582-220,GB19-220,220,983.112,1.716916,8.613196,0.00044949,57230.54,f
86,way/636630371-400,way/636630368-400,400,3574.953,0.139268,1.142001,8.05e-05,9284.56,f
87,way/284874050-275,way/335589232-275,275,921.668,0.217948,1.443908,2.26e-05,5448.71,f
88,way/284874050-275,way/472289073-275,275,921.668,0.303422,2.010168,3.15e-05,7585.54,f
89,way/143105488-275,way/677510482-275,275,1843.335,0.288055,1.908367,0.00011945,14402.77,f
90,way/677513264-220,way/297840585-220,220,983.112,1.25198,6.280764,0.00032777,41732.65,f
91,way/730870685-275,GB9-275,275,1843.335,0.522858,3.463936,0.00021682,26142.91,f
92,way/89836009-275,way/76468460-275,275,1843.335,0.294052,1.948094,0.00012194,14702.6,f
93,way/119315534-275,way/222205173-275,275,921.668,0.617018,4.087742,6.4e-05,15425.44,f
94,way/297840585-400,way/100077745-400,400,3574.953,0.888347,7.284449,0.00051351,59223.16,f
95,way/166703766-220,GB3-220,220,983.112,2.592437,13.005394,0.0006787,86414.58,f
96,GB62-220,way/25422135-220,220,491.556,7.156775,35.903154,0.00046841,119279.58,f
97,way/311840838-275,way/1297690788-275,275,1843.335,0.279131,1.849242,0.00011575,13956.54,f
98,way/200511209-400,way/43472283-400,400,1787.476,0.836488,6.859206,0.00012088,27882.95,f
99,way/200511209-275,way/43472283-275,275,921.668,1.116814,7.39889,0.00011578,27920.34,f
100,way/43472283-400,way/90125443-400,400,3574.953,1.260719,10.337894,0.00072876,84047.92,f
101,GB71-275,GB66-275,275,1843.335,0.325394,2.155733,0.00013494,16269.68,f
102,way/105304263-275,way/32342648-275,275,921.668,0.178653,1.183577,1.85e-05,4466.33,f
103,way/23132983-275,way/31015820-275,275,1843.335,0.260242,1.724106,0.00010792,13012.12,f
104,way/227589012-400,way/31015820-400,400,1787.476,0.170369,1.397027,2.46e-05,5678.97,f
105,way/123866712-275,GB42-275,275,921.668,0.045509,0.301496,4.72e-06,1137.72,f
106,way/49499923-275,GB58-275,275,921.668,0.621916,4.120196,6.45e-05,15547.91,f
107,way/147475796-275,way/101312018-275,275,1843.335,0.053111,0.351859,2.2e-05,2655.54,f
108,way/91003253-400,way/314338790-400,400,3574.953,0.416558,3.415775,0.00024079,27770.53,f
109,way/91003253-400,way/143905069-400,400,3574.953,0.283514,2.324816,0.00016389,18900.94,f
110,way/701436399-220,GB21-220,220,1474.668,3.106282,15.58318,0.00182975,155314.09,f
111,GB38-220,way/895564309-220,220,491.556,5.641894,28.3035,0.00036926,94031.56,f
112,GB4-220,way/1190395478-220,220,1474.668,1.642625,8.2405,0.00096759,82131.23,f
113,way/89573358-400,way/89573357-400,400,1787.476,0.304927,2.500401,4.41e-05,10164.23,f
114,GB61-275,way/96107758-275,275,921.668,0.572568,3.793266,5.94e-05,14314.21,f
115,way/676775628-275,way/260300448-275,275,921.668,0.46489,3.079899,4.82e-05,11622.26,f
116,way/96107758-400,way/92458761-400,400,1787.476,1.251052,10.258623,0.00018079,41701.72,f
117,GB59-275,way/92458761-275,275,921.668,0.78511,5.201356,8.14e-05,19627.76,f
118,relation/7894457-275,way/92529432-275,275,921.668,0.10792,0.714973,1.12e-05,2698.01,f
119,relation/7894457-400,way/92529432-400,400,1787.476,0.07973,0.653787,1.15e-05,2657.67,f
120,way/92737152-275,way/93878867-275,275,921.668,0.489054,3.23998,5.07e-05,12226.34,f
121,way/31545125-400,way/87204522-400,400,3574.953,0.525471,4.308861,0.00030375,35031.39,f
122,way/167621580-400,GB56-400,400,1787.476,0.879771,7.214125,0.00012714,29325.71,f
123,way/25784732-275,way/49499923-275,275,921.668,1.351805,8.955709,0.00014015,33795.13,f
124,GB39-400,way/314338790-400,400,3574.953,0.201861,1.655257,0.00011669,13457.37,f
125,way/49499923-400,way/96107758-400,400,1787.476,1.301183,10.669699,0.00018804,43372.76,f
126,GB58-275,way/96107758-275,275,921.668,1.112165,7.368094,0.0001153,27804.13,f
127,way/263863442-400,way/32796576-400,400,3574.953,0.61105,5.010614,0.00035322,40736.7,f
128,way/84803250-275,GB71-275,275,921.668,0.732987,4.85604,7.6e-05,18324.68,f
129,way/91056548-400,GB14-400,400,1787.476,0.64521,5.29072,9.32e-05,21506.99,f
130,way/91056548-400,way/86071326-400,400,1787.476,0.861583,7.064982,0.00012451,28719.44,f
131,way/143398451-400,GB14-400,400,1787.476,0.208432,1.709142,3.01e-05,6947.73,f
132,GB14-400,way/86071326-400,400,1787.476,0.557375,4.570476,8.06e-05,18579.17,f
133,way/402783212-275,way/230134599-275,275,921.668,2.246062,14.880163,0.00023286,56151.56,f
134,way/402783212-275,way/230134599-275,275,921.668,2.246062,14.880163,0.00023286,56151.56,f
135,way/230134599-275,way/137050527-275,275,921.668,2.583887,17.118253,0.00026788,64597.18,f
136,way/142185552-275,way/137050527-275,275,921.668,1.349434,8.940003,0.0001399,33735.86,f
137,way/230134599-275,way/142185552-275,275,921.668,1.234608,8.179275,0.00012799,30865.19,f
138,way/166764802-275,way/148266260-275,275,921.668,0.738865,4.894982,7.66e-05,18471.63,f
139,way/148266260-275,way/339008021-275,275,921.668,2.681073,17.762107,0.00027795,67026.82,f
140,way/227767019-275,way/339008021-275,275,921.668,3.233875,21.424421,0.00033526,80846.87,f
141,way/166764802-275,way/148266260-275,275,921.668,0.738865,4.894982,7.66e-05,18471.63,f
142,way/227767019-275,way/148266260-275,275,921.668,1.835072,12.157352,0.00019025,45876.8,f
143,way/142185552-275,way/339008021-275,275,921.668,1.155929,7.658031,0.00011984,28898.23,f
144,way/142185552-275,way/339008021-275,275,921.668,1.155929,7.658031,0.00011984,28898.23,f
145,way/166764802-275,way/137050527-275,275,921.668,1.788504,11.848842,0.00018542,44712.61,f
146,way/166764802-275,way/137050527-275,275,921.668,1.789521,11.855575,0.00018552,44738.02,f
147,way/227767022-275,way/227767019-275,275,921.668,1.031531,6.833892,0.00010694,25788.27,f
148,way/227767022-275,way/230134599-275,275,921.668,1.035467,6.859968,0.00010735,25886.67,f
149,way/159736514-275,way/90547685-275,275,921.668,0.228588,1.514396,2.37e-05,5714.7,f
150,way/92331023-275,way/143905069-275,275,921.668,1.745093,11.561242,0.00018092,43627.33,f
151,way/92331023-275,way/143905069-275,275,921.668,1.745093,11.561242,0.00018092,43627.33,f
152,way/89427607-400,way/98899051-400,400,1787.476,1.064046,8.725175,0.00015377,35468.19,f
153,way/89427607-400,way/98899051-400,400,1787.476,1.064046,8.725175,0.00015377,35468.19,f
154,way/1274396508-400,way/23164132-400,400,1787.476,0.343227,2.814464,4.96e-05,11440.91,f
155,way/1274396508-400,way/92529432-400,400,1787.476,1.806294,14.811611,0.00026103,60209.8,f
156,way/1274396508-400,way/23164132-400,400,1787.476,0.343227,2.814464,4.96e-05,11440.91,f
157,way/23164132-275,GB44-275,275,921.668,0.430296,2.850711,4.46e-05,10757.4,f
158,way/153884024-275,way/23164132-275,275,921.668,0.620042,4.107776,6.43e-05,15501.04,f
159,way/23164132-275,GB44-275,275,921.668,0.430296,2.850711,4.46e-05,10757.4,f
160,way/153884024-275,way/23164132-275,275,921.668,0.620042,4.107776,6.43e-05,15501.04,f
161,GB44-275,way/23164256-275,275,921.668,0.32798,2.172865,3.4e-05,8199.49,f
162,way/23164256-275,GB44-275,275,921.668,0.32798,2.172865,3.4e-05,8199.49,f
163,way/26678829-400,way/119616836-400,400,1787.476,1.149984,9.429871,0.00016619,38332.81,f
164,relation/9572254-400,way/34656007-400,400,1787.476,1.488208,12.203302,0.00021507,49606.92,f
165,way/26678829-400,way/119616836-400,400,1787.476,1.149984,9.429871,0.00016619,38332.81,f
166,relation/9572254-400,way/34656007-400,400,1787.476,1.488208,12.203302,0.00021507,49606.92,f
167,way/119616836-400,way/292371992-400,400,1787.476,0.807745,6.623508,0.00011673,26924.83,f
168,way/119616836-400,way/292371992-400,400,1787.476,0.807745,6.623508,0.00011673,26924.83,f
169,way/1274396508-400,way/536905500-400,400,1787.476,0.053771,0.440921,7.77e-06,1792.36,f
170,way/23164132-400,way/23164256-400,400,1787.476,0.552175,4.527839,7.98e-05,18405.85,f
171,way/23164132-400,way/23164256-400,400,1787.476,0.552175,4.527839,7.98e-05,18405.85,f
172,GB43-400,way/23164256-400,400,1787.476,0.065952,0.540804,9.53e-06,2198.39,f
173,way/23164256-275,way/315213320-275,275,921.668,0.37079,2.456486,3.84e-05,9269.76,f
174,way/367005272-275,way/315213320-275,275,921.668,0.322148,2.134228,3.34e-05,8053.69,f
175,way/367005272-275,way/315213320-275,275,921.668,0.322148,2.134228,3.34e-05,8053.69,f
176,way/23164256-275,way/315213320-275,275,921.668,0.37079,2.456486,3.84e-05,9269.76,f
177,way/30930911-275,way/367005272-275,275,921.668,0.440987,2.921538,4.57e-05,11024.67,f
178,way/30930911-275,way/367005272-275,275,921.668,0.440987,2.921538,4.57e-05,11024.67,f
179,relation/14921826-400,relation/11051275-400,400,3574.953,1.222921,10.027954,0.00070691,81528.08,f
180,relation/14921826-275,way/91955171-275,275,921.668,3.34876,22.185538,0.00034717,83719.01,f
181,way/143221984-275,way/91955171-275,275,921.668,1.116067,7.393945,0.00011571,27901.68,f
182,relation/14921826-275,way/143221984-275,275,921.668,2.231142,14.781313,0.00023131,55778.54,f
183,way/91955171-400,relation/11543333-400,400,3574.953,0.566897,4.648555,0.0003277,37793.13,f
184,way/95749833-400,way/95895489-400,400,1787.476,0.804598,6.597703,0.00011628,26819.93,f
185,relation/7879831-400,way/553490952-400,400,1787.476,1.0398,8.526358,0.00015026,34659.99,f
186,way/553490952-400,way/95749833-400,400,1787.476,0.774815,6.353486,0.00011197,25827.18,f
187,relation/13110367-400,relation/7879831-400,400,1787.476,2.527632,20.72658,0.00036528,84254.39,f
188,way/95895489-400,way/92460913-400,400,1787.476,2.255964,18.498902,0.00032602,75198.79,f
189,relation/13110367-400,way/553490952-400,400,1787.476,3.543674,29.058125,0.00051211,118122.46,f
190,way/553490952-400,way/92460913-400,400,1787.476,3.079594,25.252675,0.00044504,102653.15,f
191,way/92460913-400,way/23059230-400,400,1787.476,2.755903,22.598404,0.00039826,91863.43,f
192,way/95279334-400,way/23059230-400,400,1787.476,3.075279,25.217285,0.00044442,102509.29,f
193,way/92460913-400,way/96107758-400,400,1787.476,2.047938,16.793092,0.00029595,68264.6,f
194,way/95279334-400,way/96107758-400,400,1787.476,2.371817,19.4489,0.00034276,79060.57,f
195,way/264275258-275,way/227767019-275,275,921.668,1.933801,12.811433,0.00020048,48345.03,f
196,way/264275258-275,way/227767019-275,275,921.668,1.933801,12.811433,0.00020048,48345.03,f
197,way/884174267-275,way/45087479-275,275,921.668,1.391564,9.219109,0.00014427,34789.09,f
198,way/884174267-275,way/45087479-275,275,921.668,1.391582,9.219231,0.00014427,34789.55,f
199,way/95749833-275,relation/12543034-275,275,921.668,0.279459,1.851415,2.9e-05,6986.47,f
200,way/95749833-275,relation/12543034-275,275,921.668,0.279459,1.851415,2.9e-05,6986.47,f
201,way/91010022-400,way/87953830-400,400,1787.476,0.855916,7.01851,0.00012369,28530.53,f
202,way/143783006-400,way/91010022-400,400,1787.476,0.28829,2.363974,4.17e-05,9609.65,f
203,way/264104518-400,way/87953830-400,400,1787.476,0.40535,3.323866,5.86e-05,13511.65,f
204,way/91010022-400,way/264104518-400,400,1787.476,0.448961,3.681479,6.49e-05,14965.36,f
205,GB75-400,way/143783006-400,400,1787.476,0.055093,0.451759,7.96e-06,1836.42,f
206,way/143783006-400,way/91010022-400,400,1787.476,0.290254,2.380082,4.2e-05,9675.13,f
207,way/23281217-400,way/87953830-400,400,1787.476,0.808512,6.629796,0.00011684,26950.39,f
208,way/23281217-400,way/87953830-400,400,1787.476,0.808512,6.629796,0.00011684,26950.39,f
209,way/23232738-275,way/23234477-275,275,921.668,0.57186,3.788573,5.93e-05,14296.5,f
210,way/23232738-275,relation/7880111-275,275,921.668,1.048057,6.943376,0.00010865,26201.42,f
211,relation/7880111-275,way/23248656-275,275,921.668,0.354618,2.349342,3.68e-05,8865.44,f
212,way/23232738-275,way/23248656-275,275,921.668,0.698183,4.625461,7.24e-05,17454.57,f
213,way/32796576-400,way/88389243-400,400,1787.476,0.533859,4.377644,7.72e-05,17795.3,f
214,way/32796576-400,way/88389243-400,400,1787.476,0.533859,4.377644,7.72e-05,17795.3,f
215,way/23232738-275,way/23234477-275,275,921.668,0.57186,3.788573,5.93e-05,14296.5,f
216,way/23234477-275,way/4746208-275,275,921.668,0.231437,1.533271,2.4e-05,5785.93,f
217,way/23234477-275,way/4746208-275,275,921.668,0.231437,1.533271,2.4e-05,5785.93,f
218,relation/7650368-400,way/4746208-400,400,1787.476,1.042678,8.549959,0.00015068,34755.93,f
219,way/4746208-400,relation/7650368-400,400,1787.476,1.042678,8.549959,0.00015068,34755.93,f
220,way/103915328-400,way/32796576-400,400,1787.476,2.456342,20.142008,0.00035497,81878.08,f
221,way/103915328-400,way/32796576-400,400,1787.476,2.456342,20.142008,0.00035497,81878.08,f
222,way/263863442-400,way/115530033-400,400,1787.476,0.15204,1.246728,2.2e-05,5068.0,f
223,way/115530033-400,way/23059230-400,400,1787.476,0.194254,1.592887,2.81e-05,6475.15,f
224,way/263863442-400,way/115530033-400,400,1787.476,0.15204,1.246728,2.2e-05,5068.0,f
225,way/115530033-400,way/23059230-400,400,1787.476,0.194254,1.592887,2.81e-05,6475.15,f
226,way/41710456-400,way/23232738-400,400,1787.476,0.613574,5.031305,8.87e-05,20452.46,f
227,way/41710456-400,way/23232738-400,400,1787.476,0.613574,5.031305,8.87e-05,20452.46,f
228,way/92340133-400,way/41710456-400,400,1787.476,1.069426,8.769295,0.00015455,35647.54,f
229,way/92340133-400,way/41710456-400,400,1787.476,1.069426,8.769295,0.00015455,35647.54,f
230,way/92529432-400,way/87207123-400,400,1787.476,1.603673,13.150119,0.00023175,53455.77,f
231,way/92419253-400,way/87207123-400,400,1787.476,0.949355,7.784712,0.00013719,31645.17,f
232,way/92529432-400,way/92419253-400,400,1787.476,1.0061,8.250021,0.00014539,33536.67,f
233,relation/7894457-400,way/92529432-400,400,1787.476,0.070662,0.579426,1.02e-05,2355.39,f
234,relation/7894457-400,way/92529432-400,400,1787.476,0.070662,0.579426,1.02e-05,2355.39,f
235,relation/13110369-400,way/190511290-400,400,1787.476,1.97326,16.180736,0.00028516,65775.35,f
236,way/91003253-400,way/88287125-400,400,1787.476,3.055156,25.052278,0.00044151,101838.53,f
237,way/91003253-400,way/88287125-400,400,1787.476,3.055156,25.052278,0.00044151,101838.53,f
238,relation/13110369-400,way/190511290-400,400,1787.476,1.97326,16.180736,0.00028516,65775.35,f
239,way/567187951-275,relation/8087295-275,275,921.668,0.420886,2.78837,4.36e-05,10522.15,f
240,way/567187951-275,relation/8087295-275,275,921.668,0.420886,2.78837,4.36e-05,10522.15,f
241,relation/8087295-275,way/495624575-275,275,921.668,0.593395,3.931243,6.15e-05,14834.88,f
242,relation/8087295-275,way/495624575-275,275,921.668,0.593395,3.931243,6.15e-05,14834.88,f
243,way/495624575-275,way/1262971878-275,275,921.668,0.425342,2.817891,4.41e-05,10633.55,f
244,way/495624575-275,way/1262971878-275,275,921.668,0.425342,2.817891,4.41e-05,10633.55,f
245,way/232319495-275,way/567187951-275,275,921.668,2.325649,15.407423,0.00024111,58141.22,f
246,way/86071326-275,way/166703759-275,275,921.668,0.725789,4.808353,7.52e-05,18144.73,f
247,way/86071326-275,way/166703759-275,275,921.668,0.725789,4.808353,7.52e-05,18144.73,f
248,way/222205173-275,way/212779654-275,275,921.668,0.646762,4.284796,6.71e-05,16169.04,f
249,way/222205173-275,way/212779654-275,275,921.668,0.646762,4.284796,6.71e-05,16169.04,f
250,way/239248206-400,way/68515955-400,400,1787.476,0.760196,6.23361,0.00010986,25339.88,f
251,way/239248206-400,way/1263095953-400,400,1787.476,0.767711,6.295233,0.00011094,25590.38,f
252,way/1263095953-400,way/68515955-400,400,1787.476,1.465699,12.018731,0.00021181,48856.63,f
253,way/1263095953-400,way/689626274-400,400,1787.476,0.65433,5.365508,9.46e-05,21811.01,f
254,way/689626274-400,way/495512692-400,400,1787.476,1.658392,13.598814,0.00023966,55279.73,f
255,way/1263095953-400,way/689626274-400,400,1787.476,0.65433,5.365508,9.46e-05,21811.01,f
256,way/689626274-400,way/422486984-400,400,1787.476,4.470248,36.65603,0.00064601,149008.25,f
257,way/495512689-400,way/422486984-400,400,1787.476,0.91433,7.497502,0.00013213,30477.65,f
258,way/495512692-400,way/495512689-400,400,1787.476,1.896438,15.550792,0.00027406,63214.6,f
259,way/111528318-275,way/118821349-275,275,921.668,4.065471,26.933744,0.00042148,101636.77,f
260,way/111528318-275,way/118821349-275,275,921.668,4.065471,26.933744,0.00042148,101636.77,f
261,way/166703766-275,way/842685465-275,275,1843.335,0.197421,1.307914,8.19e-05,9871.05,f
262,way/842685465-275,way/118821349-275,275,1843.335,0.817225,5.414113,0.0003389,40861.23,f
263,way/68515955-275,way/630939126-275,275,921.668,1.23733,8.197309,0.00012828,30933.24,f
264,way/68515955-275,way/630939126-275,275,921.668,1.23733,8.197309,0.00012828,30933.24,f
265,GB7-275,way/133323988-275,275,921.668,1.914649,12.684548,0.0001985,47866.22,f
266,way/118821349-275,way/133323988-275,275,921.668,2.031498,13.458677,0.00021061,50787.46,f
267,way/118821349-275,GB7-275,275,921.668,1.142693,7.570342,0.00011847,28567.33,f
268,way/95374266-275,way/59736773-275,275,921.668,0.483093,3.20049,5.01e-05,12077.32,f
269,way/95374266-275,way/111528318-275,275,921.668,2.422391,16.048339,0.00025114,60559.77,f
270,way/59736773-275,way/111528318-275,275,921.668,2.109634,13.976323,0.00021871,52740.84,f
271,way/307717807-275,way/307769998-275,275,1843.335,0.162221,1.074714,6.73e-05,8111.05,f
272,way/94004582-400,GB18-400,400,1787.476,0.055363,0.453978,8e-06,1845.44,f
273,way/94004582-400,GB18-400,400,1787.476,0.055363,0.453978,8e-06,1845.44,f
274,way/94004582-400,GB18-400,400,1787.476,0.054433,0.446352,7.87e-06,1814.44,f
275,GB18-400,way/94004582-400,400,1787.476,0.054433,0.446352,7.87e-06,1814.44,f
276,way/26678829-400,way/34205588-400,400,1787.476,1.089718,8.935687,0.00015748,36323.93,f
277,way/166703759-275,way/109073025-275,275,921.668,0.162982,1.079758,1.69e-05,4074.56,f
278,way/166703759-275,way/109073025-275,275,921.668,0.162982,1.079758,1.69e-05,4074.56,f
279,way/45087479-275,way/103915328-275,275,921.668,1.349622,8.941243,0.00013992,33740.54,f
280,way/45087479-275,way/103915328-275,275,921.668,1.348909,8.936521,0.00013984,33722.72,f
281,way/308802191-275,way/308653819-275,275,921.668,0.218625,1.448392,2.27e-05,5465.63,f
282,way/308653819-275,relation/7894974-275,275,921.668,0.231509,1.533748,2.4e-05,5787.73,f
283,way/166703758-275,relation/7894974-275,275,921.668,0.609034,4.034848,6.31e-05,15225.84,f
284,way/143398451-275,way/166703758-275,275,921.668,0.807164,5.347464,8.37e-05,20179.11,f
285,way/143398451-275,way/308653819-275,275,921.668,1.178188,7.805496,0.00012215,29454.7,f
286,way/25422135-400,way/32227788-400,400,1787.476,1.855766,15.217282,0.00026818,61858.87,f
287,way/25422135-400,way/32227788-400,400,1787.476,1.855766,15.217282,0.00026818,61858.87,f
288,way/25422135-400,way/576238223-400,400,1787.476,1.265114,10.373936,0.00018283,42170.47,f
289,way/25422135-400,way/576238223-400,400,1787.476,1.265114,10.373936,0.00018283,42170.47,f
290,way/25422135-400,way/576238223-400,400,1787.476,1.264952,10.37261,0.0001828,42165.08,f
291,way/25422135-400,way/576238223-400,400,1787.476,1.264952,10.37261,0.0001828,42165.08,f
292,way/100773252-400,GB69-400,400,3574.953,0.041817,0.342897,2.42e-05,2787.78,f
293,way/23229136-275,way/94530230-275,275,1843.335,0.276347,1.830799,0.0001146,13817.35,f
294,way/23229136-275,way/22975329-275,275,1843.335,0.662895,4.391679,0.0002749,33144.75,f
295,way/635226843-400,way/635829123-400,400,1787.476,0.114337,0.937565,1.65e-05,3811.24,f
296,way/635829123-400,GB52-400,400,3574.953,0.351651,2.883542,0.00020327,23443.43,f
297,way/101365758-275,way/84803250-275,275,1843.335,0.242745,1.608183,0.00010066,12137.23,f
298,GB41-275,way/116539370-275,275,921.668,0.084912,0.562539,8.8e-06,2122.79,f
299,way/23059268-275,way/116539370-275,275,921.668,0.216551,1.434652,2.25e-05,5413.78,f
300,way/24165071-400,relation/7650368-400,400,3574.953,0.270921,2.221555,0.00015661,18061.42,f
301,way/264371625-275,way/102549055-275,275,1843.335,0.219094,1.451498,9.09e-05,10954.7,f
302,way/23228362-400,way/102549055-400,400,3574.953,0.138055,1.132049,7.98e-05,9203.65,f
303,way/103150854-400,GB73-400,400,3574.953,0.033562,0.27521,1.94e-05,2237.48,f
304,GB81-400,way/103915328-400,400,3574.953,1.097394,8.998632,0.00063435,73159.61,f
305,way/23059268-275,GB41-275,275,921.668,0.092727,0.614318,9.61e-06,2318.18,f
306,way/23059268-275,way/796648851-275,275,921.668,0.15333,1.015814,1.59e-05,3833.26,f
307,relation/7872518-400,GB63-400,400,3574.953,0.337934,2.771062,0.00019534,22528.96,f
308,GB23-275,way/90547674-275,275,1843.335,0.272636,1.806211,0.00011306,13631.78,f
309,way/895564309-400,way/190511290-400,400,1787.476,0.048852,0.400586,7.06e-06,1628.4,f
310,way/94530230-400,way/494951597-400,400,3574.953,0.197468,1.619237,0.00011415,13164.53,f
311,way/1078532568-400,way/190511290-400,400,1787.476,0.069877,0.572988,1.01e-05,2329.22,f
312,way/264102298-275,GB82-275,275,921.668,0.048616,0.322084,5.04e-06,1215.41,f
313,way/264102298-275,GB82-275,275,921.668,0.050026,0.331422,5.19e-06,1250.65,f
314,way/29111844-400,way/925179651-400,400,3574.953,0.3085,2.529697,0.00017833,20566.64,f
315,way/925179651-400,relation/7872518-400,400,3574.953,0.188943,1.549329,0.00010922,12596.17,f
316,GB81-400,way/1049638569-400,400,3574.953,0.195908,1.606448,0.00011325,13060.55,f
317,way/1049638569-400,way/1087785232-400,400,3574.953,0.126242,1.035184,7.3e-05,8416.13,f
318,way/159038999-400,way/1097582201-400,400,3574.953,0.027832,0.228224,1.61e-05,1855.48,f
319,way/796648851-275,way/123866712-275,275,921.668,0.092065,0.609929,9.54e-06,2301.62,f
320,way/1120475588-275,way/447297184-275,275,921.668,0.539464,3.573946,5.59e-05,13486.59,f
321,way/23299362-275,way/23299657-275,275,921.668,0.400322,2.652133,4.15e-05,10008.05,f
322,way/23299362-400,way/23299657-400,400,1787.476,0.33893,2.779229,4.9e-05,11297.68,f
323,way/23299362-275,GB76-275,275,921.668,0.131921,0.873978,1.37e-05,3298.03,f
324,way/32604320-275,GB74-275,275,1843.335,0.029084,0.19268,1.21e-05,1454.19,f
325,way/211549457-275,way/160616357-275,275,1843.335,0.179985,1.192399,7.46e-05,8999.24,f
326,way/820237569-400,way/1190395478-400,400,3574.953,0.256956,2.10704,0.00014853,17130.41,f
327,GB65-400,way/103915328-400,400,3574.953,0.691689,5.671847,0.00039983,46112.58,f
328,way/76468460-275,way/27332350-275,275,1843.335,0.846377,5.607245,0.00035098,42318.83,f
329,way/119315534-275,way/119315549-275,275,1843.335,0.170476,1.129402,7.07e-05,8523.79,f
330,way/119315557-275,way/119315549-275,275,1843.335,0.085211,0.564522,3.53e-05,4260.54,f
331,relation/12543034-275,way/84803250-275,275,1843.335,0.543453,3.600376,0.00022536,27172.65,f
332,GB55-275,way/92221420-275,275,1843.335,0.071016,0.470481,2.95e-05,3550.8,f
333,GB20-400,relation/11051275-400,400,3574.953,0.517878,4.246603,0.00029936,34525.23,f
334,way/93878867-275,GB40-275,275,1843.335,0.042094,0.278871,1.75e-05,2104.69,f
335,way/1185489725-220,GB6-220,220,983.112,0.821821,4.1228,0.00021515,27394.02,f
336,GB6-220,GB5-220,220,491.556,2.648522,13.286754,0.00017335,44142.04,f
337,way/1185489725-400,way/166703766-400,400,3574.953,0.043249,0.354643,2.5e-05,2883.28,f
338,way/142741752-400,GB54-400,400,3574.953,0.095671,0.7845,5.53e-05,6378.05,f
339,relation/7886014-400,way/127184694-400,400,3574.953,0.22957,1.882473,0.0001327,15304.66,f
340,way/166703766-275,way/115277975-275,275,1843.335,0.045616,0.302207,1.89e-05,2280.81,f
341,way/308724683-275,way/308724719-275,275,1843.335,0.058132,0.385126,2.41e-05,2906.61,f
342,GB66-275,GB68-275,275,1843.335,0.104216,0.690428,4.32e-05,5210.78,f
343,way/23299657-400,GB79-400,400,3574.953,0.043839,0.359483,2.53e-05,2922.63,f
344,GB78-400,GB79-400,400,1787.476,0.032111,0.263309,4.64e-06,1070.36,f
345,GB78-400,GB79-400,400,1787.476,0.032122,0.263397,4.64e-06,1070.72,f
346,way/25492769-275,relation/10925187-275,275,921.668,0.333803,2.211444,3.46e-05,8345.07,f
347,way/23299362-275,way/1120475588-275,275,1843.335,0.174438,1.155654,7.23e-05,8721.92,f
348,way/33917128-275,way/635836276-275,275,1843.335,0.39348,2.606808,0.00016317,19674.02,f
349,relation/7894975-400,GB20-400,400,3574.953,0.478125,3.920627,0.00027638,31875.02,f
350,relation/7894975-400,GB22-400,400,3574.953,0.298861,2.450661,0.00017276,19924.07,f
351,relation/7894975-400,GB27-400,400,3574.953,0.320878,2.6312,0.00018548,21391.87,f
352,GB27-400,relation/7894483-400,400,3574.953,0.242317,1.986996,0.00014007,16154.44,f
353,way/142841192-275,GB26-275,275,1843.335,0.235249,1.558526,9.76e-05,11762.46,f
354,way/98899051-400,GB48-400,400,1787.476,0.180793,1.482499,2.61e-05,6026.42,f
355,GB48-400,GB49-400,400,3574.953,0.069875,0.572975,4.04e-05,4658.33,f
356,way/89573357-275,way/1214332448-275,275,1843.335,0.145293,0.962566,6.03e-05,7264.65,f
357,way/20851038-400,way/4715504-400,400,3574.953,0.224977,1.844809,0.00013005,14998.45,f
358,way/143110887-275,way/100077745-275,275,1843.335,0.269043,1.782413,0.00011157,13452.17,f
359,way/676646876-400,relation/10377509-400,400,3574.953,0.626986,5.141283,0.00036243,41799.05,f
360,relation/10377509-400,relation/14921826-400,400,3574.953,0.183863,1.507679,0.00010628,12257.55,f
361,way/143383456-400,way/284874050-400,400,3574.953,0.401483,3.29216,0.00023208,26765.53,f
362,relation/7894974-400,way/143383456-400,400,3574.953,0.327396,2.684645,0.00018925,21826.38,f
363,way/212779654-400,relation/7894974-400,400,3574.953,0.174073,1.427397,0.00010062,11604.85,f
364,relation/7896785-275,way/49499923-275,275,1843.335,0.204435,1.354385,8.48e-05,10221.77,f
365,way/91010711-400,way/814351697-400,400,3574.953,0.2669,2.188577,0.00015428,17793.31,f
366,way/88389243-400,way/20851038-400,400,3574.953,0.61919,5.077358,0.00035792,41279.33,f
367,way/102198808-400,way/97551523-400,400,3574.953,0.516026,4.231413,0.00029829,34401.73,f
368,way/1274396508-400,way/280317944-400,400,3574.953,0.441196,3.617805,0.00025503,29413.05,f
369,way/280317944-400,way/98899051-400,400,3574.953,0.751132,6.15928,0.00043419,50075.45,f
370,GB50-400,way/1274396508-400,400,3574.953,0.217541,1.783835,0.00012575,14502.72,f
371,way/23132983-275,way/371757485-275,275,1843.335,0.117191,0.776389,4.86e-05,5859.54,f
372,way/16582436-400,way/1275300370-400,400,3574.953,0.129013,1.057905,7.46e-05,8600.85,f
373,way/148382435-275,way/260300448-275,275,921.668,0.647167,4.28748,6.71e-05,16179.17,f
374,way/203880168-275,way/25784732-275,275,1843.335,0.092512,0.612892,3.84e-05,4625.6,f
375,way/31545125-275,way/94543520-275,275,1843.335,0.112818,0.747417,4.68e-05,5640.88,f
376,way/163036722-275,way/135693940-275,275,1843.335,0.230046,1.524057,9.54e-05,11502.32,f
377,way/90099036-400,way/23988786-400,400,3574.953,0.600329,4.922697,0.00034702,40021.93,f
378,way/90099036-400,way/49922626-400,400,3574.953,0.811306,6.652712,0.00046898,54087.09,f
379,way/159736514-275,way/92331023-275,275,1843.335,0.449539,2.978195,0.00018642,22476.94,f
380,way/16582436-400,way/91010022-400,400,3574.953,0.553243,4.536589,0.0003198,36882.84,f
381,way/701436399-400,way/257311344-400,400,3574.953,0.045465,0.372815,2.63e-05,3031.02,f
382,GB32-400,relation/7881280-400,400,3574.953,0.543239,4.454558,0.00031402,36215.92,f
383,way/33917128-400,GB30-400,400,3574.953,0.482621,3.957493,0.00027898,32174.74,f
384,GB35-400,GB32-400,400,3574.953,0.096056,0.787658,5.55e-05,6403.72,f
385,way/95338682-400,GB50-400,400,3574.953,0.184128,1.509851,0.00010644,12275.21,f
386,way/785730495-400,GB31-400,400,3574.953,0.111291,0.912584,6.43e-05,7419.38,f
387,GB34-400,way/313495269-400,400,3574.953,0.235336,1.929756,0.00013604,15689.07,f
388,GB31-400,relation/7881280-400,400,3574.953,0.323482,2.652556,0.00018699,21565.5,f
389,way/147475796-275,way/159736514-275,275,1843.335,0.058653,0.388573,2.43e-05,2932.63,f
390,way/90547685-275,GB37-275,275,1843.335,0.094569,0.626518,3.92e-05,4728.44,f
391,way/160616357-275,GB37-275,275,1843.335,0.149512,0.990518,6.2e-05,7475.61,f
392,GB37-275,way/143905069-275,275,921.668,1.874263,12.416991,0.00019431,46856.57,f
393,GB36-400,GB33-400,400,3574.953,0.437007,3.583454,0.00025261,29133.77,f
394,way/115887437-275,way/159736514-275,275,1843.335,0.065739,0.435521,2.73e-05,3286.95,f
395,way/81098733-275,way/30930911-275,275,1843.335,0.220935,1.463692,9.16e-05,11046.73,f
396,GB13-400,way/102198808-400,400,3574.953,0.823618,6.753666,0.00047609,54907.85,f
397,way/96905262-275,way/65482882-275,275,1843.335,0.193223,1.280101,8.01e-05,9661.14,f
398,way/96905262-400,way/27163121-400,400,3574.953,0.132208,1.084104,7.64e-05,8813.85,f
399,way/96905262-400,way/262532045-400,400,3574.953,0.465085,3.813694,0.00026884,31005.64,f
400,way/96630594-275,way/310502642-275,275,1843.335,0.334962,2.219125,0.00013891,16748.11,f
401,GB15-275,relation/7894974-275,275,1843.335,0.101288,0.671032,4.2e-05,5064.39,f
402,way/820237569-400,way/118821349-400,400,3574.953,0.355501,2.91511,0.0002055,23700.08,f
403,way/820229174-275,way/778717371-275,275,1843.335,0.855723,5.669166,0.00035486,42786.16,f
404,way/778717371-275,way/306451400-275,275,1843.335,0.265564,1.759363,0.00011013,13278.21,f
405,relation/11543333-400,way/43472283-400,400,3574.953,0.313413,2.569983,0.00018117,20894.17,f
406,GB40-275,way/92419253-275,275,921.668,0.709554,4.700798,7.36e-05,17738.86,f
407,way/97256377-275,way/135693940-275,275,1843.335,0.293733,1.945984,0.00012181,14686.67,f
408,way/4746208-275,way/22975329-275,275,1843.335,0.526946,3.491017,0.00021852,26347.3,f
409,way/123037622-275,way/101365758-275,275,1843.335,0.452878,3.000315,0.0001878,22643.89,f
410,way/90547674-275,way/193617444-275,275,1843.335,0.090047,0.596561,3.73e-05,4502.35,f
411,way/310502642-275,way/91955171-275,275,1843.335,0.536207,3.55237,0.00022236,26810.34,f
412,way/24165071-400,way/77065229-400,400,3574.953,0.40387,3.311731,0.00023346,26924.64,f
413,way/28691559-400,way/91082448-400,400,3574.953,0.77592,6.362545,0.00044852,51728.01,f
414,way/23988786-400,way/20851038-400,400,3574.953,0.550168,4.511376,0.00031803,36677.85,f
415,way/209404646-400,way/142397822-400,400,3574.953,0.083806,0.687206,4.84e-05,5587.04,f
416,way/183904046-275,way/200635683-275,275,1843.335,0.165958,1.099469,6.88e-05,8297.88,f
417,way/785730495-275,way/211549457-275,275,1843.335,0.498686,3.303796,0.0002068,24934.31,f
418,GB52-400,way/376450057-400,400,3574.953,0.088353,0.724492,5.11e-05,5890.18,f
419,way/222987687-275,GB66-275,275,1843.335,0.124012,0.82158,5.14e-05,6200.6,f
420,way/49601061-400,way/93299730-400,400,1787.476,0.080098,0.6568,1.16e-05,2669.92,f
421,way/227589012-400,way/371757485-400,400,1787.476,0.195722,1.604916,2.83e-05,6524.05,f
422,way/93299730-400,GB72-400,400,3574.953,0.082325,0.675065,4.76e-05,5488.33,f
423,GB72-400,way/1120475588-400,400,3574.953,0.101002,0.828219,5.84e-05,6733.49,f
424,way/93299730-400,way/31015820-400,400,1787.476,0.12826,1.051729,1.85e-05,4275.32,f
425,way/227495569-275,way/109730296-275,275,1843.335,0.039388,0.260946,1.63e-05,1969.4,f
426,way/142397822-400,way/109730296-400,400,3574.953,0.084087,0.689511,4.86e-05,5605.78,f
427,way/636630371-400,way/4715504-400,400,3574.953,0.114406,0.938132,6.61e-05,7627.09,f
428,way/310502642-400,GB16-400,400,3574.953,0.404017,3.312937,0.00023354,26934.45,f
429,way/184584639-275,way/183904046-275,275,1843.335,0.089893,0.595538,3.73e-05,4494.63,f
430,way/96630594-275,way/184584639-275,275,1843.335,0.137584,0.911497,5.71e-05,6879.22,f
431,relation/9598269-275,GB40-275,275,921.668,0.530988,3.517798,5.51e-05,13274.71,f
432,way/87464485-400,way/22975329-400,400,3574.953,0.0828,0.678961,4.79e-05,5520.01,f
433,way/22975329-275,way/23228569-275,275,1843.335,0.123393,0.817479,5.12e-05,6169.65,f
434,way/23228569-275,way/22975329-275,275,1843.335,0.124398,0.824138,5.16e-05,6219.91,f
435,relation/9409219-400,GB83-400,400,3574.953,0.242133,1.985487,0.00013997,16142.17,f
436,GB83-400,way/23988786-400,400,3574.953,0.06632,0.543821,3.83e-05,4421.31,f
437,way/103150854-400,way/494951597-400,400,3574.953,0.035741,0.293077,2.07e-05,2382.74,f
438,way/23132983-275,way/23228569-275,275,1843.335,0.150505,0.997098,6.24e-05,7525.27,f
439,way/23132983-275,way/23228569-275,275,1843.335,0.153305,1.015646,6.36e-05,7665.25,f
440,way/23299362-275,way/23390317-275,275,1843.335,0.360416,2.387755,0.00014946,18020.79,f
441,relation/7880111-400,way/32796576-400,400,3574.953,0.748187,6.135135,0.00043249,49879.15,f
442,way/87207123-400,way/87204522-400,400,3574.953,0.677937,5.559082,0.00039188,45195.79,f
443,way/92458761-400,GB57-400,400,1787.476,0.212258,1.740519,3.07e-05,7075.28,f
444,GB53-400,GB51-400,400,3574.953,0.115298,0.945441,6.67e-05,7686.51,f
445,way/87204522-400,GB56-400,400,3574.953,0.295953,2.426811,0.00017108,19730.17,f
446,way/92260633-275,GB58-275,275,1843.335,0.159421,1.056161,6.61e-05,7971.03,f
447,GB26-275,way/164380199-275,275,1843.335,0.094895,0.628682,3.94e-05,4744.77,f
448,way/164380199-275,GB28-275,275,1843.335,0.047058,0.311757,1.95e-05,2352.88,f
449,way/103150854-400,way/102549055-400,400,3574.953,0.241205,1.977884,0.00013943,16080.36,f
450,way/494951597-400,way/102549055-400,400,3574.953,0.210255,1.724093,0.00012154,14017.02,f
451,way/90547674-275,way/193617444-275,275,1843.335,0.090575,0.600057,3.76e-05,4528.73,f
452,way/90547674-400,way/313495269-400,400,3574.953,0.157955,1.295231,9.13e-05,10530.33,f
453,way/313495269-400,way/160580052-400,400,3574.953,0.169458,1.389553,9.8e-05,11297.18,f
454,way/160580052-400,way/25629803-400,400,3574.953,0.342223,2.806231,0.00019782,22814.89,f
455,way/25629803-400,way/33917128-400,400,3574.953,0.444907,3.64824,0.00025718,29660.49,f
456,way/77065229-400,GB63-400,400,3574.953,0.65275,5.35255,0.00037732,43516.67,f
457,way/98788846-275,GB68-275,275,1843.335,0.130234,0.862802,5.4e-05,6511.71,f
458,way/701436399-400,GB32-400,400,3574.953,0.070564,0.578622,4.08e-05,4704.24,f
459,way/160279525-400,GB35-400,400,3574.953,0.100486,0.823984,5.81e-05,6699.06,f
460,GB35-400,way/313180501-400,400,3574.953,0.08924,0.73177,5.16e-05,5949.35,f
461,GB25-400,relation/7894483-400,400,3574.953,0.719769,5.902102,0.00041606,47984.57,f
462,way/25629803-400,way/90125443-400,400,3574.953,0.253792,2.081094,0.00014671,16919.46,f
463,way/260300448-275,way/143105488-275,275,921.668,1.925468,12.756228,0.00019962,48136.71,f
464,way/422486984-275,relation/2452471-275,275,1843.335,0.080614,0.534066,3.34e-05,4030.69,f
465,way/29111844-400,GB69-400,400,3574.953,0.16345,1.340292,9.45e-05,10896.68,f
466,GB69-400,way/94530230-400,400,3574.953,0.148262,1.215744,8.57e-05,9884.1,f
467,GB63-400,way/25422135-400,400,3574.953,0.385708,3.162808,0.00022296,25713.89,f
468,GB52-400,way/190511290-400,400,3574.953,0.217539,1.78382,0.00012575,14502.6,f
469,way/27332350-275,way/27163121-275,275,1843.335,0.189857,1.257803,7.87e-05,9492.85,f
470,way/27163121-400,way/212779654-400,400,3574.953,0.797871,6.54254,0.00046121,53191.38,f
471,way/26938722-400,way/677845115-400,400,3574.953,0.381459,3.127963,0.0002205,25430.59,f
472,way/26938722-400,way/26678829-400,400,3574.953,0.731508,5.998367,0.00042285,48767.21,f
473,way/160580052-400,GB31-400,400,3574.953,0.204514,1.677013,0.00011822,13634.25,f
474,way/96905262-275,way/27163121-275,275,1843.335,0.177022,1.172771,7.34e-05,8851.1,f
475,relation/7880111-275,way/23390317-275,275,1843.335,0.297908,1.973643,0.00012354,14895.42,f
476,GB74-400,way/1275300370-400,400,1787.476,0.179299,1.470251,2.59e-05,5976.63,f
477,GB74-275,way/1275300370-275,275,921.668,0.239732,1.588222,2.49e-05,5993.29,f
478,way/264102298-400,way/28691559-400,400,3574.953,0.663013,5.436709,0.00038326,44200.89,f
479,way/280317944-220,way/433545528-220,220,491.556,0.669798,3.360153,4.38e-05,11163.3,f
480,way/100009331-400,way/119616836-400,400,3574.953,1.098796,9.010126,0.00063516,73253.06,f
481,relation/13186702-275,way/884174267-275,275,1843.335,0.124652,0.825821,5.17e-05,6232.61,f
482,way/884174267-400,way/42800878-400,400,3574.953,0.150772,1.23633,8.72e-05,10051.46,f
483,way/142845284-400,way/89573358-400,400,1787.476,0.165999,1.361194,2.4e-05,5533.31,f
484,GB47-400,way/98899051-400,400,3574.953,0.069152,0.567045,4e-05,4610.12,f
485,way/42800878-400,way/95749833-400,400,3574.953,0.377853,3.098392,0.00021842,25190.18,f
486,GB29-275,relation/9598269-275,275,1843.335,0.381046,2.524431,0.00015802,19052.31,f
487,way/306451400-275,way/166703766-275,275,1843.335,0.654474,4.335893,0.0002714,32723.72,f
488,way/262523325-400,way/97551523-400,400,3574.953,0.144424,1.184275,8.35e-05,9628.25,f
489,way/262532045-400,way/262523325-400,400,3574.953,0.206129,1.690257,0.00011915,13741.93,f
490,relation/9409219-400,way/636630371-400,400,3574.953,0.051747,0.424324,2.99e-05,3449.79,f
491,GB22-400,way/310495264-400,400,3574.953,0.060834,0.498838,3.52e-05,4055.59,f
492,GB16-400,way/91955171-400,400,3574.953,0.110164,0.903344,6.37e-05,7344.26,f
493,way/200635683-275,way/200511209-275,275,1843.335,0.192049,1.272323,7.96e-05,9602.44,f
494,GB17-275,way/200511209-275,275,1843.335,0.135526,0.89786,5.62e-05,6776.3,f
495,way/1297690788-275,GB17-275,275,1843.335,0.21281,1.409865,8.83e-05,10640.49,f
496,GB30-400,relation/7881280-400,400,3574.953,0.084611,0.693811,4.89e-05,5640.74,f
497,GB29-275,GB28-275,275,921.668,0.728854,4.828658,7.56e-05,18221.35,f
498,way/89453364-400,relation/7650368-400,400,3574.953,0.201062,1.648706,0.00011622,13404.11,f
499,way/32342648-275,way/96905262-275,275,1843.335,0.158817,1.052163,6.59e-05,7940.85,f
500,relation/9572254-400,way/100009331-400,400,3574.953,1.460017,11.97214,0.00084397,97334.47,f
501,way/103829261-400,way/814351697-400,400,3574.953,0.224062,1.837309,0.00012952,14937.47,f
502,way/635829123-400,way/32227788-400,400,3574.953,1.188308,9.744122,0.0006869,79220.5,f
503,way/97551523-400,way/111550033-400,400,3574.953,0.02995,0.245589,1.73e-05,1996.66,f
504,way/97551523-400,way/111550033-400,400,3574.953,0.029857,0.244827,1.73e-05,1990.46,f
505,way/25935453-400,way/77065229-400,400,3574.953,0.646496,5.301266,0.00037371,43099.72,f
506,way/92340133-400,way/89453364-400,400,3574.953,0.241746,1.982315,0.00013974,16116.38,f
507,GB68-275,relation/13186702-275,275,1843.335,0.166011,1.09982,6.88e-05,8300.53,f
508,way/884174267-275,relation/13186702-275,275,1843.335,0.118326,0.783907,4.91e-05,5916.28,f
509,way/422486984-275,way/166703759-275,275,1843.335,0.640218,4.241443,0.00026549,32010.89,f
510,way/23299362-400,way/23299657-400,400,3574.953,0.149318,1.22441,8.63e-05,9954.55,f
511,way/1275300370-400,way/103150854-400,400,3574.953,0.06261,0.513406,3.62e-05,4174.03,f
512,way/31015820-400,way/447301159-400,400,3574.953,0.096015,0.787325,5.55e-05,6401.02,f
513,way/371757485-400,way/23228362-400,400,1787.476,0.17784,1.458288,2.57e-05,5928.0,f
514,way/88287125-400,relation/7650368-400,400,3574.953,0.60281,4.94304,0.00034846,40187.32,f
515,way/87204522-400,GB53-400,400,3574.953,0.193106,1.583471,0.00011163,12873.75,f
516,GB60-275,way/28194931-275,275,1843.335,0.241837,1.602173,0.00010029,12091.87,f
517,way/16582436-400,GB78-400,400,3574.953,0.35869,2.941255,0.00020734,23912.64,f
518,GB42-275,way/159736514-275,275,1843.335,0.265522,1.759085,0.00011011,13276.11,f
519,way/433545528-220,way/635713005-220,220,491.556,1.292195,6.482511,8.46e-05,21536.58,f
520,GB27-400,way/97256377-400,400,3574.953,0.332287,2.724751,0.00019208,22152.45,f
521,way/23059268-275,way/796648851-275,275,921.668,0.156472,1.036627,1.62e-05,3911.8,f
522,way/92260633-275,way/55284068-275,275,1843.335,0.373432,2.473986,0.00015486,18671.59,f
523,way/91003253-400,way/472164401-400,400,3574.953,0.287334,2.356141,0.00016609,19155.62,f
524,way/87953830-400,relation/10695345-400,400,3574.953,0.313858,2.573636,0.00018143,20923.87,f
525,way/68515955-275,way/820229174-275,275,1843.335,0.351583,2.329235,0.0001458,17579.13,f
526,way/111528318-275,way/1252341626-275,275,1843.335,0.334902,2.218728,0.00013888,16745.12,f
527,GB9-275,way/95374266-275,275,1843.335,0.058261,0.385976,2.42e-05,2913.03,f
528,way/1274396508-400,way/375626500-400,400,3574.953,0.046821,0.383931,2.71e-05,3121.39,f
529,way/307769998-275,way/1307462736-275,275,1843.335,0.429973,2.848568,0.00017831,21498.63,f
530,relation/7879831-400,relation/13110367-400,400,3574.953,1.272022,10.43058,0.0007353,84801.46,f
531,way/94004582-400,GB20-400,400,3574.953,0.138845,1.138531,8.03e-05,9256.35,f
532,way/284874050-400,way/676646876-400,400,3574.953,0.351586,2.883009,0.00020324,23439.1,f
533,way/677845115-400,way/34656007-400,400,3574.953,0.315592,2.587856,0.00018243,21039.48,f
534,way/123129049-275,way/40685663-275,275,921.668,0.084522,0.559956,8.76e-06,2113.04,f
535,GB11-275,way/27163121-275,275,921.668,0.174816,1.158156,1.81e-05,4370.4,f
536,way/166703766-400,way/820237569-400,400,3574.953,0.514229,4.216676,0.00029725,34281.92,f
537,way/1190395478-400,way/133323988-400,400,3574.953,0.455634,3.736198,0.00026338,30375.59,f
538,way/689624522-275,way/820229174-275,275,1843.335,0.294959,1.954106,0.00012232,14747.97,f
539,way/127045977-275,way/689624522-275,275,1843.335,0.172829,1.144993,7.17e-05,8641.46,f
540,way/730870685-275,way/89836009-275,275,1843.335,0.085897,0.569066,3.56e-05,4294.84,f
541,way/1252341626-275,way/241491759-275,275,1843.335,1.348328,8.932676,0.00055914,67416.42,f
542,way/308724719-275,way/222205173-275,275,1843.335,0.063176,0.418544,2.62e-05,3158.82,f
543,way/86071326-275,way/162124572-275,275,1843.335,0.049998,0.331237,2.07e-05,2499.9,f
544,way/100077745-400,relation/7894974-400,400,3574.953,0.525486,4.308986,0.00030376,35032.41,f
545,way/166703764-275,GB15-275,275,1843.335,0.104339,0.691247,4.33e-05,5216.96,f
546,way/119315549-275,GB15-275,275,1843.335,0.114236,0.756816,4.74e-05,5711.82,f
547,way/143110887-275,way/143105488-275,275,1843.335,0.027295,0.180831,1.13e-05,1364.76,f
548,way/100077745-275,way/143388743-275,275,1843.335,0.077287,0.512029,3.21e-05,3864.37,f
549,way/125860302-275,way/143110887-275,275,1843.335,0.187612,1.242928,7.78e-05,9380.59,f
550,way/65482882-400,GB13-400,400,3574.953,0.163456,1.340341,9.45e-05,10897.08,f
551,GB9-275,way/89699558-275,275,1843.335,0.102072,0.676226,4.23e-05,5103.59,f
552,GB1-220,GB3-220,220,491.556,0.072934,0.365884,4.77e-06,1215.56,f
553,GB2-220,GB3-220,220,491.556,0.076789,0.385223,5.03e-06,1279.81,f
554,way/71118225-400,relation/13110368-400,400,3574.953,0.329499,2.701891,0.00019047,21966.59,f
555,relation/13110368-400,way/90534270-400,400,3574.953,0.558817,4.582299,0.00032303,37254.46,f
556,way/71118225-400,GB53-400,400,3574.953,0.063765,0.522872,3.69e-05,4250.99,f
557,way/32604320-400,GB74-400,400,3574.953,0.042346,0.347236,2.45e-05,2823.06,f
558,way/94530230-400,way/103829261-400,400,3574.953,0.035246,0.289016,2.04e-05,2349.72,f
559,way/1120475588-275,way/447297184-275,275,921.668,0.52552,3.481573,5.45e-05,13138.01,f
560,way/23281217-400,way/775577829-400,400,1787.476,0.395727,3.244959,5.72e-05,13190.89,f
561,way/116539370-275,way/101312018-275,275,1843.335,0.051598,0.341837,2.14e-05,2579.9,f
562,GB33-400,GB34-400,400,3574.953,0.032029,0.262641,1.85e-05,2135.29,f
563,way/81098733-275,relation/7894975-275,275,1843.335,0.472053,3.127348,0.00019576,23602.63,f
564,way/820229174-275,way/762272690-275,275,1843.335,0.375129,2.485232,0.00015556,18756.47,f
565,way/292471784-400,GB65-400,400,3574.953,0.114498,0.938881,6.62e-05,7633.18,f
566,way/1153252242-275,way/30930911-275,275,921.668,0.406001,2.689755,4.21e-05,10150.02,f
567,way/1153252242-275,way/30930911-275,275,921.668,0.357532,2.368652,3.71e-05,8938.31,f
568,way/25935453-400,way/635829123-400,400,3574.953,0.77149,6.326215,0.00044596,51432.64,f
569,way/77065229-400,way/87464485-400,400,3574.953,0.349862,2.868869,0.00020224,23324.14,f
570,way/89038614-400,way/24165071-400,400,3574.953,0.532184,4.363912,0.00030763,35478.96,f
571,way/143905069-400,way/314338790-400,400,3574.953,0.122877,1.007591,7.1e-05,8191.8,f
572,way/895564309-400,way/190511290-400,400,1787.476,0.049055,0.402252,7.09e-06,1635.17,f
573,way/1097582201-400,GB36-400,400,3574.953,0.141372,1.159248,8.17e-05,9424.78,f
574,GB11-275,GB12-275,275,921.668,0.09687,0.641761,1e-05,2421.74,f
575,GB36-400,way/90539508-400,400,3574.953,0.018531,0.151954,1.07e-05,1235.4,f
576,way/785730495-400,GB34-400,400,3574.953,0.182175,1.493834,0.00010531,12144.99,f
577,way/159736514-400,way/785730495-400,400,3574.953,0.547716,4.491275,0.00031661,36514.43,f
578,way/40685663-275,GB11-275,275,1843.335,0.034721,0.230024,1.44e-05,1736.03,f
579,way/264102298-400,way/23281217-400,400,3574.953,0.387081,3.174067,0.00022375,25805.42,f
580,way/20851038-400,way/91082448-400,400,3574.953,0.973329,7.981299,0.00056264,64888.61,f
581,GB39-400,relation/7881280-400,400,3574.953,0.315836,2.589854,0.00018257,21055.72,f
582,way/814351697-400,way/143783006-400,400,3574.953,0.175083,1.435679,0.00010121,11672.19,f
583,way/92529432-400,relation/7894457-400,400,3574.953,0.036512,0.299399,2.11e-05,2434.14,f
584,way/94004582-400,GB22-400,400,3574.953,0.387341,3.176193,0.0002239,25822.71,f
585,GB50-400,way/89573357-400,400,3574.953,0.965651,7.918341,0.0005582,64376.76,f
586,relation/13110369-400,way/314338790-400,400,3574.953,0.103282,0.846912,5.97e-05,6885.46,f
587,relation/7879831-400,way/95749833-400,400,3574.953,0.929985,7.625876,0.00053758,61998.99,f
588,way/96067520-275,GB59-275,275,1843.335,0.214388,1.420323,8.89e-05,10719.42,f
589,GB61-275,way/96067520-275,275,1843.335,0.173507,1.149483,7.2e-05,8675.34,f
590,way/292371992-400,GB81-400,400,3574.953,0.203457,1.668347,0.00011761,13563.8,f
