UnitID,name,type,Bus name,x,y,capacity
1,IBG-EGEN1,interconnector,4969,0.6530000000000001,51.46000000000001,0.0
2,IBG-ENGI1,interconnector,4969,0.6530000000000001,51.46000000000001,0.0
3,IBG-RSQ1,interconnector,4969,0.6530000000000001,51.46000000000001,0.0
4,IVD-VKL1,interconnector,7909,-0.221,52.931,0.0
5,IVG-VKL1,interconnector,7909,-0.221,52.931,0.0
6,BFSE01,battery,6051,-1.22,52.585,50.0
7,AG-HLIM01,battery,5249,-1.494,51.598,0.0
8,AG-HLIM02,battery,5252,-1.194,50.852,60.0
9,AG-HLIM03,battery,5226,-1.99,51.616,60.0
10,AG-HLIM04,battery,5249,-1.494,51.598,100.0
11,BRGDG-1,fossil,6038,-0.508006,53.540993,100.0
12,AG-MFLX02,battery,6029,-1.247,53.398,50.0
13,AG-NHAV02,fossil,5913,-3.781,55.803,50.0
14,CMSTW-1,onwind,6443,-3.270129,58.406935,0.0
15,ROTHW-1,onwind,6448,-3.36,57.53,50.0
16,PAUHW-1,onwind,6448,-3.458196,57.451933,0.0
17,AG-PFLX01,battery,8020,-3.423,56.412,65.0
18,NSC-ATL01,hydro,6438,-4.491,57.468,49.9
19,LCSMH-1,cascade,6453,-5.073,56.829,0.0
20,KNLCV-1,hydro,6453,-4.95803,56.7129,88.0
21,CAIRW-2,onwind,6448,-3.063895,57.504968,24.0
22,MDHLW-1,onwind,6486,-2.482026,56.964685,0.0
23,TMNCW-1,onwind,6440,-3.9,57.391,75.9
24,DRAXD-2,biomass,6032,-0.996389,53.7358,39.0
25,ABERU-1,fossil,6049,-1.270137,53.090486,3960.0
26,ABRTW-1,onwind,6441,-4.372559,58.430482,10.0
27,AIRSW-1,onwind,5914,-3.814161,55.51487,36.0
28,ARNKB-2,battery,4966,0.344,51.484,35.0
29,ASHWW-1,onwind,6452,-5.449219,56.065903,49.9
30,ASLVW-1,onwind,5911,-3.988675,55.621764,35.0
31,BARNB-1,battery,5999,-1.457,53.558,25.0
32,BETHW-1,onwind,6440,-3.966064,57.36209,52.5
33,BHOLB-1,battery,5229,-1.998,50.721,40.0
34,BLARW-1,onwind,5896,-5.636,55.564,29.0
35,BNWKW-1,onwind,6443,-3.21433,58.351973,7.5
36,BRDUW-1,onwind,5905,-4.141234,55.255156,35.0
37,BRGG-1,fossil,6042,-0.32959,53.442264,22.5
38,BRIDU-1,fossil,6037,-0.203475,54.086555,72.0
39,BROAB-1,battery,4962,0.33,51.413,0.0
40,BROFB-1,battery,4956,1.05,52.074,0.0
41,BRYBW-1,onwind,6451,-4.668919,57.22303,7.5
42,BTUIW-2,onwind,6451,-4.789059,57.17555556,11.0
43,BTUIW-3,onwind,6451,-4.789059,57.17555556,50.0
44,BURWB-1,battery,4950,0.316,52.279,66.7
45,CHAPB-1,battery,5240,-0.4963,51.9266,118.0
46,CLAC-1,hydro,6453,-4.918736,56.277573,118.0
47,CLAYB-1,battery,4961,0.298,51.552,348.0
48,CLAYB-2,battery,4961,0.298,51.552,50.0
49,CLFLW-1,onwind,6453,-4.957855,56.283062,49.5
50,CONTB-1,battery,5273,-0.162756,50.95526,40.0
51,CORB-1,fossil,5233,-0.86792,52.247983,99.0
52,COWE1,fossil,5207,-5.064697,50.373496,99.0
53,COWE2,fossil,5207,-5.064697,50.373496,15.0
54,CROYD-2,fossil,5270,-0.11637,51.37644,34.0
55,CRSSB-1,battery,5927,-2.959,53.481,350.0
56,DALSW-1,onwind,5917,-3.662819,55.183662,140.0
57,DBFRM-1,fossil,5252,-1.153879,50.861673,140.0
58,DERW-1,fossil,6049,-1.399444,52.905812,0.0
59,DIDC01G,fossil,5249,-1.26757,51.62363,20.0
60,DIDC02G,fossil,5249,-1.26757,51.62363,30.0
61,DIDC03G,fossil,5249,-1.26757,51.62363,19.5
62,DIDC04G,fossil,5249,-1.26757,51.62363,0.0
63,FASN3,hydro,6437,-4.793703,57.325887,0.0
64,FASN-4,hydro,6437,-4.793703,57.325887,0.0
65,FAWN-1,fossil,5253,-1.351433,50.830367,0.0
66,FDUNT-1,fossil,6010,-1.349033,53.071393,0.0
67,FELL-1,fossil,5253,-1.351433,50.830367,69.0
68,GDSTW-1,onwind,8013,-2.484139,57.460944,69.0
69,GFLDW-1,onwind,7946,-0.872421,53.668356,0.0
70,GLCHW-1,onwind,5893,-4.754334,54.96342,100.0
71,GLOFW-1,onwind,6448,-2.878418,57.219608,0.0
72,GRGRW-1,onwind,6466,-3.889,55.904,12.5
73,GYAR-1,fossil,5889,1.625977,52.596375,32.8
74,HBHDW-1,onwind,7469,-3.547456,55.815259,27.5
75,HLGLW-1,onwind,6448,-3.615587,57.51052,26.0
76,HLTWW-1,onwind,8013,-2.406006,57.486309,36.0
77,HRHLW-1,onwind,5911,-4.054104,55.405691,430.0
78,ILMEB-1,battery,5238,-0.892,51.741,51.7
79,JAMBB-1,battery,8020,-3.294,56.341,27.6
80,KLYN-A-1,fossil,5888,0.380117,52.727256,48.0
81,LITRB-1,battery,6475,-3.33,56.104,43.0
82,LNMTH-1,fossil,5949,-1.52083,55.20417,30.0
83,LNMTH-2,fossil,5949,-1.52083,55.20417,49.0
84,LNMTH-3,fossil,5949,-1.52083,55.20417,49.0
85,MANXENR-1,load,4955,0.89694,51.74139,50.0
86,MARK-1,biomass,6448,-3.603516,57.480403,0.0
87,MDLWH-1,fossil,5981,-2.42461,53.18726,49.5
88,MINSW-1,onwind,5919,-3.47168,55.040614,420.0
89,MOYEW-1,onwind,6440,-4.064872,57.390303,420.0
90,NEWTB-1,battery,6008,-1.327,53.138,420.0
91,PETEM1,fossil,6053,-0.204697,52.57694,0.0
92,PETDG-1,fossil,6053,-0.2037977,52.575703,55.0
93,PILLB-1,battery,6035,-0.407,53.796,0.0
94,PILLB-2,battery,6035,-0.407,53.796,36.8
95,RHEI-4,hydro,5933,-3.9,52.396,66.0
96,ROOSB-1,battery,5925,-3.189,54.105,50.0
97,SEVIU-1,fossil,5198,-2.9983234,51.5877364,245.0
98,SHOS-1,fossil,5273,-0.252686,50.882243,50.0
99,SKELB-1,battery,8022,-2.775,53.553,98.0
100,SOLUU-1,fossil,5253,-1.2764,50.7459,98.0
101,TAYL2G,fossil,5264,-0.2575,51.546,49.0
102,TAYL3G,fossil,5264,-0.2575,51.546,49.0
103,TIBG-1,biomass,4966,0.389,51.459,10.0
104,THMRB-1,battery,5238,-0.894,51.766,0.0
105,THRNL-1,fossil,5990,-1.6547222222222,53.677222222222,50.0
106,TOLLB-1,battery,5244,-0.245,51.735,0.0
107,TULWW-1,onwind,6462,-2.581787,56.662265,140.0
108,TULWW-2,onwind,6462,-2.581787,56.662265,140.0
109,VKING-2,fossil,5965,-1.20268,54.6067,0.0
110,I2D-ALEU1,interconnector,4955,0.8645384615384615,51.808076923076925,49.0
111,I2D-ALIP1,interconnector,4955,0.8645384615384615,51.808076923076925,40.0
112,I2D-ARON1,interconnector,4955,0.8645384615384615,51.808076923076925,49.5
113,I2D-AXPO1,interconnector,4955,0.8645384615384615,51.808076923076925,42.5
114,I2D-BDEN1,interconnector,4955,0.8645384615384615,51.808076923076925,42.5
115,I2D-BKWE1,interconnector,4955,0.8645384615384615,51.808076923076925,50.0
116,I2D-BNPS1,interconnector,4955,0.8645384615384615,51.808076923076925,0.0
117,I2D-BPGM1,interconnector,4955,0.8645384615384615,51.808076923076925,0.0
118,I2D-CBST1,interconnector,4955,0.8645384615384615,51.808076923076925,0.0
119,I2D-CENT1,interconnector,4955,0.8645384615384615,51.808076923076925,0.0
120,I2D-CETL1,interconnector,4955,0.8645384615384615,51.808076923076925,0.0
121,I2D-CEZC1,interconnector,4955,0.8645384615384615,51.808076923076925,0.0
122,I2D-CNGS1,interconnector,4955,0.8645384615384615,51.808076923076925,0.0
123,I2D-CNRE1,interconnector,4955,0.8645384615384615,51.808076923076925,0.0
124,I2D-CONS1,interconnector,4955,0.8645384615384615,51.808076923076925,0.0
125,I2D-CONV1,interconnector,4955,0.8645384615384615,51.808076923076925,0.0
126,I2D-COPN1,interconnector,4955,0.8645384615384615,51.808076923076925,0.0
127,I2D-DARE1,interconnector,4955,0.8645384615384615,51.808076923076925,0.0
128,I2D-DMCC1,interconnector,4955,0.8645384615384615,51.808076923076925,0.0
129,I2D-DSKC1,interconnector,4955,0.8645384615384615,51.808076923076925,0.0
130,I2D-DUEN1,interconnector,4955,0.8645384615384615,51.808076923076925,0.0
131,I2D-DUGE1,interconnector,4955,0.8645384615384615,51.808076923076925,0.0
132,I2D-DVAL1,interconnector,4955,0.8645384615384615,51.808076923076925,0.0
133,I2D-EDFT1,interconnector,4955,0.8645384615384615,51.808076923076925,0.0
134,I2D-EDMK1,interconnector,4955,0.8645384615384615,51.808076923076925,0.0
135,I2D-ELEE1,interconnector,4955,0.8645384615384615,51.808076923076925,0.0
136,I2D-ELTR1,interconnector,4955,0.8645384615384615,51.808076923076925,0.0
137,I2D-ENKI1,interconnector,4955,0.8645384615384615,51.808076923076925,0.0
138,I2D-ENSC1,interconnector,4955,0.8645384615384615,51.808076923076925,0.0
139,I2D-ENSP1,interconnector,4955,0.8645384615384615,51.808076923076925,0.0
140,I2D-ENTC1,interconnector,4955,0.8645384615384615,51.808076923076925,0.0
141,I2D-EPCO1,interconnector,4955,0.8645384615384615,51.808076923076925,0.0
142,I2D-EZCO1,interconnector,4955,0.8645384615384615,51.808076923076925,0.0
143,I2D-GASE1,interconnector,4955,0.8645384615384615,51.808076923076925,0.0
144,I2D-GAZP1,interconnector,4955,0.8645384615384615,51.808076923076925,0.0
145,I2D-GLEN1,interconnector,4955,0.8645384615384615,51.808076923076925,0.0
146,I2D-GRMT1,interconnector,4955,0.8645384615384615,51.808076923076925,0.0
147,I2D-HART1,interconnector,4955,0.8645384615384615,51.808076923076925,0.0
148,I2D-HELI1,interconnector,4955,0.8645384615384615,51.808076923076925,0.0
149,I2D-IBES1,interconnector,4955,0.8645384615384615,51.808076923076925,0.0
150,I2D-INCM1,interconnector,4955,0.8645384615384615,51.808076923076925,0.0
151,I2D-MCRA1,interconnector,4955,0.8645384615384615,51.808076923076925,0.0
152,I2D-MFTE1,interconnector,4955,0.8645384615384615,51.808076923076925,0.0
153,I2D-MQBN1,interconnector,4955,0.8645384615384615,51.808076923076925,0.0
154,I2D-NEAS1,interconnector,4955,0.8645384615384615,51.808076923076925,0.0
155,I2D-NEHO1,interconnector,4955,0.8645384615384615,51.808076923076925,0.0
156,I2D-NITR1,interconnector,4955,0.8645384615384615,51.808076923076925,0.0
157,I2D-NORL1,interconnector,4955,0.8645384615384615,51.808076923076925,0.0
158,I2D-NTPL1,interconnector,4955,0.8645384615384615,51.808076923076925,0.0
159,I2D-NVAL1,interconnector,4955,0.8645384615384615,51.808076923076925,0.0
160,I2D-OMPX1,interconnector,4955,0.8645384615384615,51.808076923076925,0.0
161,I2D-OPMX1,interconnector,4955,0.8645384615384615,51.808076923076925,0.0
162,I2D-OUTL1,interconnector,4955,0.8645384615384615,51.808076923076925,0.0
163,I2D-PLAN1,interconnector,4955,0.8645384615384615,51.808076923076925,0.0
164,I2D-PREP1,interconnector,4955,0.8645384615384615,51.808076923076925,0.0
165,I2D-PWMR1,interconnector,4955,0.8645384615384615,51.808076923076925,0.0
166,I2D-QUAR1,interconnector,4955,0.8645384615384615,51.808076923076925,0.0
167,I2D-QUEN1,interconnector,4955,0.8645384615384615,51.808076923076925,0.0
168,I2D-RESP1,interconnector,4955,0.8645384615384615,51.808076923076925,0.0
169,I2D-RISQ1,interconnector,4955,0.8645384615384615,51.808076923076925,0.0
170,I2D-RWES1,interconnector,4955,0.8645384615384615,51.808076923076925,0.0
171,I2D-SETL1,interconnector,4955,0.8645384615384615,51.808076923076925,0.0
172,I2D-SSEG1,interconnector,4955,0.8645384615384615,51.808076923076925,0.0
173,I2D-STAT1,interconnector,4955,0.8645384615384615,51.808076923076925,0.0
174,I2D-TGPL1,interconnector,4955,0.8645384615384615,51.808076923076925,0.0
175,I2D-TRFD1,interconnector,4955,0.8645384615384615,51.808076923076925,0.0
176,I2D-TRFG1,interconnector,4955,0.8645384615384615,51.808076923076925,0.0
177,I2D-TRLS1,interconnector,4955,0.8645384615384615,51.808076923076925,0.0
178,I2D-VOLT1,interconnector,4955,0.8645384615384615,51.808076923076925,0.0
179,I2D-VSAL1,interconnector,4955,0.8645384615384615,51.808076923076925,0.0
180,I2D-VTET1,interconnector,4955,0.8645384615384615,51.808076923076925,0.0
181,I2D-XNON1,interconnector,4955,0.8645384615384615,51.808076923076925,0.0
182,I2G-ALEU1,interconnector,4955,0.8645384615384615,51.808076923076925,0.0
183,I2G-ALIP1,interconnector,4955,0.8645384615384615,51.808076923076925,0.0
184,I2G-ARON1,interconnector,4955,0.8645384615384615,51.808076923076925,0.0
185,I2G-AXPO1,interconnector,4955,0.8645384615384615,51.808076923076925,0.0
186,I2G-BDEN1,interconnector,4955,0.8645384615384615,51.808076923076925,0.0
187,I2G-BKWE1,interconnector,4955,0.8645384615384615,51.808076923076925,0.0
188,I2G-BNPS1,interconnector,4955,0.8645384615384615,51.808076923076925,0.0
189,I2G-BPGM1,interconnector,4955,0.8645384615384615,51.808076923076925,0.0
190,I2G-CBST1,interconnector,4955,0.8645384615384615,51.808076923076925,0.0
191,I2G-CENT1,interconnector,4955,0.8645384615384615,51.808076923076925,0.0
192,I2G-CETL1,interconnector,4955,0.8645384615384615,51.808076923076925,0.0
193,I2G-CEZC1,interconnector,4955,0.8645384615384615,51.808076923076925,0.0
194,I2G-CNGS1,interconnector,4955,0.8645384615384615,51.808076923076925,0.0
195,I2G-CNRE1,interconnector,4955,0.8645384615384615,51.808076923076925,0.0
196,I2G-CONS1,interconnector,4955,0.8645384615384615,51.808076923076925,0.0
197,I2G-CONV1,interconnector,4955,0.8645384615384615,51.808076923076925,0.0
198,I2G-COPN1,interconnector,4955,0.8645384615384615,51.808076923076925,0.0
199,I2G-DARE1,interconnector,4955,0.8645384615384615,51.808076923076925,0.0
200,I2G-DMCC1,interconnector,4955,0.8645384615384615,51.808076923076925,0.0
201,I2G-DSKC1,interconnector,4955,0.8645384615384615,51.808076923076925,0.0
202,I2G-DUEN1,interconnector,4955,0.8645384615384615,51.808076923076925,0.0
203,I2G-DUGE1,interconnector,4955,0.8645384615384615,51.808076923076925,0.0
204,I2G-DVAL1,interconnector,4955,0.8645384615384615,51.808076923076925,0.0
205,I2G-EDFT1,interconnector,4955,0.8645384615384615,51.808076923076925,0.0
206,I2G-EDMK1,interconnector,4955,0.8645384615384615,51.808076923076925,0.0
207,I2G-ELEE1,interconnector,4955,0.8645384615384615,51.808076923076925,0.0
208,I2G-ELTR1,interconnector,4955,0.8645384615384615,51.808076923076925,0.0
209,I2G-ENKI1,interconnector,4955,0.8645384615384615,51.808076923076925,0.0
210,I2G-ENSC1,interconnector,4955,0.8645384615384615,51.808076923076925,0.0
211,I2G-ENSP1,interconnector,4955,0.8645384615384615,51.808076923076925,0.0
212,I2G-ENTC1,interconnector,4955,0.8645384615384615,51.808076923076925,0.0
213,I2G-EPCO1,interconnector,4955,0.8645384615384615,51.808076923076925,0.0
214,I2G-EZCO1,interconnector,4955,0.8645384615384615,51.808076923076925,0.0
215,I2G-GASE1,interconnector,4955,0.8645384615384615,51.808076923076925,0.0
216,I2G-GAZP1,interconnector,4955,0.8645384615384615,51.808076923076925,0.0
217,I2G-GLEN1,interconnector,4955,0.8645384615384615,51.808076923076925,0.0
218,I2G-GRMT1,interconnector,4955,0.8645384615384615,51.808076923076925,0.0
219,I2G-HART1,interconnector,4955,0.8645384615384615,51.808076923076925,0.0
220,I2G-HELI1,interconnector,4955,0.8645384615384615,51.808076923076925,0.0
221,I2G-IBES1,interconnector,4955,0.8645384615384615,51.808076923076925,0.0
222,I2G-INCM1,interconnector,4955,0.8645384615384615,51.808076923076925,0.0
223,I2G-MCRA1,interconnector,4955,0.8645384615384615,51.808076923076925,0.0
224,I2G-MFTE1,interconnector,4955,0.8645384615384615,51.808076923076925,0.0
225,I2G-MQBN1,interconnector,4955,0.8645384615384615,51.808076923076925,0.0
226,I2G-NEAS1,interconnector,4955,0.8645384615384615,51.808076923076925,0.0
227,I2G-NEHO1,interconnector,4955,0.8645384615384615,51.808076923076925,0.0
228,I2G-NITR1,interconnector,4955,0.8645384615384615,51.808076923076925,0.0
229,I2G-NORL1,interconnector,4955,0.8645384615384615,51.808076923076925,0.0
230,I2G-NTPL1,interconnector,4955,0.8645384615384615,51.808076923076925,0.0
231,I2G-NVAL1,interconnector,4955,0.8645384615384615,51.808076923076925,0.0
232,I2G-OMPX1,interconnector,4955,0.8645384615384615,51.808076923076925,0.0
233,I2G-OPMX1,interconnector,4955,0.8645384615384615,51.808076923076925,0.0
234,I2G-OUTL1,interconnector,4955,0.8645384615384615,51.808076923076925,0.0
235,I2G-PLAN1,interconnector,4955,0.8645384615384615,51.808076923076925,0.0
236,I2G-PREP1,interconnector,4955,0.8645384615384615,51.808076923076925,0.0
237,I2G-PWMR1,interconnector,4955,0.8645384615384615,51.808076923076925,0.0
238,I2G-QUAR1,interconnector,4955,0.8645384615384615,51.808076923076925,0.0
239,I2G-QUEN1,interconnector,4955,0.8645384615384615,51.808076923076925,0.0
240,I2G-RESP1,interconnector,4955,0.8645384615384615,51.808076923076925,0.0
241,I2G-RISQ1,interconnector,4955,0.8645384615384615,51.808076923076925,0.0
242,I2G-RWES1,interconnector,4955,0.8645384615384615,51.808076923076925,0.0
243,I2G-SETL1,interconnector,4955,0.8645384615384615,51.808076923076925,0.0
244,I2G-SSEG1,interconnector,4955,0.8645384615384615,51.808076923076925,0.0
245,I2G-STAT1,interconnector,4955,0.8645384615384615,51.808076923076925,0.0
246,I2G-TGPL1,interconnector,4955,0.8645384615384615,51.808076923076925,0.0
247,I2G-TRFD1,interconnector,4955,0.8645384615384615,51.808076923076925,0.0
248,I2G-TRFG1,interconnector,4955,0.8645384615384615,51.808076923076925,0.0
249,I2G-TRLS1,interconnector,4955,0.8645384615384615,51.808076923076925,0.0
250,I2G-VOLT1,interconnector,4955,0.8645384615384615,51.808076923076925,0.0
251,I2G-VSAL1,interconnector,4955,0.8645384615384615,51.808076923076925,0.0
252,I2G-VTET1,interconnector,4955,0.8645384615384615,51.808076923076925,0.0
253,I2G-XNON1,interconnector,4955,0.8645384615384615,51.808076923076925,0.0
254,IBD-DARE1,interconnector,4969,0.653,51.46,0.0
255,IBG-ALIP1,interconnector,4969,0.6530000000000001,51.46000000000001,0.0
256,IBG-ALPE1,interconnector,4969,0.6530000000000001,51.46000000000001,0.0
257,IBG-BDEN1,interconnector,4969,0.6530000000000001,51.46000000000001,0.0
258,IBG-BKWE1,interconnector,4969,0.6530000000000001,51.46000000000001,0.0
259,IBG-BPGE1,interconnector,4969,0.6530000000000001,51.46000000000001,0.0
260,IBG-BRTN1,interconnector,4969,0.6530000000000001,51.46000000000001,0.0
261,IBG-CACM1,interconnector,4969,0.6530000000000001,51.46000000000001,0.0
262,IBG-CBST1,interconnector,4969,0.6530000000000001,51.46000000000001,0.0
263,IBG-CENT1,interconnector,4969,0.6530000000000001,51.46000000000001,0.0
264,IBG-CETA1,interconnector,4969,0.6530000000000001,51.46000000000001,0.0
265,IBG-CEZC1,interconnector,4969,0.6530000000000001,51.46000000000001,0.0
266,IBG-CGML1,interconnector,4969,0.6530000000000001,51.46000000000001,0.0
267,IBG-CNGS1,interconnector,4969,0.6530000000000001,51.46000000000001,0.0
268,IBG-CONS1,interconnector,4969,0.6530000000000001,51.46000000000001,0.0
269,IBG-CONV1,interconnector,4969,0.6530000000000001,51.46000000000001,0.0
270,IBG-COPN1,interconnector,4969,0.6530000000000001,51.46000000000001,0.0
271,IBG-DARE1,interconnector,4969,0.6530000000000001,51.46000000000001,0.0
272,IBG-DMCC1,interconnector,4969,0.6530000000000001,51.46000000000001,0.0
273,IBG-DNGN1,interconnector,4969,0.6530000000000001,51.46000000000001,0.0
274,IBG-DSKC1,interconnector,4969,0.6530000000000001,51.46000000000001,0.0
275,IBG-DUFE1,interconnector,4969,0.6530000000000001,51.46000000000001,0.0
276,IBG-DVAL1,interconnector,4969,0.6530000000000001,51.46000000000001,0.0
277,IBG-EDFT1,interconnector,4969,0.6530000000000001,51.46000000000001,0.0
278,IBG-EDMK1,interconnector,4969,0.6530000000000001,51.46000000000001,0.0
279,IBG-EGLE1,interconnector,4969,0.6530000000000001,51.46000000000001,0.0
280,IBG-ELEE1,interconnector,4969,0.6530000000000001,51.46000000000001,0.0
281,IBG-ELTR1,interconnector,4969,0.6530000000000001,51.46000000000001,0.0
282,IBG-ENEL1,interconnector,4969,0.6530000000000001,51.46000000000001,0.0
283,IBG-ENET1,interconnector,4969,0.6530000000000001,51.46000000000001,0.0
284,IBG-ENGM1,interconnector,4969,0.6530000000000001,51.46000000000001,0.0
285,IBG-ENSP1,interconnector,4969,0.6530000000000001,51.46000000000001,0.0
286,IBG-ENTC1,interconnector,4969,0.6530000000000001,51.46000000000001,0.0
287,IBG-EOET1,interconnector,4969,0.6530000000000001,51.46000000000001,0.0
288,IBG-EPCO1,interconnector,4969,0.6530000000000001,51.46000000000001,0.0
289,IBG-ERVA1,interconnector,4969,0.6530000000000001,51.46000000000001,0.0
290,IBG-EZCO1,interconnector,4969,0.6530000000000001,51.46000000000001,0.0
291,IBG-FPCD1,interconnector,4969,0.6530000000000001,51.46000000000001,0.0
292,IBG-GAZP1,interconnector,4969,0.6530000000000001,51.46000000000001,0.0
293,IBG-GLEN1,interconnector,4969,0.6530000000000001,51.46000000000001,0.0
294,IBG-HART1,interconnector,4969,0.6530000000000001,51.46000000000001,0.0
295,IBG-HELI1,interconnector,4969,0.6530000000000001,51.46000000000001,0.0
296,IBG-IBES1,interconnector,4969,0.6530000000000001,51.46000000000001,0.0
297,IBG-IDCE1,interconnector,4969,0.6530000000000001,51.46000000000001,0.0
298,IBG-INCM1,interconnector,4969,0.6530000000000001,51.46000000000001,0.0
299,IBG-KCST1,interconnector,4969,0.6530000000000001,51.46000000000001,0.0
300,IBG-LTFD1,interconnector,4969,0.6530000000000001,51.46000000000001,0.0
301,IBG-MCRA1,interconnector,4969,0.6530000000000001,51.46000000000001,0.0
302,IBG-MFTE1,interconnector,4969,0.6530000000000001,51.46000000000001,0.0
303,IBG-MONL1,interconnector,4969,0.6530000000000001,51.46000000000001,0.0
304,IBG-NEAS1,interconnector,4969,0.6530000000000001,51.46000000000001,0.0
305,IBG-NITR1,interconnector,4969,0.6530000000000001,51.46000000000001,0.0
306,IBG-NORL1,interconnector,4969,0.6530000000000001,51.46000000000001,0.0
307,IBG-NTPL1,interconnector,4969,0.6530000000000001,51.46000000000001,0.0
308,IBG-OMPX1,interconnector,4969,0.6530000000000001,51.46000000000001,0.0
309,IBG-OPMX1,interconnector,4969,0.6530000000000001,51.46000000000001,0.0
310,IBG-OUTL1,interconnector,4969,0.6530000000000001,51.46000000000001,0.0
311,IBG-PETC1,interconnector,4969,0.6530000000000001,51.46000000000001,0.0
312,IBG-PTRS1,interconnector,4969,0.6530000000000001,51.46000000000001,0.0
313,IBG-PWMR1,interconnector,4969,0.6530000000000001,51.46000000000001,0.0
314,IBG-PZEM1,interconnector,4969,0.6530000000000001,51.46000000000001,0.0
315,IBG-QUAR1,interconnector,4969,0.6530000000000001,51.46000000000001,0.0
316,IBG-QUEN1,interconnector,4969,0.6530000000000001,51.46000000000001,0.0
317,IBG-RESP1,interconnector,4969,0.6530000000000001,51.46000000000001,0.0
318,IBG-RWES1,interconnector,4969,0.6530000000000001,51.46000000000001,0.0
319,IBG-SETL1,interconnector,4969,0.6530000000000001,51.46000000000001,0.0
320,IBG-SSEG1,interconnector,4969,0.6530000000000001,51.46000000000001,0.0
321,IBG-STAT1,interconnector,4969,0.6530000000000001,51.46000000000001,0.0
322,IBG-TGPL1,interconnector,4969,0.6530000000000001,51.46000000000001,0.0
323,IBG-TRFD1,interconnector,4969,0.6530000000000001,51.46000000000001,0.0
324,IBG-TRFG1,interconnector,4969,0.6530000000000001,51.46000000000001,0.0
325,IBG-TRLS1,interconnector,4969,0.6530000000000001,51.46000000000001,0.0
326,IBG-VETR1,interconnector,4969,0.6530000000000001,51.46000000000001,0.0
327,IBG-VOLT1,interconnector,4969,0.6530000000000001,51.46000000000001,0.0
328,IBG-VSAL1,interconnector,4969,0.6530000000000001,51.46000000000001,0.0
329,IBG-XNON1,interconnector,4969,0.6530000000000001,51.46000000000001,0.0
330,IED-ELEC1,interconnector,5269,-0.0017444444444444,51.59477777777778,0.0
331,IED-EWIC1,interconnector,5269,-0.0017444444444444,51.59477777777778,0.0
332,IED-IFA2,interconnector,5269,-0.0017444444444444,51.59477777777778,0.0
333,IED-MOYL1,interconnector,5269,-0.0017444444444444,51.59477777777778,0.0
334,IED-VKL1,interconnector,5269,-0.0017444444444444,51.59477777777778,0.0
335,IEG-ELEC1,interconnector,5269,-0.0017444444444444,51.59477777777778,0.0
336,IEG-EWIC1,interconnector,5269,-0.0017444444444444,51.59477777777778,0.0
337,IEG-IFA2,interconnector,5269,-0.0017444444444444,51.59477777777778,0.0
338,IEG-MOYL1,interconnector,5269,-0.0017444444444444,51.59477777777778,0.0
339,IEG-VKL1,interconnector,5269,-0.0017444444444444,51.59477777777778,0.0
340,IFD-ACCE1,interconnector,4977,0.9734000000000004,51.105,0.0
341,IFD-ALEU1,interconnector,4977,0.9734000000000004,51.105,0.0
342,IFD-ALIP1,interconnector,4977,0.9734000000000004,51.105,0.0
343,IFD-ARON1,interconnector,4977,0.9734000000000004,51.105,0.0
344,IFD-BDEN1,interconnector,4977,0.9734000000000004,51.105,0.0
345,IFD-BKWE1,interconnector,4977,0.9734000000000004,51.105,0.0
346,IFD-BNPS1,interconnector,4977,0.9734000000000004,51.105,0.0
347,IFD-BPGE1,interconnector,4977,0.9734000000000004,51.105,0.0
348,IFD-CBST1,interconnector,4977,0.9734000000000004,51.105,0.0
349,IFD-CETL1,interconnector,4977,0.9734000000000004,51.105,0.0
350,IFD-CEZC1,interconnector,4977,0.9734000000000004,51.105,0.0
351,IFD-CGML1,interconnector,4977,0.9734000000000004,51.105,0.0
352,IFD-CNGS1,interconnector,4977,0.9734000000000004,51.105,0.0
353,IFD-CNRE1,interconnector,4977,0.9734000000000004,51.105,0.0
354,IFD-CONS1,interconnector,4977,0.9734000000000004,51.105,0.0
355,IFD-CONV1,interconnector,4977,0.9734000000000004,51.105,0.0
356,IFD-COPN1,interconnector,4977,0.9734000000000004,51.105,0.0
357,IFD-DARE1,interconnector,4977,0.9734000000000004,51.105,0.0
358,IFD-DMCC1,interconnector,4977,0.9734000000000004,51.105,0.0
359,IFD-DNGN1,interconnector,4977,0.9734000000000004,51.105,0.0
360,IFD-DSKC1,interconnector,4977,0.9734000000000004,51.105,0.0
361,IFD-DUEN1,interconnector,4977,0.9734000000000004,51.105,0.0
362,IFD-DUFE1,interconnector,4977,0.9734000000000004,51.105,0.0
363,IFD-DVAL1,interconnector,4977,0.9734000000000004,51.105,0.0
364,IFD-ECCA1,interconnector,4977,0.9734000000000004,51.105,0.0
365,IFD-EDFT1,interconnector,4977,0.9734000000000004,51.105,0.0
366,IFD-EDMK1,interconnector,4977,0.9734000000000004,51.105,0.0
367,IFD-EGLE1,interconnector,4977,0.9734000000000004,51.105,0.0
368,IFD-ELEE1,interconnector,4977,0.9734000000000004,51.105,0.0
369,IFD-ELTR1,interconnector,4977,0.9734000000000004,51.105,0.0
370,IFD-ENEL1,interconnector,4977,0.9734000000000004,51.105,0.0
371,IFD-ENET1,interconnector,4977,0.9734000000000004,51.105,0.0
372,IFD-ENKI1,interconnector,4977,0.9734000000000004,51.105,0.0
373,IFD-ENSC1,interconnector,4977,0.9734000000000004,51.105,0.0
374,IFD-ENSP1,interconnector,4977,0.9734000000000004,51.105,0.0
375,IFD-ENTC1,interconnector,4977,0.9734000000000004,51.105,0.0
376,IFD-ENVM1,interconnector,4977,0.9734000000000004,51.105,0.0
377,IFD-EOET1,interconnector,4977,0.9734000000000004,51.105,0.0
378,IFD-EPCO1,interconnector,4977,0.9734000000000004,51.105,0.0
379,IFD-ERVA1,interconnector,4977,0.9734000000000004,51.105,0.0
380,IFD-EZCO1,interconnector,4977,0.9734000000000004,51.105,0.0
381,IFD-FPCD1,interconnector,4977,0.9734000000000004,51.105,0.0
382,IFD-GASE1,interconnector,4977,0.9734000000000004,51.105,0.0
383,IFD-GAZP1,interconnector,4977,0.9734000000000004,51.105,0.0
384,IFD-GDFE1,interconnector,4977,0.9734000000000004,51.105,0.0
385,IFD-GLEN1,interconnector,4977,0.9734000000000004,51.105,0.0
386,IFD-GRMT1,interconnector,4977,0.9734000000000004,51.105,0.0
387,IFD-HART1,interconnector,4977,0.9734000000000004,51.105,0.0
388,IFD-HELI1,interconnector,4977,0.9734000000000004,51.105,0.0
389,IFD-IBES1,interconnector,4977,0.9734000000000004,51.105,0.0
390,IFD-INCM1,interconnector,4977,0.9734000000000004,51.105,0.0
391,IFD-KCST1,interconnector,4977,0.9734000000000004,51.105,0.0
392,IFD-LTFD1,interconnector,4977,0.9734000000000004,51.105,0.0
393,IFD-MCRA1,interconnector,4977,0.9734000000000004,51.105,0.0
394,IFD-MFTE1,interconnector,4977,0.9734000000000004,51.105,0.0
395,IFD-MQBN1,interconnector,4977,0.9734000000000004,51.105,0.0
396,IFD-NEAS1,interconnector,4977,0.9734000000000004,51.105,0.0
397,IFD-NEHO1,interconnector,4977,0.9734000000000004,51.105,0.0
398,IFD-NITR1,interconnector,4977,0.9734000000000004,51.105,0.0
399,IFD-NORL1,interconnector,4977,0.9734000000000004,51.105,0.0
400,IFD-NTPL1,interconnector,4977,0.9734000000000004,51.105,0.0
401,IFD-NVAL1,interconnector,4977,0.9734000000000004,51.105,0.0
402,IFD-OMPX1,interconnector,4977,0.9734000000000004,51.105,0.0
403,IFD-OPMX1,interconnector,4977,0.9734000000000004,51.105,0.0
404,IFD-OUTL1,interconnector,4977,0.9734000000000004,51.105,0.0
405,IFD-PLAN1,interconnector,4977,0.9734000000000004,51.105,0.0
406,IFD-PTRS1,interconnector,4977,0.9734000000000004,51.105,0.0
407,IFD-PWMR1,interconnector,4977,0.9734000000000004,51.105,0.0
408,IFD-QUAR1,interconnector,4977,0.9734000000000004,51.105,0.0
409,IFD-QUEN1,interconnector,4977,0.9734000000000004,51.105,0.0
410,IFD-RESP1,interconnector,4977,0.9734000000000004,51.105,0.0
411,IFD-RISQ1,interconnector,4977,0.9734000000000004,51.105,0.0
412,IFD-RWES1,interconnector,4977,0.9734000000000004,51.105,0.0
413,IFD-SETL1,interconnector,4977,0.9734000000000004,51.105,0.0
414,IFD-SSEG1,interconnector,4977,0.9734000000000004,51.105,0.0
415,IFD-STAT1,interconnector,4977,0.9734000000000004,51.105,0.0
416,IFD-TFEE1,interconnector,4977,0.9734000000000004,51.105,0.0
417,IFD-TRFD1,interconnector,4977,0.9734000000000004,51.105,0.0
418,IFD-TRFG1,interconnector,4977,0.9734000000000004,51.105,0.0
419,IFD-TRLS1,interconnector,4977,0.9734000000000004,51.105,0.0
420,IFD-VOLT1,interconnector,4977,0.9734000000000004,51.105,0.0
421,IFD-VSAL1,interconnector,4977,0.9734000000000004,51.105,0.0
422,IFD-VTFS1,interconnector,4977,0.9734000000000004,51.105,0.0
423,IFD-XNON1,interconnector,4977,0.9734000000000004,51.105,0.0
424,IFG-ACCE1,interconnector,4977,0.9734000000000004,51.105,0.0
425,IFG-ALEU1,interconnector,4977,0.9734000000000004,51.105,0.0
426,IFG-ALIP1,interconnector,4977,0.9734000000000004,51.105,0.0
427,IFG-ARON1,interconnector,4977,0.9734000000000004,51.105,0.0
428,IFG-BDEN1,interconnector,4977,0.9734000000000004,51.105,0.0
429,IFG-BKWE1,interconnector,4977,0.9734000000000004,51.105,0.0
430,IFG-BNPS1,interconnector,4977,0.9734000000000004,51.105,0.0
431,IFG-BPGE1,interconnector,4977,0.9734000000000004,51.105,0.0
432,IFG-CBST1,interconnector,4977,0.9734000000000004,51.105,0.0
433,IFG-CETL1,interconnector,4977,0.9734000000000004,51.105,0.0
434,IFG-CEZC1,interconnector,4977,0.9734000000000004,51.105,0.0
435,IFG-CGML1,interconnector,4977,0.9734000000000004,51.105,0.0
436,IFG-CNGS1,interconnector,4977,0.9734000000000004,51.105,0.0
437,IFG-CNRE1,interconnector,4977,0.9734000000000004,51.105,0.0
438,IFG-CONS1,interconnector,4977,0.9734000000000004,51.105,0.0
439,IFG-CONV1,interconnector,4977,0.9734000000000004,51.105,0.0
440,IFG-COPN1,interconnector,4977,0.9734000000000004,51.105,0.0
441,IFG-DARE1,interconnector,4977,0.9734000000000004,51.105,0.0
442,IFG-DMCC1,interconnector,4977,0.9734000000000004,51.105,0.0
443,IFG-DNGN1,interconnector,4977,0.9734000000000004,51.105,0.0
444,IFG-DSKC1,interconnector,4977,0.9734000000000004,51.105,0.0
445,IFG-DUEN1,interconnector,4977,0.9734000000000004,51.105,0.0
446,IFG-DUFE1,interconnector,4977,0.9734000000000004,51.105,0.0
447,IFG-DVAL1,interconnector,4977,0.9734000000000004,51.105,0.0
448,IFG-ECCA1,interconnector,4977,0.9734000000000004,51.105,0.0
449,IFG-EDFT1,interconnector,4977,0.9734000000000004,51.105,0.0
450,IFG-EDMK1,interconnector,4977,0.9734000000000004,51.105,0.0
451,IFG-EGLE1,interconnector,4977,0.9734000000000004,51.105,0.0
452,IFG-ELEE1,interconnector,4977,0.9734000000000004,51.105,0.0
453,IFG-ELTR1,interconnector,4977,0.9734000000000004,51.105,0.0
454,IFG-ENEL1,interconnector,4977,0.9734000000000004,51.105,0.0
455,IFG-ENET1,interconnector,4977,0.9734000000000004,51.105,0.0
456,IFG-ENKI1,interconnector,4977,0.9734000000000004,51.105,0.0
457,IFG-ENSC1,interconnector,4977,0.9734000000000004,51.105,0.0
458,IFG-ENSP1,interconnector,4977,0.9734000000000004,51.105,0.0
459,IFG-ENTC1,interconnector,4977,0.9734000000000004,51.105,0.0
460,IFG-ENVM1,interconnector,4977,0.9734000000000004,51.105,0.0
461,IFG-EOET1,interconnector,4977,0.9734000000000004,51.105,0.0
462,IFG-EPCO1,interconnector,4977,0.9734000000000004,51.105,0.0
463,IFG-ERVA1,interconnector,4977,0.9734000000000004,51.105,0.0
464,IFG-EZCO1,interconnector,4977,0.9734000000000004,51.105,0.0
465,IFG-FPCD1,interconnector,4977,0.9734000000000004,51.105,0.0
466,IFG-GASE1,interconnector,4977,0.9734000000000004,51.105,0.0
467,IFG-GAZP1,interconnector,4977,0.9734000000000004,51.105,0.0
468,IFG-GDFE1,interconnector,4977,0.9734000000000004,51.105,0.0
469,IFG-GLEN1,interconnector,4977,0.9734000000000004,51.105,0.0
470,IFG-GRMT1,interconnector,4977,0.9734000000000004,51.105,0.0
471,IFG-HART1,interconnector,4977,0.9734000000000004,51.105,0.0
472,IFG-HELI1,interconnector,4977,0.9734000000000004,51.105,0.0
473,IFG-IBES1,interconnector,4977,0.9734000000000004,51.105,0.0
474,IFG-INCM1,interconnector,4977,0.9734000000000004,51.105,0.0
475,IFG-KCST1,interconnector,4977,0.9734000000000004,51.105,0.0
476,IFG-LTFD1,interconnector,4977,0.9734000000000004,51.105,0.0
477,IFG-MCRA1,interconnector,4977,0.9734000000000004,51.105,0.0
478,IFG-MFTE1,interconnector,4977,0.9734000000000004,51.105,0.0
479,IFG-MQBN1,interconnector,4977,0.9734000000000004,51.105,0.0
480,IFG-NEAS1,interconnector,4977,0.9734000000000004,51.105,0.0
481,IFG-NEHO1,interconnector,4977,0.9734000000000004,51.105,0.0
482,IFG-NITR1,interconnector,4977,0.9734000000000004,51.105,0.0
483,IFG-NORL1,interconnector,4977,0.9734000000000004,51.105,0.0
484,IFG-NTPL1,interconnector,4977,0.9734000000000004,51.105,0.0
485,IFG-NVAL1,interconnector,4977,0.9734000000000004,51.105,0.0
486,IFG-OMPX1,interconnector,4977,0.9734000000000004,51.105,0.0
487,IFG-OPMX1,interconnector,4977,0.9734000000000004,51.105,0.0
488,IFG-OUTL1,interconnector,4977,0.9734000000000004,51.105,0.0
489,IFG-PLAN1,interconnector,4977,0.9734000000000004,51.105,0.0
490,IFG-PTRS1,interconnector,4977,0.9734000000000004,51.105,0.0
491,IFG-PWMR1,interconnector,4977,0.9734000000000004,51.105,0.0
492,IFG-QUAR1,interconnector,4977,0.9734000000000004,51.105,0.0
493,IFG-QUEN1,interconnector,4977,0.9734000000000004,51.105,0.0
494,IFG-RESP1,interconnector,4977,0.9734000000000004,51.105,0.0
495,IFG-RISQ1,interconnector,4977,0.9734000000000004,51.105,0.0
496,IFG-RWES1,interconnector,4977,0.9734000000000004,51.105,0.0
497,IFG-SETL1,interconnector,4977,0.9734000000000004,51.105,0.0
498,IFG-SSEG1,interconnector,4977,0.9734000000000004,51.105,0.0
499,IFG-STAT1,interconnector,4977,0.9734000000000004,51.105,0.0
500,IFG-TFEE1,interconnector,4977,0.9734000000000004,51.105,0.0
501,IFG-TRFD1,interconnector,4977,0.9734000000000004,51.105,0.0
502,IFG-TRFG1,interconnector,4977,0.9734000000000004,51.105,0.0
503,IFG-TRLS1,interconnector,4977,0.9734000000000004,51.105,0.0
504,IFG-VOLT1,interconnector,4977,0.9734000000000004,51.105,0.0
505,IFG-VSAL1,interconnector,4977,0.9734000000000004,51.105,0.0
506,IFG-VTFS1,interconnector,4977,0.9734000000000004,51.105,0.0
507,IFG-XNON1,interconnector,4977,0.9734000000000004,51.105,0.0
508,ILD-ARON1,interconnector,5269,-0.0017444444444444,51.59477777777778,0.0
509,ILD-BKWE1,interconnector,5269,-0.0017444444444444,51.59477777777778,0.0
510,ILD-BPGM1,interconnector,5269,-0.0017444444444444,51.59477777777778,0.0
511,ILD-CBST1,interconnector,5269,-0.0017444444444444,51.59477777777778,0.0
512,ILD-CENT1,interconnector,5269,-0.0017444444444444,51.59477777777778,0.0
513,ILD-CETL1,interconnector,5269,-0.0017444444444444,51.59477777777778,0.0
514,ILD-CEZC1,interconnector,5269,-0.0017444444444444,51.59477777777778,0.0
515,ILD-CONS1,interconnector,5269,-0.0017444444444444,51.59477777777778,0.0
516,ILD-COPN1,interconnector,5269,-0.0017444444444444,51.59477777777778,0.0
517,ILD-DARE1,interconnector,5269,-0.0017444444444444,51.59477777777778,0.0
518,ILD-DMCC1,interconnector,5269,-0.0017444444444444,51.59477777777778,0.0
519,ILD-DSKC1,interconnector,5269,-0.0017444444444444,51.59477777777778,0.0
520,ILD-DUEN1,interconnector,5269,-0.0017444444444444,51.59477777777778,0.0
521,ILD-DUFE1,interconnector,5269,-0.0017444444444444,51.59477777777778,0.0
522,ILD-DVAL1,interconnector,5269,-0.0017444444444444,51.59477777777778,0.0
523,ILD-EDFT1,interconnector,5269,-0.0017444444444444,51.59477777777778,0.0
524,ILD-EDMK1,interconnector,5269,-0.0017444444444444,51.59477777777778,0.0
525,ILD-ELTR1,interconnector,5269,-0.0017444444444444,51.59477777777778,0.0
526,ILD-ENGM1,interconnector,5269,-0.0017444444444444,51.59477777777778,0.0
527,ILD-ENSC1,interconnector,5269,-0.0017444444444444,51.59477777777778,0.0
528,ILD-ENTC1,interconnector,5269,-0.0017444444444444,51.59477777777778,0.0
529,ILD-EPCO1,interconnector,5269,-0.0017444444444444,51.59477777777778,0.0
530,ILD-GLEN1,interconnector,5269,-0.0017444444444444,51.59477777777778,0.0
531,ILD-HART1,interconnector,5269,-0.0017444444444444,51.59477777777778,0.0
532,ILD-INCM1,interconnector,5269,-0.0017444444444444,51.59477777777778,0.0
533,ILD-MCRA1,interconnector,5269,-0.0017444444444444,51.59477777777778,0.0
534,ILD-MFTE1,interconnector,5269,-0.0017444444444444,51.59477777777778,0.0
535,ILD-NEAS1,interconnector,5269,-0.0017444444444444,51.59477777777778,0.0
536,ILD-NEHO1,interconnector,5269,-0.0017444444444444,51.59477777777778,0.0
537,ILD-NITR1,interconnector,5269,-0.0017444444444444,51.59477777777778,0.0
538,ILD-NORL1,interconnector,5269,-0.0017444444444444,51.59477777777778,0.0
539,ILD-NTPL1,interconnector,5269,-0.0017444444444444,51.59477777777778,0.0
540,ILD-NWAT1,interconnector,5269,-0.0017444444444444,51.59477777777778,0.0
541,ILD-OPMX1,interconnector,5269,-0.0017444444444444,51.59477777777778,0.0
542,ILD-OUTL1,interconnector,5269,-0.0017444444444444,51.59477777777778,0.0
543,ILD-PREP1,interconnector,5269,-0.0017444444444444,51.59477777777778,0.0
544,ILD-PWMR1,interconnector,5269,-0.0017444444444444,51.59477777777778,0.0
545,ILD-QUAR1,interconnector,5269,-0.0017444444444444,51.59477777777778,0.0
546,ILD-RESP1,interconnector,5269,-0.0017444444444444,51.59477777777778,0.0
547,ILD-RISQ1,interconnector,5269,-0.0017444444444444,51.59477777777778,0.0
548,ILD-RWES1,interconnector,5269,-0.0017444444444444,51.59477777777778,0.0
549,ILD-SEFE1,interconnector,5269,-0.0017444444444444,51.59477777777778,0.0
550,ILD-SETL1,interconnector,5269,-0.0017444444444444,51.59477777777778,0.0
551,ILD-TGPL1,interconnector,5269,-0.0017444444444444,51.59477777777778,0.0
552,ILD-TRFD1,interconnector,5269,-0.0017444444444444,51.59477777777778,0.0
553,ILD-TRFG1,interconnector,5269,-0.0017444444444444,51.59477777777778,0.0
554,ILD-TRLS1,interconnector,5269,-0.0017444444444444,51.59477777777778,0.0
555,ILD-VOLT1,interconnector,5269,-0.0017444444444444,51.59477777777778,0.0
556,ILD-VSAL1,interconnector,5269,-0.0017444444444444,51.59477777777778,0.0
557,ILD-VTFS1,interconnector,5269,-0.0017444444444444,51.59477777777778,0.0
558,ILD-XNON1,interconnector,5269,-0.0017444444444444,51.59477777777778,0.0
559,ILG-ARON1,interconnector,5269,-0.0017444444444444,51.59477777777778,0.0
560,ILG-BKWE1,interconnector,5269,-0.0017444444444444,51.59477777777778,0.0
561,ILG-BPGM1,interconnector,5269,-0.0017444444444444,51.59477777777778,0.0
562,ILG-CBST1,interconnector,5269,-0.0017444444444444,51.59477777777778,0.0
563,ILG-CENT1,interconnector,5269,-0.0017444444444444,51.59477777777778,0.0
564,ILG-CETL1,interconnector,5269,-0.0017444444444444,51.59477777777778,0.0
565,ILG-CEZC1,interconnector,5269,-0.0017444444444444,51.59477777777778,0.0
566,ILG-CONS1,interconnector,5269,-0.0017444444444444,51.59477777777778,0.0
567,ILG-COPN1,interconnector,5269,-0.0017444444444444,51.59477777777778,0.0
568,ILG-DARE1,interconnector,5269,-0.0017444444444444,51.59477777777778,0.0
569,ILG-DMCC1,interconnector,5269,-0.0017444444444444,51.59477777777778,0.0
570,ILG-DSKC1,interconnector,5269,-0.0017444444444444,51.59477777777778,0.0
571,ILG-DUEN1,interconnector,5269,-0.0017444444444444,51.59477777777778,0.0
572,ILG-DUFE1,interconnector,5269,-0.0017444444444444,51.59477777777778,0.0
573,ILG-DVAL1,interconnector,5269,-0.0017444444444444,51.59477777777778,0.0
574,ILG-EDFT1,interconnector,5269,-0.0017444444444444,51.59477777777778,0.0
575,ILG-EDMK1,interconnector,5269,-0.0017444444444444,51.59477777777778,0.0
576,ILG-ELTR1,interconnector,5269,-0.0017444444444444,51.59477777777778,0.0
577,ILG-ENGM1,interconnector,5269,-0.0017444444444444,51.59477777777778,0.0
578,ILG-ENSC1,interconnector,5269,-0.0017444444444444,51.59477777777778,0.0
579,ILG-ENTC1,interconnector,5269,-0.0017444444444444,51.59477777777778,0.0
580,ILG-EPCO1,interconnector,5269,-0.0017444444444444,51.59477777777778,0.0
581,ILG-EZCO1,interconnector,5269,-0.0017444444444444,51.59477777777778,0.0
582,ILG-GLEN1,interconnector,5269,-0.0017444444444444,51.59477777777778,0.0
583,ILG-HART1,interconnector,5269,-0.0017444444444444,51.59477777777778,0.0
584,ILG-HELI1,interconnector,5269,-0.0017444444444444,51.59477777777778,0.0
585,ILG-INCM1,interconnector,5269,-0.0017444444444444,51.59477777777778,0.0
586,ILG-MCRA1,interconnector,5269,-0.0017444444444444,51.59477777777778,0.0
587,ILG-MFTE1,interconnector,5269,-0.0017444444444444,51.59477777777778,0.0
588,ILG-NEAS1,interconnector,5269,-0.0017444444444444,51.59477777777778,0.0
589,ILG-NEHO1,interconnector,5269,-0.0017444444444444,51.59477777777778,0.0
590,ILG-NITR1,interconnector,5269,-0.0017444444444444,51.59477777777778,0.0
591,ILG-NORL1,interconnector,5269,-0.0017444444444444,51.59477777777778,0.0
592,ILG-NTPL1,interconnector,5269,-0.0017444444444444,51.59477777777778,0.0
593,ILG-NWAT1,interconnector,5269,-0.0017444444444444,51.59477777777778,0.0
594,ILG-OPMX1,interconnector,5269,-0.0017444444444444,51.59477777777778,0.0
595,ILG-OUTL1,interconnector,5269,-0.0017444444444444,51.59477777777778,0.0
596,ILG-PREP1,interconnector,5269,-0.0017444444444444,51.59477777777778,0.0
597,ILG-PWMR1,interconnector,5269,-0.0017444444444444,51.59477777777778,0.0
598,ILG-QUAR1,interconnector,5269,-0.0017444444444444,51.59477777777778,0.0
599,ILG-RESP1,interconnector,5269,-0.0017444444444444,51.59477777777778,0.0
600,ILG-RISQ1,interconnector,5269,-0.0017444444444444,51.59477777777778,0.0
601,ILG-RWES1,interconnector,5269,-0.0017444444444444,51.59477777777778,0.0
602,ILG-SEFE1,interconnector,5269,-0.0017444444444444,51.59477777777778,0.0
603,ILG-SETL1,interconnector,5269,-0.0017444444444444,51.59477777777778,0.0
604,ILG-TGPL1,interconnector,5269,-0.0017444444444444,51.59477777777778,0.0
605,ILG-TRFD1,interconnector,5269,-0.0017444444444444,51.59477777777778,0.0
606,ILG-TRFG1,interconnector,5269,-0.0017444444444444,51.59477777777778,0.0
607,ILG-TRLS1,interconnector,5269,-0.0017444444444444,51.59477777777778,0.0
608,ILG-VOLT1,interconnector,5269,-0.0017444444444444,51.59477777777778,0.0
609,ILG-VSAL1,interconnector,5269,-0.0017444444444444,51.59477777777778,0.0
610,ILG-VTFS1,interconnector,5269,-0.0017444444444444,51.59477777777778,0.0
611,ILG-XNON1,interconnector,5269,-0.0017444444444444,51.59477777777778,0.0
612,ING-ALIP1,interconnector,4955,0.8645384615384615,51.808076923076925,0.0
613,ING-ALPE1,interconnector,4955,0.8645384615384615,51.808076923076925,0.0
614,ING-ARON1,interconnector,4955,0.8645384615384615,51.808076923076925,0.0
615,ING-AXPO1,interconnector,4955,0.8645384615384615,51.808076923076925,0.0
616,ING-BDEN1,interconnector,4955,0.8645384615384615,51.808076923076925,0.0
617,ING-BKWE1,interconnector,4955,0.8645384615384615,51.808076923076925,0.0
618,ING-BPGM1,interconnector,4955,0.8645384615384615,51.808076923076925,0.0
619,ING-CBST1,interconnector,4955,0.8645384615384615,51.808076923076925,0.0
620,ING-CENT1,interconnector,4955,0.8645384615384615,51.808076923076925,0.0
621,ING-CEZC1,interconnector,4955,0.8645384615384615,51.808076923076925,0.0
622,ING-CNGS1,interconnector,4955,0.8645384615384615,51.808076923076925,0.0
623,ING-CONS1,interconnector,4955,0.8645384615384615,51.808076923076925,0.0
624,ING-CONV1,interconnector,4955,0.8645384615384615,51.808076923076925,0.0
625,ING-COPN1,interconnector,4955,0.8645384615384615,51.808076923076925,0.0
626,ING-DARE1,interconnector,4955,0.8645384615384615,51.808076923076925,0.0
627,ING-DMCC1,interconnector,4955,0.8645384615384615,51.808076923076925,0.0
628,ING-DSKC1,interconnector,4955,0.8645384615384615,51.808076923076925,0.0
629,ING-DUFE1,interconnector,4955,0.8645384615384615,51.808076923076925,0.0
630,ING-DVAL1,interconnector,4955,0.8645384615384615,51.808076923076925,0.0
631,ING-EDFT1,interconnector,4955,0.8645384615384615,51.808076923076925,0.0
632,ING-EDMK1,interconnector,4955,0.8645384615384615,51.808076923076925,0.0
633,ING-ELEE1,interconnector,4955,0.8645384615384615,51.808076923076925,0.0
634,ING-ELTR1,interconnector,4955,0.8645384615384615,51.808076923076925,0.0
635,ING-ENET1,interconnector,4955,0.8645384615384615,51.808076923076925,0.0
636,ING-ENTC1,interconnector,4955,0.8645384615384615,51.808076923076925,0.0
637,ING-EPCO1,interconnector,4955,0.8645384615384615,51.808076923076925,0.0
638,ING-GASE1,interconnector,4955,0.8645384615384615,51.808076923076925,0.0
639,ING-GAZP1,interconnector,4955,0.8645384615384615,51.808076923076925,0.0
640,ING-GLEN1,interconnector,4955,0.8645384615384615,51.808076923076925,0.0
641,ING-HELI1,interconnector,4955,0.8645384615384615,51.808076923076925,0.0
642,ING-IDCE1,interconnector,4955,0.8645384615384615,51.808076923076925,0.0
643,ING-INCM1,interconnector,4955,0.8645384615384615,51.808076923076925,0.0
644,ING-KCST1,interconnector,4955,0.8645384615384615,51.808076923076925,0.0
645,ING-LMUS1,interconnector,4955,0.8645384615384615,51.808076923076925,0.0
646,ING-MCRA1,interconnector,4955,0.8645384615384615,51.808076923076925,0.0
647,ING-MFTE1,interconnector,4955,0.8645384615384615,51.808076923076925,0.0
648,ING-NEAS1,interconnector,4955,0.8645384615384615,51.808076923076925,0.0
649,ING-NEHO1,interconnector,4955,0.8645384615384615,51.808076923076925,0.0
650,ING-NEMO1,interconnector,4955,0.8645384615384615,51.808076923076925,0.0
651,ING-NITR1,interconnector,4955,0.8645384615384615,51.808076923076925,0.0
652,ING-NORL1,interconnector,4955,0.8645384615384615,51.808076923076925,0.0
653,ING-NTPL1,interconnector,4955,0.8645384615384615,51.808076923076925,0.0
654,ING-OMPX1,interconnector,4955,0.8645384615384615,51.808076923076925,0.0
655,ING-OPMX1,interconnector,4955,0.8645384615384615,51.808076923076925,0.0
656,ING-OUTL1,interconnector,4955,0.8645384615384615,51.808076923076925,0.0
657,ING-PWMR1,interconnector,4955,0.8645384615384615,51.808076923076925,0.0
658,ING-QUEN1,interconnector,4955,0.8645384615384615,51.808076923076925,0.0
659,ING-RESP1,interconnector,4955,0.8645384615384615,51.808076923076925,0.0
660,ING-RISQ1,interconnector,4955,0.8645384615384615,51.808076923076925,0.0
661,ING-RWES1,interconnector,4955,0.8645384615384615,51.808076923076925,0.0
662,ING-SETL1,interconnector,4955,0.8645384615384615,51.808076923076925,0.0
663,ING-SSEG1,interconnector,4955,0.8645384615384615,51.808076923076925,0.0
664,ING-STAT1,interconnector,4955,0.8645384615384615,51.808076923076925,0.0
665,ING-TGPL1,interconnector,4955,0.8645384615384615,51.808076923076925,0.0
666,ING-TRFD1,interconnector,4955,0.8645384615384615,51.808076923076925,0.0
667,ING-TRFG1,interconnector,4955,0.8645384615384615,51.808076923076925,0.0
668,ING-TRLS1,interconnector,4955,0.8645384615384615,51.808076923076925,0.0
669,ING-VOLT1,interconnector,4955,0.8645384615384615,51.808076923076925,0.0
670,ING-VSAL1,interconnector,4955,0.8645384615384615,51.808076923076925,0.0
671,ING-VTET1,interconnector,4955,0.8645384615384615,51.808076923076925,0.0
672,ING-XNON1,interconnector,4955,0.8645384615384615,51.808076923076925,0.0
673,ISD-DMCC1,interconnector,5950,-1.521,55.144,0.0
674,ISD-NDPL1,interconnector,5950,-1.521,55.144,0.0
675,ISG-DMCC1,interconnector,5950,-1.521,55.144,0.0
676,ISG-NDPL1,interconnector,5950,-1.521,55.144,0.0
677,IVD-ALIP1,interconnector,7909,-0.221,52.931,0.0
678,IVD-BDEN1,interconnector,7909,-0.221,52.931,0.0
679,IVD-CACM1,interconnector,7909,-0.221,52.931,0.0
680,IVD-COPN1,interconnector,7909,-0.221,52.931,0.0
681,IVD-DSKC1,interconnector,7909,-0.221,52.931,0.0
682,IVD-DVAL1,interconnector,7909,-0.221,52.931,0.0
683,IVD-EDMK1,interconnector,7909,-0.221,52.931,0.0
684,IVD-EENG1,interconnector,7909,-0.221,52.931,0.0
685,IVD-ELTR1,interconnector,7909,-0.221,52.931,0.0
686,IVD-ENSC1,interconnector,7909,-0.221,52.931,0.0
687,IVD-EZCO1,interconnector,7909,-0.221,52.931,0.0
688,IVD-HART1,interconnector,7909,-0.221,52.931,0.0
689,IVD-INCM1,interconnector,7909,-0.221,52.931,0.0
690,IVD-MFTE1,interconnector,7909,-0.221,52.931,0.0
691,IVD-NEAS1,interconnector,7909,-0.221,52.931,0.0
692,IVD-NEHO1,interconnector,7909,-0.221,52.931,0.0
693,IVD-NITR1,interconnector,7909,-0.221,52.931,0.0
694,IVD-NORL1,interconnector,7909,-0.221,52.931,0.0
695,IVD-NTPL1,interconnector,7909,-0.221,52.931,0.0
696,IVD-OPMX1,interconnector,7909,-0.221,52.931,0.0
697,IVD-PWMR1,interconnector,7909,-0.221,52.931,0.0
698,IVD-QUEN1,interconnector,7909,-0.221,52.931,0.0
699,IVD-RESP1,interconnector,7909,-0.221,52.931,0.0
700,IVD-RWES1,interconnector,7909,-0.221,52.931,0.0
701,IVD-TGPL1,interconnector,7909,-0.221,52.931,0.0
702,IVD-TRLS1,interconnector,7909,-0.221,52.931,0.0
703,IVD-VSAL1,interconnector,7909,-0.221,52.931,0.0
704,IVD-VTFS1,interconnector,7909,-0.221,52.931,0.0
705,IVG-ALIP1,interconnector,7909,-0.221,52.931,0.0
706,IVG-BDEN1,interconnector,7909,-0.221,52.931,0.0
707,IVG-CACM1,interconnector,7909,-0.221,52.931,0.0
708,IVG-COPN1,interconnector,7909,-0.221,52.931,0.0
709,IVG-DSKC1,interconnector,7909,-0.221,52.931,0.0
710,IVG-DVAL1,interconnector,7909,-0.221,52.931,0.0
711,IVG-EDMK1,interconnector,7909,-0.221,52.931,0.0
712,IVG-EENG1,interconnector,7909,-0.221,52.931,0.0
713,IVG-ELTR1,interconnector,7909,-0.221,52.931,0.0
714,IVG-ENSC1,interconnector,7909,-0.221,52.931,0.0
715,IVG-EZCO1,interconnector,7909,-0.221,52.931,0.0
716,IVG-HART1,interconnector,7909,-0.221,52.931,0.0
717,IVG-INCM1,interconnector,7909,-0.221,52.931,0.0
718,IVG-MFTE1,interconnector,7909,-0.221,52.931,0.0
719,IVG-NEAS1,interconnector,7909,-0.221,52.931,0.0
720,IVG-NEHO1,interconnector,7909,-0.221,52.931,0.0
721,IVG-NITR1,interconnector,7909,-0.221,52.931,0.0
722,IVG-NORL1,interconnector,7909,-0.221,52.931,0.0
723,IVG-NTPL1,interconnector,7909,-0.221,52.931,0.0
724,IVG-OPMX1,interconnector,7909,-0.221,52.931,0.0
725,IVG-PWMR1,interconnector,7909,-0.221,52.931,0.0
726,IVG-QUEN1,interconnector,7909,-0.221,52.931,0.0
727,IVG-RESP1,interconnector,7909,-0.221,52.931,0.0
728,IVG-RWES1,interconnector,7909,-0.221,52.931,0.0
729,IVG-TGPL1,interconnector,7909,-0.221,52.931,0.0
730,IVG-TRLS1,interconnector,7909,-0.221,52.931,0.0
731,IVG-VSAL1,interconnector,7909,-0.221,52.931,0.0
732,IVG-VTFS1,interconnector,7909,-0.221,52.931,0.0
733,CAS-BEU01,cascade,6438,-4.552586,57.444705,0.0
734,CAS-CLU01,cascade,6460,-3.778355,56.716948,0.0
735,CAS-CON01,cascade,6437,-4.830066,57.619203,0.0
736,CAS-GAR01,cascade,6437,-5.289194,57.066143,0.0
737,CAS-KIL01,cascade,8019,-4.307751,56.470679,0.0
738,CAS-MOR01,cascade,6437,-4.962463,57.144936,0.0
739,SLOY-1,hydro,6454,-4.735107,56.200593,0.0
740,SLOY-4,hydro,6454,-4.735107,56.200593,0.0
741,RHAMD-1,load,6029,-1.319,53.452,0.0
742,ACHRW-1,onwind,8520,-2.492993,55.923317,0.0
743,AFTOW-1,onwind,5905,-4.165,55.312,0.0
744,AKGLW-2,onwind,5893,-4.713441,54.970896,0.0
745,AKGLW-3,onwind,5893,-4.713441,54.970896,152.5
746,ANSUW-1,onwind,5899,-4.63623,55.14121,152.5
747,ARCHW-1,onwind,5893,-4.825652,55.222814,0.0
748,BEINW-1,onwind,6438,-4.42749,58.077876,42.6
749,BHLAW-1,onwind,5914,-4.033976,55.117955,50.0
750,BLKWW-1,onwind,5915,-3.482666,55.590763,0.0
751,BOWLW-1,offwind,5896,-5.537109,55.683779,0.0
752,BURWS-1,solar,4950,0.302,52.283,19.3
753,BUSTB-1,battery,6011,-2.02,52.549,120.0
754,CARR-1,fossil,5980,-2.504883,53.455349,588.0
755,CARR-2,fossil,5980,-2.504883,53.455349,588.0
756,CDCL-1,fossil,6045,-0.86792,53.219191,588.0
757,CGTHW-1,onwind,6440,-4.359638,57.190085,108.8
758,CNQPS-1,fossil,5939,-3.080651,53.231871,108.0
759,CNQPS-2,fossil,5939,-3.080651,53.231871,52.9
760,CNQPS-3,fossil,5939,-3.080651,53.231871,188.0
761,CNQPS-4,fossil,5939,-3.080651,53.231871,188.0
762,COUWW-1,onwind,5896,-5.484929,55.680679,90.0
763,COWB-1,battery,5234,-1.189058,51.709925,348.0
764,CREAW-1,onwind,6438,-4.504,58.21,49.8
765,CRGHW-1,onwind,6454,-4.790039,56.389584,49.9
766,CRMLW-1,onwind,6437,-4.838531,57.694245,884.0
767,CRUA-1,PHS,5931,-3.966064,53.080827,884.0
768,CRUA-2,PHS,5931,-3.966064,53.080827,0.0
769,CRUA-3,PHS,5931,-3.966064,53.080827,445.0
770,CRUA-4,PHS,5931,-3.966064,53.080827,69.5
771,CRYRW-2,onwind,6490,-2.39502,55.893796,1380.0
772,CRYRW-3,onwind,6490,-2.39502,55.893796,1380.0
773,CUMHW-1,onwind,5911,-3.991,55.567,1380.0
774,DALQW-1,onwind,5911,-3.89,55.585,1380.0
775,DAMC-1,fossil,4969,0.549316,51.460852,0.0
776,DIDCB5,fossil,5249,-1.26757,51.62363,20.5
777,DIDCB6,fossil,5249,-1.26757,51.62363,52.0
778,DINO-1,PHS,5931,-3.977051,53.008173,72.6
779,DINO-6,PHS,5931,-3.977051,53.008173,46.0
780,DNLWW-1,onwind,5943,-2.296143,55.776573,54.4
781,DOREW-1,onwind,6447,-2.795,57.448,440.0
782,DOREW-2,onwind,6447,-2.795,57.448,440.0
783,DOUGW-1,onwind,5911,-3.888,55.593,440.0
784,DRAXX-1,biomass,8021,-0.626221,53.748711,440.0
785,DRAXX-2,biomass,8021,-0.626221,53.748711,200.5
786,DRAXX-3,biomass,8021,-0.626221,53.748711,200.5
787,DRAXX-4,biomass,8021,-0.626221,53.748711,126.0
788,DRAXX-5,biomass,8021,-0.626221,53.748711,42.0
789,DRAXX-6,biomass,8021,-0.626221,53.748711,0.0
790,DRSLW-1,onwind,5905,-4.484173,55.311291,1200.0
791,EECL-1,fossil,7286,-0.022763,51.662337,1200.0
792,ERRO-1,hydro,6460,-3.790283,56.734649,1200.0
793,ERRO-2,hydro,6460,-3.790283,56.734649,1200.0
794,ERRO-3,hydro,6460,-3.790283,56.734649,1200.0
795,EWHLW-1,onwind,5920,-3.205105,55.228662,402.0
796,FALGW-1,onwind,7471,-2.768555,55.936895,402.0
797,FAARW-1,onwind,6440,-4.094167,57.325,402.0
798,FAARW-2,onwind,6440,-4.094167,57.325,402.0
799,FASN-1,hydro,6437,-4.793703,57.325887,1440.0
800,FASN2,hydro,6437,-4.793703,57.325887,1440.0
801,FFES-1,PHS,6440,-4.361572,57.237449,1764.0
802,FFES-3,PHS,6440,-4.361572,57.237449,1764.0
803,FFES-4,PHS,6440,-4.361572,57.237449,1120.0
804,FINL-1,hydro,6468,-3.614502,56.279961,1120.0
805,FOYE-1,PHS,6452,-5.393722,56.34286,1120.0
806,FOYE-2,PHS,6452,-5.393722,56.34286,29.8
807,FOYED-1,PHS,6438,-4.4835277777778,57.262111111111,177.0
808,GLNDO-1,hydro,6437,-5.174561,57.15412,177.0
809,GLNKW-1,onwind,6440,-4.241,57.25,45.0
810,GLWSW-1,onwind,5911,-3.921928,55.534273,3960.0
811,GNAPW-1,onwind,5893,-5.026858,55.021378,3960.0
812,GORDW-1,onwind,6441,-3.834229,58.066256,3960.0
813,GORDW-2,onwind,6441,-3.834229,58.066256,3960.0
814,GRAI1G,fossil,4972,0.70805555555556,51.443055555556,3960.0
815,GRAI4G,fossil,4972,0.70805555555556,51.443055555556,3960.0
816,GRIFW-1,onwind,8020,-3.394775,56.529199,69.0
817,GRIFW-2,onwind,8020,-3.394775,56.529199,714.0
818,GRMO-1,fossil,6482,-3.032227,55.930741,714.0
819,HALSW-1,onwind,6443,-3.425,58.456,408.0
820,HEYM11,nuclear,5201,-3.317871,51.138001,75.0
821,HEYM12,nuclear,5201,-3.317871,51.138001,75.0
822,HEYM2D-1,nuclear,5924,-2.91504,54.0273,75.0
823,HEYM27,nuclear,5201,-3.317871,51.138001,51.0
824,HEYM28,nuclear,5201,-3.317871,51.138001,144.0
825,HRSTW-1,onwind,5917,-3.636475,55.229023,92.0
826,HRTL-1,nuclear,5924,-2.916111111,54.02888889,92.0
827,HRTL-2,nuclear,5924,-2.916111111,54.02888889,69.0
828,HUMR-1,fossil,5981,-2.405816,53.165426,69.0
829,HUNBD-1,nuclear,5896,-4.89009,55.7221,360.0
830,INDQ-1,fossil,4969,0.602702,51.418947,360.0
831,KEAD-1,fossil,6038,-0.494385,53.585984,360.0
832,KEAD-2,fossil,7946,-0.7522,53.5952,16.5
833,KEADGT-3,fossil,6038,-0.494385,53.585984,300.0
834,KENNW-1,onwind,5911,-3.916,55.49,300.0
835,KILBW-1,onwind,6441,-4.0564,58.0395,300.0
836,KILLPG-1,fossil,6041,-0.25511,53.65952,353.0
837,KILLPG-2,fossil,6041,-0.25511,53.65952,353.0
838,KLGLW-1,onwind,5893,-4.76528,55.05,353.0
839,KPMRW-1,onwind,5907,-4.069,55.679,353.0
840,KTHLW-1,onwind,7471,-2.825456,55.817272,100.0
841,KYPEW-1,onwind,5907,-4.063,55.629,48.5
842,LAGA-1,fossil,5209,-3.966064,50.492463,66.0
843,LARKS-1,solar,5225,-2.477369,51.57851,22.0
844,LBAR-1,fossil,7454,-0.230713,52.22107,172.0
845,LBAR-1G,fossil,7454,-0.230713,52.22107,172.0
846,LCLTW-1,onwind,6438,-4.559326,57.73935,109.75
847,MEDP-1,fossil,4974,0.889893,51.378638,109.75
848,MIDMW-1,onwind,5914,-3.776,55.495,1378.0
849,MILWW-1,onwind,6437,-4.866943,57.219608,1378.0
850,MKHLW-1,onwind,5893,-4.822998,55.160043,1378.0
851,MRWD-1,fossil,5253,-1.351318,50.903033,1378.0
852,NANT-1,hydro,6452,-5.251465,56.163906,1378.0
853,PEHE-1,fossil,6485,-1.867676,57.527622,156.4
854,PEHE-2,fossil,6485,-1.867676,57.527622,156.4
855,PEHED-1,fossil,6485,-1.78888,57.4772,0.0
856,PEMB-11,fossil,5183,-4.996378,51.684368,576.0
857,PEMB-21,fossil,5183,-4.996378,51.684368,576.0
858,PEMB-31,fossil,5183,-4.996378,51.684368,576.0
859,PEMB-41,fossil,5183,-4.996378,51.684368,576.0
860,PEMB-51,fossil,5183,-4.996378,51.684368,34.0
861,RATS-1,fossil,6049,-1.219482,52.855864,1150.0
862,RATS-2,fossil,6049,-1.219482,52.855864,1150.0
863,RATS-3,fossil,6049,-1.219482,52.855864,1250.0
864,RATS-4,fossil,6049,-1.219482,52.855864,1250.0
865,RATSGT-2,fossil,6049,-1.219482,52.855864,1250.0
866,RATSGT-4,fossil,6049,-1.219482,52.855864,1250.0
867,ROCK-1,fossil,5974,-2.592773,53.330873,1250.0
868,RYHPS-1,fossil,5243,-0.285645,51.815407,1250.0
869,SAKNW-1,onwind,5914,-4.025,55.346,219.0
870,SANQW-1,onwind,5914,-4.023363,55.322673,219.0
871,SCCL-1,fossil,6037,-0.131836,53.833081,1218.0
872,SCCL-2,fossil,6037,-0.131836,53.833081,1218.0
873,SCCL-3,fossil,6037,-0.131836,53.833081,1218.0
874,SEAB-1,fossil,5224,-2.614746,51.481383,1386.0
875,SEAB-2,fossil,5224,-2.614746,51.481383,1386.0
876,SEEL-1,fossil,6053,-0.1321,52.8078,1386.0
877,SIZB-1,nuclear,5943,-2.054443,55.813629,136.0
878,SIZB-2,nuclear,5943,-2.054443,55.813629,1185.0
879,SLOY-2,hydro,6454,-4.735107,56.200593,1185.0
880,SLOY-3,hydro,6454,-4.735107,56.200593,1180.0
881,SPLN-1,fossil,6053,-0.252686,52.816043,965.0
882,STAY-1,fossil,6047,-0.98877,53.041213,140.0
883,STAY-2,fossil,6047,-0.98877,53.041213,735.0
884,STAY-3,fossil,6047,-0.98877,53.041213,893.0
885,STAY-4,fossil,6047,-0.98877,53.041213,735.0
886,STLGW-1,onwind,6460,-4.056,57.081,62.0
887,STLGW-2,onwind,6460,-4.056,57.081,67.5
888,STLGW-3,onwind,6460,-4.056,57.081,600.0
889,STRNW-1,onwind,6441,-3.89086,58.385271,600.0
890,SUTB-1,fossil,5888,0.098877,52.62306,239.0
891,SVRP-10,fossil,5188,-3.065186,51.740636,88.4
892,SVRP-20,fossil,5188,-3.065186,51.740636,4.5
893,TDBNW-1,onwind,7471,-2.81,55.77,88.4
894,TORN-1,nuclear,5923,-4.405518,53.370221,885.0
895,TORN-2,nuclear,5923,-4.405518,53.370221,49.9
896,TORND-1,nuclear,6490,-2.40908,55.968,630.0
897,TRLGW-1,onwind,5893,-4.81,55.23,630.0
898,TSREP-1,fossil,5964,-1.12042,54.5768,630.0
899,TWSHW-1,onwind,5914,-3.9185,55.3142,630.0
900,WBURB-1,fossil,6033,-0.53833,53.363665,0.0
901,WBURB-2,fossil,6033,-0.53833,53.363665,0.0
902,WBURB-3,fossil,6033,-0.53833,53.363665,51.0
903,WBURB-41,battery,6033,-0.538,53.364,270.0
904,WBURB-43,battery,6033,-0.538,53.364,270.0
905,WDRGW-1,onwind,5905,-4.306,55.244,735.0
906,WHIHW-1,onwind,5914,-4.02,55.32,51.0
907,WHLWB-1,battery,8037,-4.17331,55.6954,65.0
908,WILCT-1,fossil,5964,-1.1185,54.5894,56.0
909,WISHB-1,battery,8035,-3.93867,55.76927,950.0
910,WISTW-2,onwind,6486,-2.374558,56.844014,950.0
911,WYLF-1,nuclear,4960,0.241667,51.465278,950.0
912,WYLF-2,nuclear,4960,0.241667,51.465278,840.0
913,WYLF-3,nuclear,4960,0.241667,51.465278,15.0
914,WYLF-4,nuclear,4960,0.241667,51.465278,1180.0
915,AG-CBS06B,battery,6008,-1.37484,53.22386,1180.0
916,AG-HEL00G,battery,5970,-2.643,53.787,1180.0
917,AG-HEL0DN,battery,6473,-3.204,56.166,2181.0
918,AG-HEL0CP,battery,6473,-2.995,56.324,2181.0
919,COVNB-1,battery,5223,-1.508,52.409,2181.0
920,PINFB-2,battery,5940,-2.9435833333333,53.265694444444,2181.0
921,PINFB-1,battery,5940,-2.9435833333333,53.265694444444,2181.0
922,ARNKB-1,battery,6011,-2.0,52.61,2116.0
923,PINFB-4,battery,5940,-2.9435833333333,53.265694444444,2116.0
924,FARNB-1,battery,5251,-0.791,51.21,2116.0
925,NURSB-1,battery,5230,-1.484869,50.942355,2116.0
926,FFSE01,battery,5953,-1.473,55.016,2116.0
927,POTES-1,battery,5953,-1.455827,54.977384,2116.0
928,KEMB-1,battery,4970,0.737,51.364,573.0
929,AG-ZEN03J,battery,4969,0.477,51.302,573.0
930,PNYCB-1,battery,5192,-3.564,51.709,400.0
931,NFSE02,battery,8489,-3.588,55.907,400.0
932,AG-GEDF02,battery,8838,-2.254,53.197,0.0
933,AG-GEDF01,battery,8838,-2.254,53.197,174.0
934,ZEN02A,battery,4955,0.591,52.07,174.0
935,DINO-5,PHS,5931,-3.977051,53.008173,715.0
936,AG-LLIM02,battery,5204,-3.157186,51.018497,86.4
937,DINO-4,PHS,5931,-3.977051,53.008173,31.05
938,PINFB-3,battery,5940,-2.9435833333333,53.265694444444,1200.0
939,FFES-2,PHS,6440,-4.361572,57.237449,1200.0
940,ARBRB-1,battery,6462,-2.619634,56.56497,1200.0
941,DINO-3,PHS,5931,-3.977051,53.008173,1140.0
942,AG-ASTK05,battery,4950,0.126,52.197,1140.0
943,AG-LLIM01,battery,5224,-2.652,51.516,950.0
944,DOLLB-1,battery,4968,0.56,51.6,0.0
945,CUPAB-1,battery,6473,-3.013,56.316,0.0
946,AG-MSTK01,battery,6035,-0.405,53.791,1075.0
947,AG-JSTK02,battery,5262,-0.334,51.231,1075.0
948,AG-HSTK02,battery,5226,-1.962,51.615,1075.0
949,AG-HSTK01,battery,5226,-1.962,51.615,1075.0
950,HAWKB-1,battery,5229,-2.208174,51.013772,1075.0
951,DINO-2,PHS,5931,-3.977051,53.008173,1365.0
952,CLDNW-1,onwind,5919,-3.35083,55.310391,1365.0
953,CLDSW-1,onwind,5919,-3.35083,55.310391,317.0
954,DUNGW-1,onwind,6440,-4.255802,57.25148,317.0
955,HADHW-1,onwind,5899,-4.702148,55.247815,1198.0
956,CLDCW-1,onwind,5919,-3.35083,55.310391,1198.0
957,CLDRW-1,onwind,6448,-2.922363,57.308724,152.5
958,EDINW-1,onwind,6452,-6.229248,57.279043,152.5
959,FSDLW-1,onwind,5896,-5.479859,55.780803,950.0
960,MYGPW-1,onwind,5917,-3.514802,55.248768,1850.0
961,PNYCW-1,onwind,8290,-3.561358,51.710658,1850.0
962,SOKYW-1,onwind,5905,-4.2,55.317,1850.0
963,BABAW-1,onwind,5925,-3.283333,53.983333,1850.0
964,BRNLW-1,onwind,5926,-3.19582,53.487739,0.0
965,BURBW-1,offwind,5926,-3.273,53.484,228.0
966,HYWDW-1,offwind,6485,-1.35,57.483,228.0
967,KINCW-1,offwind,6487,-1.8596,57.0046,228.0
968,BEATO-1,offwind,6443,-3.07,58.13,67.7
969,BEATO-3,offwind,6443,-3.07,58.13,0.0
970,BEATO-4,offwind,6443,-3.07,58.13,832.0
971,BLLA-1,offwind,5951,-1.401,55.131,832.0
972,BLLA-2,offwind,5951,-1.401,55.131,27.6
973,BRBEO-1,offwind,5926,-3.273,53.484,857.0
974,COSO-1,fossil,4972,0.834961,51.542919,857.0
975,DBAWO-1,offwind,5889,1.9301,54.7489,1190.0
976,DBAWO-2,offwind,5889,1.9301,54.7489,1190.0
977,DBAWO-3,offwind,5889,1.9301,54.7489,1190.0
978,DBAWO-4,offwind,5889,1.9301,54.7489,18.8
979,DBAWO-5,offwind,5889,1.9301,54.7489,0.0
980,DDGNO-1,offwind,5889,1.39,53.249,37.8
981,DDGNO-2,offwind,5889,1.39,53.249,1332.0
982,DDGNO-3,offwind,5889,1.39,53.249,1332.0
983,DDGNO-4,offwind,5889,1.39,53.249,1332.0
984,DNGBD-1,nuclear,4979,0.95976,50.9134,49.0
985,DNGB21,nuclear,5963,-1.098633,54.686534,49.0
986,DNGB22,nuclear,5963,-1.098633,54.686534,389.0
987,EAAO-1,offwind,4980,2.3,52.66,389.0
988,EAAO-2,offwind,4980,2.3,52.66,43.0
989,GAOFO-1,offwind,4980,2.035,51.893,27.0
990,GAOFO-3,offwind,4980,2.035,51.893,539.0
991,GAOFO-2,offwind,4980,2.035,51.893,539.0
992,GAOFO-4,offwind,4980,2.035,51.893,50.0
993,GNFSW-1,offwind,4956,1.174444,51.739444,0.0
994,GNFSW-2,offwind,4956,1.174444,51.739444,50.0
995,GRAI-6,fossil,4972,0.703125,51.47454,90.0
996,GRAI-7,fossil,4972,0.703125,51.47454,1026.2
997,GRAI-8,fossil,4972,0.703125,51.47454,1026.2
998,GYMRO-15,offwind,5932,-3.584,53.459,1026.2
999,GYMRO-17,offwind,5932,-3.584,53.459,1026.2
1000,GYMRO-26,offwind,5932,-3.584,53.459,210.0
1001,GYMRO-28,offwind,5932,-3.584,53.459,1190.0
1002,HINB-7,nuclear,5898,-4.822998,55.646599,1190.0
1003,HINB-8,nuclear,5898,-4.822998,55.646599,1190.0
1004,HINBD-1,nuclear,5202,-3.1280887,51.2088898,1190.0
1005,HMGTO-1,offwind,6043,0.293,53.644,20.0
1006,HMGTO-2,offwind,6043,0.293,53.644,49.0
1007,HOWAO-1,offwind,5889,1.791,53.885,50.0
1008,HOWAO-2,offwind,5889,1.791,53.885,50.0
1009,HOWAO-3,offwind,5889,1.791,53.885,50.0
1010,HOWBO-1,offwind,5889,1.5518,53.91,100.0
1011,HOWBO-2,offwind,5889,1.5518,53.91,100.0
1012,HOWBO-3,offwind,5889,1.5518,53.91,41.0
1013,LARYO-1,offwind,4975,1.362305,51.645294,100.0
1014,LARYO-2,offwind,4975,1.362305,51.645294,20.0
1015,LARYO-3,offwind,4975,1.362305,51.645294,50.0
1016,LARYO-4,offwind,4975,1.362305,51.645294,25.0
1017,LNCSO-1,offwind,5888,0.527344,53.265213,35.0
1018,LNCSO-2,offwind,5888,0.527344,53.265213,50.0
1019,MOWEO-1,offwind,6447,-2.69852,58.16708,29.0
1020,MOWEO-2,offwind,6447,-2.69852,58.16708,22.0
1021,MOWEO-3,offwind,6447,-2.69852,58.16708,30.0
1022,RCBKO-1,offwind,5888,0.841,53.276,20.0
1023,RCBKO-2,offwind,5888,0.841,53.276,20.0
1024,RMPNO-1,offwind,5273,-0.27,50.67,20.0
1025,RMPNO-2,offwind,5273,-0.27,50.67,1764.0
1026,RREW-1,offwind,5919,-3.716667,54.75,30.0
1027,RRWW-1,offwind,5919,-3.716667,54.75,1764.0
1028,SGRWO-2,offwind,6487,-1.741,56.588,100.0
1029,SGRWO-3,offwind,6487,-1.741,56.588,360.0
1030,SGRWO-4,offwind,6487,-1.741,56.588,588.0
1031,SGRWO-5,offwind,6487,-1.741,56.588,35.0
1032,SGRWO-6,offwind,6487,-1.741,56.588,1764.0
1033,SHBA-1,fossil,6043,-0.131836,53.618579,50.0
1034,SHBA-2,fossil,6043,-0.131836,53.618579,32.0
1035,SHRSO-1,offwind,5889,1.147,53.135,100.0
1036,SHRSO-2,offwind,5889,1.147,53.135,50.0
1037,TKNEW-1,offwind,5889,0.9,53.4,50.0
1038,TKNWW-1,offwind,5889,0.9,53.4,6.0
1039,WDNSO-1,offwind,5932,-3.768311,53.923751,100.0
1040,WDNSO-2,offwind,5932,-3.768311,53.923751,100.0
1041,WHILW-1,onwind,5925,-3.463,53.983,20.0
1042,WHILW-2,onwind,5925,-3.463,53.983,1764.0
1043,WLNYO-2,offwind,5925,-3.522,54.044,300.0
1044,WLNYO-3,offwind,5925,-3.522,54.044,300.0
1045,WLNYO-4,offwind,5925,-3.522,54.044,522.0
1046,WLNYW-1,offwind,5925,-3.522,54.044,522.0
1047,WTMSO-1,offwind,6037,0.681152,53.943155,94.0
1048,BEATO-2,offwind,6443,-3.07,58.13,504.0
1049,THNTO-2,offwind,4975,1.461182,51.385495,504.0
1050,THNTO-1,offwind,4975,1.461182,51.385495,504.0
1051,GRGBW-1,offwind,4980,1.713867,52.066,117.3
1052,GRGBW-2,offwind,4980,1.713867,52.066,1075.0
1053,GRGBW-3,offwind,4980,1.713867,52.066,522.0
1054,SGRWO-1,offwind,6487,-1.741,56.588,36.9
1055,ABRBO-1,offwind,6487,-1.98333,57.2167,96.8
1056,OMNDO-1,offwind,5925,-3.4,54.1,41.4
1057,RSCRB-1,demand_flex,distributed,distributed,distributed,22.5
1058,CASKD-1,demand_flex,distributed,distributed,distributed,25.0
1059,SFGSD-1,demand_flex,distributed,distributed,distributed,150.0
1060,SFGSD-2,demand_flex,distributed,distributed,distributed,228.0
1061,SFERD-1,demand_flex,distributed,distributed,distributed,240.0
1062,EAS-SEL01,demand_flex,distributed,distributed,distributed,0.0
1063,SEE-PGU01,demand_flex,distributed,distributed,distributed,0.0
1064,YEP-ATL01,demand_flex,distributed,distributed,distributed,0.0
1065,YEP-PGU01,demand_flex,distributed,distributed,distributed,0.0
