SETTLEMENT_DATE,SETTLEMENT_PERIOD,ND,TSD,ENGLAND_WALES_DEMAND,EMBEDDED_WIND_GENERATION,EMBEDDED_WIND_CAPACITY,EMBEDDED_SOLAR_GENERATION,EMBEDDED_SOLAR_CAPACITY,NON_BM_STOR,PUMP_STORAGE_PUMPING,IFA_FLOW,IFA2_FLOW,BRITNED_FLOW,MOYLE_FLOW,EAST_WEST_FLOW,NEMO_FLOW,NSL_FLOW,ELECLINK_FLOW,VIKING_FLOW,GREENLINK_FLOW
14-DEC-2021,1,25818,27668,23793,1249,6527,0,13999,0,294,-361,-595,1060,323,67,949,693,0,0,0
14-DEC-2021,2,26112,28005,24179,1282,6527,0,13999,0,382,-340,-571,1062,292,220,950,693,0,0,0
14-DEC-2021,3,25664,27930,23823,1377,6527,0,13999,0,1313,-154,-199,1062,388,356,998,693,0,0,0
14-DEC-2021,4,25086,27465,23310,1504,6527,0,13999,0,1442,-148,-189,1062,402,330,999,693,0,0,0
14-DEC-2021,5,24419,27879,22742,1581,6527,0,13999,0,1488,-628,-744,1061,402,442,999,693,0,0,0
14-DEC-2021,6,24132,27782,22531,1667,6527,0,13999,0,1610,-654,-786,1062,402,393,999,693,0,0,0
14-DEC-2021,7,23592,27671,22051,1722,6527,0,13999,0,1608,-965,-906,990,394,438,741,693,0,0,0
14-DEC-2021,8,23071,27114,21617,1785,6527,0,13999,0,1549,-980,-914,987,315,316,728,693,0,0,0
14-DEC-2021,9,22853,26881,21417,1866,6527,0,13999,0,1519,-976,-933,900,393,269,290,693,0,0,0
14-DEC-2021,10,22794,26772,21440,1964,6527,0,13999,0,1467,-975,-936,896,372,239,268,693,0,0,0
14-DEC-2021,11,23639,27679,22256,2007,6527,0,13999,0,1213,-1024,-1020,805,402,375,-183,693,0,0,0
14-DEC-2021,12,24647,28832,23205,2066,6527,0,13999,0,1358,-1015,-1010,802,402,355,-202,693,0,0,0
14-DEC-2021,13,27412,30024,25781,2046,6527,0,13999,0,942,-246,-419,765,402,470,-405,693,0,0,0
14-DEC-2021,14,30079,32431,28249,2046,6527,0,13999,0,771,-194,-375,765,386,504,-412,693,0,0,0
14-DEC-2021,15,33444,35217,31341,2166,6527,0,13999,0,274,-279,-246,711,326,449,-374,693,0,0,0
14-DEC-2021,16,35490,36993,33262,2300,6527,0,13999,0,6,-283,-241,709,326,500,-373,693,0,0,0
14-DEC-2021,17,36794,38229,34372,2212,6527,1,13999,0,2,-265,-379,529,326,504,-189,693,0,0,0
14-DEC-2021,18,37198,38632,34755,2141,6527,70,13999,0,2,-264,-387,522,326,504,-181,693,0,0,0
14-DEC-2021,19,37487,38902,35030,2253,6527,251,13999,0,5,-465,-345,392,326,504,210,693,0,0,0
14-DEC-2021,20,37444,38873,34957,2364,6527,582,13999,0,6,-476,-347,387,326,472,226,693,0,0,0
14-DEC-2021,21,37431,38912,34950,2485,6527,930,13999,0,7,-361,-513,206,326,380,229,693,0,0,0
14-DEC-2021,22,37228,38708,34691,2583,6527,1084,13999,0,7,-355,-518,201,326,343,229,693,0,0,0
14-DEC-2021,23,37144,38323,34559,2669,6527,1269,13999,0,8,-278,-293,584,321,292,286,693,0,0,0
14-DEC-2021,24,37037,38200,34479,2765,6527,1268,13999,0,11,-274,-278,602,321,346,288,693,0,0,0
14-DEC-2021,25,37324,38510,34717,2761,6527,1200,13999,0,10,-298,-278,966,321,391,72,693,0,0,0
14-DEC-2021,26,37327,38528,34674,2778,6527,1143,13999,0,11,-299,-291,980,321,375,65,693,0,0,0
14-DEC-2021,27,37310,39303,34630,2827,6527,924,13999,0,10,-607,-776,957,321,409,357,693,0,0,0
14-DEC-2021,28,36877,38916,34262,2882,6527,871,13999,0,8,-620,-811,957,291,492,368,693,0,0,0
14-DEC-2021,29,36947,38983,34329,2838,6527,621,13999,0,9,-837,-590,918,321,504,85,693,0,0,0
14-DEC-2021,30,36940,38400,34381,2802,6527,215,13999,0,11,-845,-4,916,321,504,75,693,0,0,0
14-DEC-2021,31,37215,38330,34667,2751,6527,48,13999,0,11,-500,-4,854,346,504,45,693,0,0,0
14-DEC-2021,32,38410,39511,35793,2721,6527,1,13999,0,11,-486,-4,844,349,504,47,693,0,0,0
14-DEC-2021,33,40084,41061,37275,2774,6527,0,13999,0,11,-362,-4,238,350,504,515,693,0,0,0
14-DEC-2021,34,41357,42328,38418,2836,6527,0,13999,0,10,-357,-4,204,350,494,536,693,0,0,0
14-DEC-2021,35,41878,42831,38884,2785,6527,0,13999,0,13,-336,-4,289,333,374,662,693,0,0,0
14-DEC-2021,36,41748,42713,38748,2768,6527,0,13999,0,16,-335,-14,292,294,268,667,693,0,0,0
14-DEC-2021,37,41066,42554,38162,2751,6527,0,13999,0,16,-416,-456,310,349,368,911,693,0,0,0
14-DEC-2021,38,40112,41642,37243,2749,6527,0,13999,0,11,-419,-500,311,349,298,920,693,0,0,0
14-DEC-2021,39,38949,40332,36219,2790,6527,0,13999,0,10,-582,-191,261,349,309,910,693,0,0,0
14-DEC-2021,40,37742,39124,35148,2852,6527,0,13999,0,9,-590,-183,261,349,393,909,693,0,0,0
14-DEC-2021,41,36324,38607,33822,2852,6527,0,13999,0,7,-1002,-674,656,336,499,881,693,0,0,0
14-DEC-2021,42,34866,37203,32481,2861,6527,0,13999,0,10,-1020,-707,675,336,504,880,693,0,0,0
14-DEC-2021,43,33111,35435,30820,2701,6527,0,13999,0,6,-1019,-699,990,336,493,722,693,0,0,0
14-DEC-2021,44,31267,33602,29085,2544,6527,0,13999,0,9,-1019,-707,1004,336,407,717,693,0,0,0
14-DEC-2021,45,29333,31961,27255,2571,6527,0,13999,0,11,-1019,-998,1003,336,491,582,693,0,0,0
14-DEC-2021,46,27577,30223,25600,2616,6527,0,13999,0,11,-1019,-1016,1003,336,473,579,693,0,0,0
14-DEC-2021,47,25717,28291,23910,2642,6527,0,13999,0,17,-1000,-957,1050,375,476,975,693,0,0,0
14-DEC-2021,48,24400,27501,22679,2684,6527,0,14001,0,547,-999,-955,1052,387,389,991,693,0,0,0
15-DEC-2021,1,24182,27358,22474,2704,6527,0,14001,0,527,-1026,-1023,1051,387,479,999,693,0,0,0
15-DEC-2021,2,24578,27853,22908,2731,6527,0,14001,0,620,-1027,-1028,1051,387,504,999,693,0,0,0
15-DEC-2021,3,24179,27556,22569,2693,6527,0,14001,0,722,-1027,-1028,1051,387,503,916,693,0,0,0
15-DEC-2021,4,23435,27090,21913,2656,6527,0,14001,0,1000,-1027,-1028,1052,387,432,912,693,0,0,0
15-DEC-2021,5,22804,26621,21309,2640,6527,0,14001,0,1163,-1027,-1027,1052,387,466,970,693,0,0,0
15-DEC-2021,6,22427,26196,20904,2644,6527,0,14001,0,1114,-1027,-1028,1052,386,421,967,693,0,0,0
15-DEC-2021,7,22168,25978,20655,2699,6527,0,14001,0,1155,-1027,-1028,1051,372,440,444,693,0,0,0
15-DEC-2021,8,21804,25616,20288,2778,6527,0,14001,0,1157,-1027,-1028,1052,372,300,419,693,0,0,0
15-DEC-2021,9,21687,25317,20198,2702,6527,0,14001,0,975,-1027,-1028,912,372,292,73,693,0,0,0
15-DEC-2021,10,21938,25635,20494,2655,6527,0,14001,0,1042,-1027,-1028,906,372,349,60,693,0,0,0
15-DEC-2021,11,22494,26213,21077,2626,6527,0,14001,0,997,-1027,-1027,685,372,481,-68,693,0,0,0
15-DEC-2021,12,23728,27061,22176,2623,6527,0,14001,0,605,-1027,-1028,676,372,504,-73,693,0,0,0
15-DEC-2021,13,26515,29617,24751,2614,6527,0,14001,0,135,-1027,-1027,798,372,504,-313,693,0,0,0
15-DEC-2021,14,29292,32281,27281,2604,6527,0,14001,0,13,-1027,-1027,755,372,492,-322,693,0,0,0
15-DEC-2021,15,32405,35654,30075,2568,6527,0,14001,0,7,-1028,-1027,108,375,369,-587,693,0,0,0
15-DEC-2021,16,34077,37325,31555,2536,6527,0,14001,0,8,-1028,-1028,103,335,224,-584,693,0,0,0
15-DEC-2021,17,35574,38243,32875,2455,6527,0,14001,0,13,-1028,-1028,495,386,124,125,693,0,0,0
15-DEC-2021,18,35589,38258,32909,2384,6527,83,14001,0,14,-1028,-1027,545,387,129,164,693,0,0,0
15-DEC-2021,19,36346,39011,33624,2439,6527,407,14001,0,9,-1028,-1028,650,386,17,310,693,0,0,0
15-DEC-2021,20,36363,39029,33557,2517,6527,797,14001,0,9,-1029,-1028,654,304,0,315,693,0,0,0
15-DEC-2021,21,36065,38730,33197,2472,6527,1253,14001,0,8,-1029,-1028,418,234,0,162,693,0,0,0
15-DEC-2021,22,36063,38733,33235,2447,6527,1506,14001,0,13,-1029,-1028,408,169,0,157,693,0,0,0
15-DEC-2021,23,36099,38764,33336,2473,6527,1536,14001,0,9,-1028,-1028,391,214,63,118,693,0,0,0
15-DEC-2021,24,36253,38916,33329,2508,6527,1720,14001,0,9,-1028,-1026,390,359,147,117,693,0,0,0
15-DEC-2021,25,36501,38841,33491,2365,6527,1565,14001,0,9,-765,-966,172,402,253,390,693,0,0,0
15-DEC-2021,26,36439,38766,33342,2233,6527,1236,14001,0,9,-755,-963,163,402,156,401,693,0,0,0
15-DEC-2021,27,36510,39100,33382,2123,6527,1052,14001,0,9,-981,-1000,104,402,228,471,693,0,0,0
15-DEC-2021,28,36367,38938,33258,2037,6527,845,14001,0,8,-989,-974,103,402,191,475,693,0,0,0
15-DEC-2021,29,37104,38726,33994,1920,6527,533,14001,0,5,-979,-25,193,402,287,879,693,0,0,0
15-DEC-2021,30,37266,38841,34105,1849,6527,301,14001,0,9,-966,42,197,402,320,897,693,0,0,0
15-DEC-2021,31,37512,38367,34316,1740,6527,74,14001,0,12,-243,47,2,360,242,815,693,0,0,0
15-DEC-2021,32,38476,39271,35174,1666,6527,2,14001,0,13,-182,56,0,235,355,811,693,0,0,0
15-DEC-2021,33,40688,41296,37159,1565,6527,0,14001,0,8,665,354,253,153,300,971,693,0,0,0
15-DEC-2021,34,41670,42278,37958,1511,6527,0,14001,0,8,721,384,275,97,185,977,693,0,0,0
15-DEC-2021,35,41463,42076,37618,1419,6527,0,14001,0,13,855,736,356,14,104,1017,693,0,0,0
15-DEC-2021,36,41407,42015,37618,1355,6527,0,14001,0,8,860,754,360,14,104,1019,693,0,0,0
15-DEC-2021,37,41029,41637,37342,1250,6527,0,14001,0,8,786,535,653,14,170,1019,693,0,0,0
15-DEC-2021,38,40641,41248,37038,1186,6527,0,14001,0,7,782,510,667,14,252,1019,693,0,0,0
15-DEC-2021,39,39321,39934,35825,1141,6527,0,14001,0,13,483,166,1036,14,321,1019,693,0,0,0
15-DEC-2021,40,38304,38912,34822,1143,6527,0,14001,0,8,470,146,1052,14,413,1019,693,0,0,0
15-DEC-2021,41,37453,38060,34098,1135,6527,0,14001,0,7,333,272,1052,84,285,1019,693,0,0,0
15-DEC-2021,42,35973,36579,32730,1167,6527,0,14001,0,6,327,271,1052,216,137,1019,693,0,0,0
15-DEC-2021,43,34425,35140,31302,1063,6527,0,14001,0,6,109,-109,1052,272,121,1000,693,0,0,0
15-DEC-2021,44,32591,33333,29701,997,6527,0,14001,0,9,98,-133,1045,344,23,999,693,0,0,0
15-DEC-2021,45,30843,31694,28157,972,6527,0,14001,0,12,-193,-46,1053,400,92,866,693,0,0,0
15-DEC-2021,46,28936,29834,26309,988,6527,0,14001,0,16,-217,-65,1052,402,9,861,693,0,0,0
15-DEC-2021,47,26984,29743,24403,977,6527,0,14001,0,261,-933,-965,976,402,56,887,693,0,0,0
15-DEC-2021,48,25827,29221,23340,1002,6527,0,14002,0,790,-977,-1027,973,402,12,888,693,0,0,0
16-DEC-2021,1,25536,29319,23111,979,6527,0,14002,0,1129,-1026,-1028,932,402,32,888,693,0,0,0
16-DEC-2021,2,25703,29191,23313,991,6527,0,14002,0,838,-1024,-1026,931,402,170,888,693,0,0,0
16-DEC-2021,3,25686,28839,23337,967,6527,0,14002,0,1142,-460,-951,1048,389,130,991,693,0,0,0
16-DEC-2021,4,25142,28284,23050,970,6527,0,14002,0,1170,-428,-944,1052,294,10,994,693,0,0,0
16-DEC-2021,5,24641,27711,22585,908,6527,0,14002,0,1218,-356,-896,1051,381,42,949,693,0,0,0
16-DEC-2021,6,24398,27416,22358,871,6527,0,14002,0,1178,-352,-888,1052,403,63,947,693,0,0,0
16-DEC-2021,7,23975,27081,21925,798,6527,0,14002,0,1320,-468,-718,1041,403,157,899,693,0,0,0
16-DEC-2021,8,23445,26650,21416,751,6527,0,14002,0,1424,-473,-708,1041,403,66,892,693,0,0,0
16-DEC-2021,9,23431,26755,21438,744,6527,0,14002,0,1169,-766,-789,1027,403,136,350,693,0,0,0
16-DEC-2021,10,23362,26786,21401,757,6527,0,14002,0,1243,-781,-800,889,403,125,290,693,0,0,0
16-DEC-2021,11,24016,28099,22023,716,6527,0,14002,0,625,-1017,-1013,-96,403,79,-732,693,0,0,0
16-DEC-2021,12,25571,29951,23506,714,6527,0,14002,0,814,-1029,-1027,-104,403,150,-806,693,0,0,0
16-DEC-2021,13,28198,32610,25949,656,6527,0,14002,0,191,-1029,-1027,-578,403,34,-987,693,0,0,0
16-DEC-2021,14,30786,35106,28341,636,6527,0,14002,0,72,-1029,-1027,-605,389,48,-987,693,0,0,0
16-DEC-2021,15,34059,36963,31259,670,6527,0,14002,0,15,-818,-1028,-3,294,196,-440,693,0,0,0
16-DEC-2021,16,35781,38619,32764,729,6527,0,14002,0,13,-805,-1012,0,374,341,-408,693,0,0,0
16-DEC-2021,17,37069,38434,33899,734,6527,0,14002,0,11,-314,-440,0,353,346,201,693,0,0,0
16-DEC-2021,18,37377,38665,34216,770,6527,35,14002,0,9,-284,-395,0,285,470,233,693,0,0,0
16-DEC-2021,19,38212,39025,35061,741,6527,207,14002,0,11,178,-202,97,203,504,625,693,0,0,0
16-DEC-2021,20,38187,38987,35075,738,6527,490,14002,0,11,206,-189,103,202,481,640,693,0,0,0
16-DEC-2021,21,38527,39210,35372,728,6527,747,14002,0,8,-75,120,128,202,471,579,693,0,0,0
16-DEC-2021,22,38467,39162,35320,754,6527,944,14002,0,7,-88,177,130,203,353,577,693,0,0,0
16-DEC-2021,23,37807,38589,34684,762,6527,1159,14002,0,11,-171,8,177,202,282,623,693,0,0,0
16-DEC-2021,24,37991,38768,34826,818,6527,1180,14002,0,11,-166,9,179,173,272,625,693,0,0,0
16-DEC-2021,25,38534,39145,35355,775,6527,1182,14002,0,11,441,472,222,94,286,938,693,0,0,0
16-DEC-2021,26,38604,39214,35355,757,6527,1091,14002,0,10,477,516,223,95,421,950,693,0,0,0
16-DEC-2021,27,38469,39079,35292,726,6527,1035,14002,0,10,980,961,328,37,385,997,693,0,0,0
16-DEC-2021,28,38467,39077,35249,725,6527,967,14002,0,10,1003,991,332,48,479,999,693,0,0,0
16-DEC-2021,29,38327,38938,35099,710,6527,657,14002,0,11,961,991,380,49,440,999,693,0,0,0
16-DEC-2021,30,37925,38536,34724,725,6527,282,14002,0,11,959,991,382,46,386,999,693,0,0,0
16-DEC-2021,31,38059,38673,34837,736,6527,72,14002,0,14,1003,991,556,14,306,999,693,0,0,0
16-DEC-2021,32,38533,39138,35243,779,6527,2,14002,0,5,1005,991,567,14,236,999,693,0,0,0
16-DEC-2021,33,40584,41190,37104,742,6527,0,14002,0,6,1005,991,1031,14,153,1018,693,0,0,0
16-DEC-2021,34,41746,42346,38140,724,6527,0,14002,0,0,1005,991,1052,14,84,1019,693,0,0,0
16-DEC-2021,35,41811,42411,38160,658,6527,0,14002,0,0,1005,991,1051,14,0,1019,693,0,0,0
16-DEC-2021,36,41923,42523,38297,623,6527,0,14002,0,0,1005,991,1051,14,0,1019,693,0,0,0
16-DEC-2021,37,41629,42229,38063,611,6527,0,14002,0,0,1005,991,1052,14,0,1019,693,0,0,0
16-DEC-2021,38,41397,41997,37859,619,6527,0,14002,0,0,1005,991,1048,14,0,1019,692,0,0,0
16-DEC-2021,39,40177,40780,36704,613,6527,0,14002,0,3,1005,991,631,83,67,1019,693,0,0,0
16-DEC-2021,40,39293,39903,35887,643,6527,0,14002,0,10,1005,991,598,152,153,1019,693,0,0,0
16-DEC-2021,41,38030,38646,34738,616,6527,0,14002,0,16,1006,991,116,220,221,1019,693,0,0,0
16-DEC-2021,42,36920,37535,33751,611,6527,0,14002,0,15,1005,985,119,302,303,1019,693,0,0,0
16-DEC-2021,43,35581,36194,32551,600,6527,0,14002,0,13,758,758,887,342,295,964,693,0,0,0
16-DEC-2021,44,33676,34289,30829,601,6527,0,14002,0,13,690,730,953,273,156,961,693,0,0,0
16-DEC-2021,45,31828,32998,29095,585,6527,0,14002,0,11,-559,288,1049,350,21,980,693,0,0,0
16-DEC-2021,46,30069,31354,27451,600,6527,0,14002,0,11,-674,230,1052,249,0,980,693,0,0,0
16-DEC-2021,47,28133,30155,25621,539,6527,0,14002,0,18,-698,-706,1038,100,0,817,693,0,0,0
16-DEC-2021,48,26906,29203,24483,504,6527,0,14003,0,230,-699,-768,1038,24,0,811,693,0,0,0
17-DEC-2021,1,26487,29304,24122,515,6527,0,14003,0,1016,-615,-586,1051,148,0,983,693,0,0,0
17-DEC-2021,2,26892,29859,24565,542,6527,0,14003,0,1188,-611,-568,1051,302,0,989,693,0,0,0
17-DEC-2021,3,26502,29355,24206,556,6527,0,14003,0,1561,-329,-363,1051,305,0,999,693,0,0,0
17-DEC-2021,4,25770,28614,23540,583,6527,0,14003,0,1578,-318,-348,1052,228,0,999,693,0,0,0
17-DEC-2021,5,25119,27746,22941,559,6527,0,14003,0,1587,-147,-293,1052,228,0,879,693,0,0,0
17-DEC-2021,6,24744,27365,22577,547,6527,0,14003,0,1584,-141,-296,1052,235,0,874,693,0,0,0
17-DEC-2021,7,24284,27230,22107,539,6527,0,14003,0,1563,-262,-516,1051,129,-5,947,693,0,0,0
17-DEC-2021,8,24010,27035,21837,549,6527,0,14003,0,1557,-268,-543,1052,29,-57,948,693,0,0,0
17-DEC-2021,9,23781,27330,21647,534,6527,0,14003,0,1305,-676,-968,980,148,11,535,693,0,0,0
17-DEC-2021,10,23882,27449,21739,541,6527,0,14003,0,1276,-694,-997,954,302,0,485,693,0,0,0
17-DEC-2021,11,24569,28204,22355,501,6527,0,14003,0,485,-1016,-1025,147,384,81,-509,693,0,0,0
17-DEC-2021,12,25784,29102,23430,477,6527,0,14003,0,83,-1028,-1027,103,291,218,-580,693,0,0,0
17-DEC-2021,13,28539,32207,25931,471,6527,0,14003,0,17,-1029,-1026,-150,380,368,-846,693,0,0,0
17-DEC-2021,14,30921,34526,28076,481,6527,0,14003,0,14,-1017,-1012,-159,402,475,-803,693,0,0,0
17-DEC-2021,15,34107,35537,30951,446,6527,0,14003,0,14,-312,-504,185,378,388,375,693,0,0,0
17-DEC-2021,16,35736,37010,32353,428,6527,0,14003,0,12,-235,-427,198,354,463,476,693,0,0,0
17-DEC-2021,17,37486,38098,33907,417,6527,1,14003,0,12,824,665,129,295,392,943,693,0,0,0
17-DEC-2021,18,38115,38727,34502,426,6527,81,14003,0,12,903,755,127,295,474,964,693,0,0,0
17-DEC-2021,19,38216,38828,34546,432,6527,360,14003,0,12,807,854,227,295,389,854,693,0,0,0
17-DEC-2021,20,38588,39197,34903,453,6527,701,14003,0,9,804,861,230,295,362,850,693,0,0,0
17-DEC-2021,21,38882,39494,35188,451,6527,1020,14003,0,12,998,892,182,295,452,994,693,0,0,0
17-DEC-2021,22,38630,39242,34927,473,6527,1312,14003,0,12,1005,893,180,344,373,999,693,0,0,0
17-DEC-2021,23,38373,38985,34643,475,6527,1497,14003,0,12,834,838,181,403,481,715,693,0,0,0
17-DEC-2021,24,38201,38811,34473,497,6527,1522,14003,0,10,828,837,181,403,504,704,693,0,0,0
17-DEC-2021,25,38769,39380,35040,492,6527,1514,14003,0,11,999,945,279,403,504,988,693,0,0,0
17-DEC-2021,26,38594,39204,34859,499,6527,1458,14003,0,10,1005,953,281,403,504,999,693,0,0,0
17-DEC-2021,27,38379,38986,34655,470,6527,1331,14003,0,7,1005,989,304,403,504,999,693,0,0,0
17-DEC-2021,28,38138,38745,34438,450,6527,1035,14003,0,7,1005,989,305,403,504,999,693,0,0,0
17-DEC-2021,29,38272,38879,34600,459,6527,657,14003,0,7,1005,901,282,403,504,999,693,0,0,0
17-DEC-2021,30,38223,38834,34562,483,6527,312,14003,0,11,1005,898,282,403,504,999,693,0,0,0
17-DEC-2021,31,38335,38947,34666,480,6527,88,14003,0,12,927,985,468,403,504,999,693,0,0,0
17-DEC-2021,32,39149,39760,35417,498,6527,4,14003,0,11,924,991,508,403,504,999,693,0,0,0
17-DEC-2021,33,40857,41460,36963,532,6527,0,14003,0,3,1001,991,1050,403,504,1018,693,0,0,0
17-DEC-2021,34,41671,42272,37651,592,6527,0,14003,0,1,1004,991,1052,334,504,1019,693,0,0,0
17-DEC-2021,35,41981,42582,37896,590,6527,0,14003,0,1,1004,990,1051,253,504,1019,693,0,0,0
17-DEC-2021,36,41796,42397,37754,607,6527,0,14003,0,1,1004,990,1052,253,504,1020,693,0,0,0
17-DEC-2021,37,41614,42214,37674,629,6527,0,14003,0,0,1004,991,503,253,504,1019,693,0,0,0
17-DEC-2021,38,40852,41453,37012,667,6527,0,14003,0,1,1004,991,409,253,504,1019,693,0,0,0
17-DEC-2021,39,39590,40202,35851,667,6527,0,14003,0,12,1005,991,382,320,504,1019,693,0,0,0
17-DEC-2021,40,38260,38873,34608,692,6527,0,14003,0,13,1005,988,380,402,504,1019,693,0,0,0
17-DEC-2021,41,37007,37619,33447,688,6527,0,14003,0,12,995,855,363,402,486,1019,693,0,0,0
17-DEC-2021,42,35744,36355,32349,697,6527,0,14003,0,11,992,843,440,402,376,1019,693,0,0,0
17-DEC-2021,43,34258,34868,31006,671,6527,0,14003,0,10,570,747,1051,402,406,991,693,0,0,0
17-DEC-2021,44,32978,33586,29826,678,6527,0,14003,0,8,526,731,1051,378,277,989,693,0,0,0
17-DEC-2021,45,31156,32228,28182,718,6527,0,14003,0,7,-465,365,1052,257,128,930,693,0,0,0
17-DEC-2021,46,29503,30586,26642,779,6527,0,14003,0,7,-476,352,1045,289,9,928,693,0,0,0
17-DEC-2021,47,27932,28538,25169,823,6527,0,14003,0,6,851,806,1052,269,0,997,693,0,0,0
17-DEC-2021,48,26842,27449,24163,881,6527,0,14003,0,7,975,837,1051,123,0,999,693,0,0,0
18-DEC-2021,1,26337,26948,23739,850,6527,0,14003,0,11,999,840,1052,27,0,999,693,0,0,0
18-DEC-2021,2,26776,27395,24231,831,6527,0,14003,0,19,1000,844,1051,144,0,999,693,0,0,0
18-DEC-2021,3,26216,27636,23709,826,6527,0,14003,0,820,1000,982,1051,274,57,999,693,0,0,0
18-DEC-2021,4,25509,27338,23078,837,6527,0,14003,0,1229,1001,983,1052,207,11,999,693,0,0,0
18-DEC-2021,5,24765,26730,22373,835,6527,0,14003,0,1365,943,667,1052,299,0,999,693,0,0,0
18-DEC-2021,6,24276,26369,21874,844,6527,0,14003,0,1493,941,645,1052,326,0,999,693,0,0,0
18-DEC-2021,7,23904,26052,21482,782,6527,0,14003,0,1548,912,674,1052,388,0,999,693,0,0,0
18-DEC-2021,8,23523,25659,21111,734,6527,0,14003,0,1536,911,668,1051,294,0,999,693,0,0,0
18-DEC-2021,9,23213,25291,20841,743,6527,0,14003,0,1478,725,387,1052,380,0,999,693,0,0,0
18-DEC-2021,10,23126,25244,20748,764,6527,0,14003,0,1518,719,365,1052,339,0,999,693,0,0,0
18-DEC-2021,11,23314,25323,20899,758,6527,0,14003,0,1409,503,275,1051,391,0,999,693,0,0,0
18-DEC-2021,12,23878,25814,21399,766,6527,0,14003,0,1336,495,261,1050,396,0,999,692,0,0,0
18-DEC-2021,13,25213,26210,22608,754,6527,0,14003,0,358,535,-39,953,319,0,965,692,0,0,0
18-DEC-2021,14,26283,26946,23593,761,6527,0,14003,0,8,532,-55,948,395,29,961,692,0,0,0
18-DEC-2021,15,27931,28539,25079,751,6527,0,14003,0,8,46,89,1002,403,15,555,693,0,0,0
18-DEC-2021,16,29210,29818,26247,759,6527,0,14003,0,8,26,113,1003,388,145,538,693,0,0,0
18-DEC-2021,17,31045,31653,27919,780,6527,0,14003,0,8,456,630,917,293,296,621,693,0,0,0
18-DEC-2021,18,32344,32951,29132,834,6527,34,14003,0,7,473,670,913,380,422,625,693,0,0,0
18-DEC-2021,19,33623,34232,30277,800,6527,204,14003,0,9,740,837,1002,402,329,946,693,0,0,0
18-DEC-2021,20,34282,34889,30861,788,6527,455,14003,0,7,750,847,1003,402,288,958,693,0,0,0
18-DEC-2021,21,34621,35231,31123,771,6527,712,14003,0,10,705,825,1051,402,294,877,693,0,0,0
18-DEC-2021,22,34775,35386,31263,766,6527,927,14003,0,11,704,827,1052,402,320,874,693,0,0,0
18-DEC-2021,23,35520,36125,31981,759,6527,1076,14003,0,5,946,981,1052,402,445,995,693,0,0,0
18-DEC-2021,24,35754,36366,32189,767,6527,1166,14003,0,12,956,987,1052,402,504,999,693,0,0,0
18-DEC-2021,25,35664,36276,32077,740,6527,1239,14003,0,12,723,828,1052,402,490,857,693,0,0,0
18-DEC-2021,26,35469,36081,31882,730,6527,1229,14003,0,12,714,819,1051,402,475,851,693,0,0,0
18-DEC-2021,27,35539,36150,31990,727,6527,1144,14003,0,11,655,889,1052,402,439,994,693,0,0,0
18-DEC-2021,28,35354,35966,31849,737,6527,1008,14003,0,12,652,894,1052,393,291,999,693,0,0,0
18-DEC-2021,29,35370,35978,31916,729,6527,780,14003,0,8,299,872,1051,313,158,999,693,0,0,0
18-DEC-2021,30,35441,36052,31968,735,6527,460,14003,0,11,287,873,1053,394,210,999,693,0,0,0
18-DEC-2021,31,36003,36616,32472,706,6527,149,14003,0,13,706,984,1052,367,122,999,693,0,0,0
18-DEC-2021,32,36600,37219,33025,702,6527,9,14003,0,19,724,989,1052,402,221,999,692,0,0,0
18-DEC-2021,33,37665,38269,33973,656,6527,0,14003,0,4,802,900,1051,402,362,1018,693,0,0,0
18-DEC-2021,34,39116,39717,35285,630,6527,0,14003,0,1,804,897,1052,402,485,1019,693,0,0,0
18-DEC-2021,35,40096,40697,36148,611,6527,0,14003,0,1,998,986,1052,402,402,1019,693,0,0,0
18-DEC-2021,36,40204,40805,36259,614,6527,0,14003,0,1,1006,992,1051,402,360,1019,693,0,0,0
18-DEC-2021,37,39676,40281,35787,580,6527,0,14003,0,5,967,992,1053,401,439,1019,693,0,0,0
18-DEC-2021,38,38532,39138,34720,559,6527,0,14003,0,6,965,990,1053,333,329,1019,693,0,0,0
18-DEC-2021,39,37213,37825,33494,569,6527,0,14003,0,12,819,937,1051,394,384,1020,693,0,0,0
18-DEC-2021,40,35973,36586,32335,600,6527,0,14003,0,13,814,925,1051,331,288,1019,693,0,0,0
18-DEC-2021,41,35404,36012,31839,556,6527,0,14003,0,8,741,640,1027,380,334,1019,693,0,0,0
18-DEC-2021,42,34109,34721,30688,525,6527,0,14003,0,12,738,626,1027,289,231,1019,692,0,0,0
18-DEC-2021,43,32921,33529,29594,492,6527,0,14003,0,8,597,818,1051,379,304,1000,693,0,0,0
18-DEC-2021,44,31902,32510,28690,479,6527,0,14003,0,8,592,824,1051,394,341,999,693,0,0,0
18-DEC-2021,45,30501,31109,27425,465,6527,0,14003,0,8,693,592,686,277,194,1000,693,0,0,0
18-DEC-2021,46,29235,29842,26226,465,6527,0,14003,0,7,697,566,642,154,45,999,693,0,0,0
18-DEC-2021,47,27641,28248,24745,437,6527,0,14003,0,7,589,202,548,60,0,997,693,0,0,0
18-DEC-2021,48,26529,27137,23741,419,6527,0,14003,0,8,585,182,555,153,0,996,693,0,0,0
19-DEC-2021,1,26336,26943,23606,382,6527,0,14003,0,7,645,376,839,88,0,845,693,0,0,0
19-DEC-2021,2,26622,27236,23956,359,6527,0,14003,0,14,647,385,841,172,0,839,693,0,0,0
19-DEC-2021,3,26296,27373,23692,346,6527,0,14003,0,477,565,274,910,285,18,994,693,0,0,0
19-DEC-2021,4,25586,26778,23073,351,6527,0,14003,0,592,562,263,911,185,0,999,693,0,0,0
19-DEC-2021,5,24925,26583,22470,345,6527,0,14003,0,1058,451,139,821,202,0,999,693,0,0,0
19-DEC-2021,6,24509,26256,22043,336,6527,0,14003,0,1147,443,133,817,80,0,999,693,0,0,0
19-DEC-2021,7,24290,26076,21797,336,6527,0,14003,0,1146,-40,191,925,48,0,999,693,0,0,0
19-DEC-2021,8,23806,25713,21322,335,6527,0,14003,0,1214,-63,186,931,-30,0,999,693,0,0,0
19-DEC-2021,9,23485,25598,21002,338,6527,0,14003,0,965,-371,-158,985,-19,0,837,693,0,0,0
19-DEC-2021,10,23201,25600,20728,341,6527,0,14003,0,1206,-384,-190,986,-19,0,831,693,0,0,0
19-DEC-2021,11,23396,25996,20912,347,6527,0,14003,0,886,-597,-517,917,83,12,913,693,0,0,0
19-DEC-2021,12,23624,26206,21111,352,6527,0,14003,0,839,-605,-538,913,209,0,916,693,0,0,0
19-DEC-2021,13,24511,27058,21935,344,6527,0,14003,0,828,-633,-486,1041,127,0,996,693,0,0,0
19-DEC-2021,14,25391,27882,22770,335,6527,0,14003,0,781,-634,-476,1043,189,0,999,693,0,0,0
19-DEC-2021,15,26658,28454,23921,336,6527,0,14003,0,146,-776,-274,1052,136,0,999,693,0,0,0
19-DEC-2021,16,27632,29273,24795,359,6527,0,14003,0,8,-776,-257,1053,171,0,999,693,0,0,0
19-DEC-2021,17,29353,30320,26376,365,6527,2,14003,0,8,-239,-120,1052,306,0,999,693,0,0,0
19-DEC-2021,18,31028,31952,27944,392,6527,70,14003,0,8,-207,-109,1051,273,1,999,693,0,0,0
19-DEC-2021,19,32810,33442,29582,393,6527,272,14003,0,8,363,-24,1047,378,63,999,693,0,0,0
19-DEC-2021,20,33871,34482,30518,415,6527,515,14003,0,8,391,-3,1046,402,5,999,693,0,0,0
19-DEC-2021,21,34787,35395,31293,405,6527,776,14003,0,8,648,494,1046,402,35,999,693,0,0,0
19-DEC-2021,22,35293,35901,31726,407,6527,1046,14003,0,8,659,537,1047,402,19,999,693,0,0,0
19-DEC-2021,23,35742,36350,32118,409,6527,1181,14003,0,8,921,835,1051,337,87,909,693,0,0,0
19-DEC-2021,24,36093,36701,32425,425,6527,1252,14003,0,8,931,854,1051,318,94,905,693,0,0,0
19-DEC-2021,25,36562,37170,32852,426,6527,1194,14003,0,8,955,776,1052,311,103,996,693,0,0,0
19-DEC-2021,26,36828,37436,33099,449,6527,1161,14003,0,8,956,774,1052,184,149,999,693,0,0,0
19-DEC-2021,27,36862,37470,33168,454,6527,1026,14003,0,8,984,906,1051,92,21,943,693,0,0,0
19-DEC-2021,28,36897,37606,33225,484,6527,873,14003,0,6,985,911,1051,-51,-52,940,693,0,0,0
19-DEC-2021,29,36977,37597,33338,504,6527,633,14003,0,11,933,780,1052,69,-9,698,693,0,0,0
19-DEC-2021,30,37352,37960,33716,554,6527,310,14003,0,8,929,763,1067,25,0,689,693,0,0,0
19-DEC-2021,31,37805,38413,34120,555,6527,79,14003,0,8,523,470,1051,62,0,768,693,0,0,0
19-DEC-2021,32,38444,39053,34732,586,6527,5,14003,0,9,507,459,1051,215,0,771,693,0,0,0
19-DEC-2021,33,40301,40909,36471,615,6527,0,14003,0,8,900,775,1052,267,0,1010,693,0,0,0
19-DEC-2021,34,41417,42026,37484,668,6527,0,14003,0,9,916,801,1055,334,0,1019,693,0,0,0
19-DEC-2021,35,41878,42483,37843,643,6527,0,14003,0,5,706,979,1052,226,0,1019,693,0,0,0
19-DEC-2021,36,41442,42049,37474,646,6527,0,14003,0,7,697,975,1052,229,0,1019,693,0,0,0
19-DEC-2021,37,40358,40966,36520,673,6527,0,14003,0,8,346,378,1051,358,0,1019,693,0,0,0
19-DEC-2021,38,39667,40281,35891,726,6527,0,14003,0,14,330,334,1051,332,10,1019,693,0,0,0
19-DEC-2021,39,38356,39023,34671,727,6527,0,14003,0,14,-53,225,1052,287,65,857,693,0,0,0
19-DEC-2021,40,37303,37978,33700,746,6527,0,14003,0,8,-67,215,1051,160,0,851,693,0,0,0
19-DEC-2021,41,36245,36853,32716,716,6527,0,14003,0,8,329,140,957,214,69,785,693,0,0,0
19-DEC-2021,42,34823,35431,31449,708,6527,0,14003,0,8,346,129,952,98,83,782,693,0,0,0
19-DEC-2021,43,33605,34342,30369,722,6527,0,14003,0,7,209,-77,1050,-53,0,978,693,0,0,0
19-DEC-2021,44,32208,33133,29098,752,6527,0,14003,0,7,179,-106,1051,-186,-26,984,693,0,0,0
19-DEC-2021,45,30628,32753,27639,732,6527,0,14003,0,7,-725,-622,1052,-171,0,951,693,0,0,0
19-DEC-2021,46,29041,31402,26194,738,6527,0,14003,0,8,-783,-658,1051,-300,-12,937,693,0,0,0
19-DEC-2021,47,27286,29232,24599,723,6527,0,14003,0,12,-340,-680,528,-314,36,230,693,0,0,0
19-DEC-2021,48,26087,27914,23516,723,6527,0,14004,0,65,-321,-678,442,-163,8,191,693,0,0,0
20-DEC-2021,1,25807,28008,23298,719,6527,0,14004,0,733,-357,-511,829,0,0,336,693,0,0,0
20-DEC-2021,2,26246,28552,23770,736,6527,0,14004,0,852,-358,-496,876,107,0,345,693,0,0,0
20-DEC-2021,3,26043,28366,23599,742,6527,0,14004,0,1337,-43,-343,1005,201,0,813,693,0,0,0
20-DEC-2021,4,25513,27842,23111,765,6527,0,14004,0,1401,1,-328,1007,81,0,833,693,0,0,0
20-DEC-2021,5,25015,27149,22651,713,6527,0,14004,0,1382,1,-152,1029,57,0,936,693,0,0,0
20-DEC-2021,6,24720,26845,22331,687,6527,0,14004,0,1381,1,-144,1029,105,0,938,692,0,0,0
20-DEC-2021,7,24355,26640,21950,695,6527,0,14004,0,1374,1,-311,796,217,0,609,693,0,0,0
20-DEC-2021,8,23906,26197,21510,720,6527,0,14004,0,1364,1,-327,776,123,0,595,692,0,0,0
20-DEC-2021,9,23830,26315,21450,678,6527,0,14004,0,1356,-4,-525,850,152,0,458,693,0,0,0
20-DEC-2021,10,24088,26749,21694,656,6527,0,14004,0,1420,-91,-550,856,149,0,453,692,0,0,0
20-DEC-2021,11,24853,27850,22387,648,6527,0,14004,0,890,-512,-995,1052,278,1,330,693,0,0,0
20-DEC-2021,12,25949,28586,23365,648,6527,0,14004,0,499,-513,-1025,1039,255,91,321,675,0,0,0
20-DEC-2021,13,28362,30698,25550,708,6527,0,14004,0,30,-512,-1025,266,369,244,-169,454,0,0,0
20-DEC-2021,14,30565,32902,27550,791,6527,0,14004,0,8,-513,-1025,209,384,287,-191,428,0,0,0
20-DEC-2021,15,33142,35290,29871,816,6527,0,14004,0,8,-513,-1027,391,271,172,109,447,0,0,0
20-DEC-2021,16,35000,37139,31513,848,6527,0,14004,0,8,-513,-1018,405,352,281,131,452,0,0,0
20-DEC-2021,17,37238,38997,33528,842,6527,0,14004,0,8,-479,-672,841,402,431,801,486,0,0,0
20-DEC-2021,18,38691,40418,34910,851,6527,26,14004,0,5,-477,-645,892,402,504,836,494,0,0,0
20-DEC-2021,19,39727,41284,35909,778,6527,125,14004,0,9,-404,-544,1041,402,488,982,556,0,0,0
20-DEC-2021,20,40073,41624,36195,722,6527,255,14004,0,12,-402,-537,1051,402,502,987,570,0,0,0
20-DEC-2021,21,40046,41487,36134,735,6527,380,14004,0,15,-284,-542,1052,402,469,975,647,0,0,0
20-DEC-2021,22,40059,41487,36135,774,6527,489,14004,0,14,-280,-529,1051,402,403,974,659,0,0,0
20-DEC-2021,23,40709,41684,36760,737,6527,538,14004,0,12,-249,-59,1052,402,466,772,689,0,0,0
20-DEC-2021,24,40704,41663,36723,714,6527,555,14004,0,16,-248,-39,1052,401,504,765,692,0,0,0
20-DEC-2021,25,40642,41906,36640,716,6527,517,14004,0,13,-100,-493,1052,378,460,605,692,0,0,0
20-DEC-2021,26,40690,41964,36703,749,6527,470,14004,0,12,-91,-515,1052,377,446,599,691,0,0,0
20-DEC-2021,27,40960,41859,36956,657,6527,398,14004,0,14,401,-228,1059,362,440,598,670,0,0,0
20-DEC-2021,28,41127,41997,37130,594,6527,287,14004,0,12,431,-201,1052,362,481,598,662,0,0,0
20-DEC-2021,29,41510,42179,37540,611,6527,181,14004,0,12,502,51,1005,395,392,592,590,0,0,0
20-DEC-2021,30,41306,41955,37323,646,6527,88,14004,0,12,499,65,1004,396,461,591,582,0,0,0
20-DEC-2021,31,41604,42323,37602,614,6527,15,14004,0,6,-36,-46,1054,352,383,661,601,0,0,0
20-DEC-2021,32,41397,42143,37328,602,6527,0,14004,0,3,-65,-47,1032,284,465,664,609,0,0,0
20-DEC-2021,33,42486,43120,38363,603,6527,0,14004,0,3,194,242,1009,202,391,913,683,0,0,0
20-DEC-2021,34,42936,43570,38730,625,6527,0,14004,0,0,211,273,1011,188,437,922,693,0,0,0
20-DEC-2021,35,43648,44275,39402,627,6527,0,14004,0,0,496,677,1055,131,329,1016,693,0,0,0
20-DEC-2021,36,43362,43988,39171,650,6527,0,14004,0,1,503,695,1051,131,395,1019,693,0,0,0
20-DEC-2021,37,42922,43548,38865,667,6527,0,14004,0,1,503,365,1052,182,391,994,693,0,0,0
20-DEC-2021,38,42451,43078,38448,695,6527,0,14004,0,2,503,349,1052,201,351,992,682,0,0,0
20-DEC-2021,39,41480,42121,37556,692,6527,0,14004,0,11,166,580,1052,270,426,1006,551,0,0,0
20-DEC-2021,40,40367,41011,36565,696,6527,0,14004,0,12,148,585,1053,343,323,1006,541,0,0,0
20-DEC-2021,41,39151,39766,35396,670,6527,0,14004,0,14,143,165,1051,384,364,1019,612,0,0,0
20-DEC-2021,42,37785,38400,34191,663,6527,0,14004,0,15,142,130,1052,328,245,1019,625,0,0,0
20-DEC-2021,43,36393,37186,32934,646,6527,0,14004,0,12,-71,-110,1050,395,96,953,685,0,0,0
20-DEC-2021,44,34631,35462,31328,640,6527,0,14004,0,8,-83,-140,1050,338,7,950,692,0,0,0
20-DEC-2021,45,32644,34362,29477,625,6527,0,14004,0,5,-489,-624,1052,397,60,855,693,0,0,0
20-DEC-2021,46,30986,32832,27931,619,6527,0,14004,0,10,-507,-665,1052,402,-64,852,693,0,0,0
20-DEC-2021,47,29020,31742,26120,610,6527,0,14004,0,494,-463,-956,1052,334,-209,704,693,0,0,0
20-DEC-2021,48,27639,30442,24869,614,6527,0,14005,0,607,-462,-975,1052,185,-159,698,693,0,0,0
